744	1
19309	2
18425	3
19130	4
10637	5
22932	6
27136	7
26662	8
8981	9
25159	10
27954	11
15473	12
9094	13
27312	14
15390	15
22354	16
2110	17
4196	18
7932	19
17993	20
6449	21
7410	22
780	23
13644	24
21804	25
17105	26
8890	27
9794	28
29284	29
15948	30
13655	31
12349	32
23384	33
21719	34
27501	35
21787	36
824	37
8611	38
24432	39
23695	40
19467	41
9174	42
18988	43
10635	44
1613	45
23991	46
27225	47
14344	48
10337	49
14750	50
5215	51
5796	52
2388	53
24009	54
29318	55
22395	56
23487	57
3303	58
24017	59
19066	60
17662	61
8796	62
5270	63
25855	64
16112	65
22661	66
4313	67
7082	68
13803	69
27793	70
9743	71
28464	72
21131	73
6201	74
14446	75
4797	76
1039	77
12551	78
10292	79
11995	80
600	81
12919	82
19354	83
2854	84
10371	85
2694	86
15954	87
9021	88
1972	89
13405	90
17153	91
15958	92
9548	93
22899	94
16051	95
985	96
27541	97
6795	98
16682	99
387	100
19472	101
5760	102
12789	103
20340	104
28760	105
15804	106
146	107
21910	108
11706	109
19261	110
1651	111
19285	112
323	113
11729	114
26499	115
28442	116
10597	117
23576	118
6174	119
6666	120
12798	121
14165	122
23174	123
19780	124
4832	125
24145	126
1449	127
12328	128
24220	129
3301	130
26293	131
244	132
1926	133
7237	134
24701	135
4373	136
21050	137
12671	138
8962	139
4281	140
26948	141
10575	142
4584	143
15943	144
26433	145
15558	146
23770	147
18122	148
15937	149
13188	150
18500	151
3673	152
18245	153
5399	154
15654	155
23960	156
13001	157
6869	158
22701	159
5007	160
19350	161
21885	162
16102	163
14264	164
16567	165
9228	166
3970	167
24561	168
7363	169
17034	170
28125	171
5383	172
17435	173
26006	174
11592	175
1863	176
14357	177
24900	178
14348	179
9147	180
17175	181
16530	182
13167	183
818	184
14115	185
3148	186
17946	187
17567	188
4874	189
26500	190
11161	191
17535	192
27311	193
8267	194
26886	195
216	196
21592	197
17451	198
26447	199
8636	200
1426	201
23748	202
24792	203
13259	204
323	205
4372	206
19625	207
22079	208
10120	209
8899	210
14577	211
23248	212
10119	213
4776	214
17873	215
28072	216
21749	217
24858	218
17212	219
16282	220
13041	221
12575	222
24107	223
12824	224
2362	225
28605	226
22400	227
28182	228
1599	229
18037	230
21737	231
23690	232
6027	233
29309	234
822	235
297	236
28275	237
23994	238
6942	239
25615	240
11823	241
11494	242
29131	243
2305	244
26885	245
8261	246
1082	247
9090	248
24198	249
13239	250
263	251
21535	252
22651	253
22060	254
13331	255
14120	256
529	257
29073	258
2544	259
18307	260
7987	261
21653	262
1336	263
26362	264
20953	265
13113	266
15816	267
282	268
5122	269
2228	270
297	271
7547	272
29108	273
12299	274
21189	275
20676	276
10792	277
5729	278
19108	279
13555	280
27681	281
17885	282
8574	283
27270	284
7190	285
17009	286
22951	287
23365	288
22436	289
22543	290
27872	291
1868	292
8440	293
4661	294
20453	295
1799	296
2367	297
21756	298
2122	299
18111	300
14899	301
295	302
14835	303
27606	304
10307	305
12184	306
603	307
3979	308
4065	309
4885	310
15452	311
1156	312
24915	313
10133	314
15620	315
15898	316
8413	317
101	318
591	319
6559	320
20441	321
27573	322
11333	323
20016	324
18262	325
8822	326
27373	327
24550	328
14604	329
2209	330
1726	331
24325	332
24887	333
16433	334
7469	335
26623	336
8801	337
23660	338
23602	339
4538	340
626	341
1838	342
25603	343
6380	344
10378	345
17988	346
12998	347
2774	348
27902	349
6229	350
13955	351
13822	352
365	353
2717	354
10625	355
673	356
11846	357
30	358
21892	359
4379	360
10706	361
18574	362
1251	363
25508	364
26893	365
4954	366
4038	367
17640	368
11208	369
27995	370
21794	371
23541	372
397	373
28112	374
12672	375
28075	376
24011	377
20609	378
29096	379
12737	380
17780	381
7281	382
5885	383
14846	384
28484	385
23112	386
5867	387
8337	388
2570	389
1471	390
17574	391
8836	392
23942	393
15109	394
22251	395
1124	396
29151	397
4109	398
19206	399
13315	400
8479	401
28990	402
6009	403
4329	404
19418	405
16523	406
25216	407
13148	408
10348	409
27441	410
15016	411
952	412
24741	413
16918	414
4447	415
28678	416
19716	417
21983	418
13200	419
17611	420
2670	421
24769	422
17015	423
5267	424
1994	425
25139	426
28658	427
27090	428
9405	429
27845	430
9444	431
13477	432
909	433
25988	434
16361	435
25138	436
9270	437
25314	438
29555	439
27011	440
13643	441
24398	442
23777	443
16749	444
24142	445
5566	446
28176	447
21876	448
25103	449
12378	450
11026	451
801	452
12027	453
29061	454
1159	455
29522	456
23417	457
11742	458
16207	459
527	460
8600	461
11747	462
23954	463
15387	464
20021	465
11100	466
4530	467
11996	468
1278	469
15070	470
25290	471
27943	472
11598	473
13217	474
17708	475
15414	476
579	477
23438	478
24443	479
11496	480
12711	481
20124	482
12931	483
18578	484
10106	485
28380	486
24167	487
11069	488
16657	489
6266	490
1848	491
11908	492
29532	493
15215	494
23868	495
18695	496
25983	497
16538	498
23647	499
23618	500
15043	501
15062	502
13852	503
18297	504
18730	505
4987	506
12844	507
28969	508
18160	509
23909	510
23507	511
6856	512
19056	513
22823	514
14191	515
2690	516
3347	517
2940	518
531	519
6227	520
16413	521
10860	522
24246	523
21379	524
4405	525
4288	526
19105	527
25145	528
22689	529
27719	530
17076	531
2832	532
9068	533
25945	534
20463	535
7006	536
5543	537
13546	538
13807	539
232	540
7179	541
26014	542
21318	543
6961	544
21628	545
3231	546
23373	547
17725	548
22934	549
17697	550
6165	551
21854	552
7318	553
5800	554
10121	555
18453	556
14135	557
8776	558
5202	559
714	560
23634	561
22776	562
28247	563
17326	564
16365	565
28148	566
21074	567
23010	568
13053	569
26350	570
27677	571
4255	572
19367	573
12136	574
26043	575
21203	576
17744	577
24287	578
14273	579
7001	580
17511	581
19916	582
26299	583
1048	584
14721	585
138	586
2078	587
16039	588
2249	589
10994	590
20956	591
26318	592
13080	593
1238	594
18133	595
8423	596
11006	597
28970	598
19578	599
21880	600
24058	601
29404	602
18708	603
15197	604
8400	605
15878	606
12058	607
18997	608
6408	609
17803	610
17023	611
28133	612
25469	613
242	614
6420	615
28193	616
28059	617
25338	618
1284	619
4134	620
28987	621
12214	622
18935	623
18013	624
17937	625
17229	626
28973	627
10541	628
22829	629
10366	630
26638	631
18355	632
23363	633
21959	634
20379	635
11209	636
1998	637
29503	638
5617	639
20520	640
26461	641
24021	642
29335	643
13075	644
1582	645
21257	646
26577	647
26650	648
3308	649
269	650
2813	651
29283	652
5175	653
15494	654
25202	655
25851	656
9576	657
9434	658
13424	659
22017	660
14715	661
13683	662
1699	663
5940	664
2882	665
6845	666
16399	667
20887	668
7045	669
24824	670
17038	671
24221	672
16748	673
29261	674
7723	675
5934	676
25758	677
5855	678
6313	679
2378	680
13738	681
3489	682
3411	683
28361	684
4199	685
12790	686
24813	687
15684	688
22515	689
10552	690
13198	691
2134	692
17050	693
8881	694
29088	695
14033	696
743	697
15454	698
27462	699
12315	700
13698	701
10494	702
24991	703
19491	704
23679	705
21615	706
2347	707
1896	708
20868	709
9786	710
2175	711
14159	712
26018	713
4274	714
589	715
10100	716
3185	717
15175	718
21789	719
7812	720
15727	721
7517	722
28946	723
6580	724
28572	725
23779	726
18696	727
15061	728
9263	729
773	730
12336	731
21005	732
19663	733
29538	734
25861	735
18305	736
12967	737
24239	738
11744	739
16871	740
16504	741
17842	742
20347	743
23772	744
3433	745
5933	746
19588	747
22561	748
22613	749
8481	750
18366	751
5369	752
20914	753
24646	754
13045	755
24387	756
18144	757
217	758
19348	759
1712	760
4041	761
5516	762
26615	763
10308	764
3562	765
21612	766
16594	767
25257	768
3398	769
25356	770
11225	771
27607	772
21571	773
17158	774
12398	775
28325	776
63	777
8085	778
23789	779
23837	780
12552	781
726	782
27682	783
5920	784
8329	785
10696	786
1560	787
5112	788
25108	789
10546	790
18493	791
25662	792
15160	793
684	794
7090	795
967	796
17610	797
403	798
5465	799
1898	800
25571	801
26938	802
24454	803
16160	804
15365	805
7917	806
24659	807
5753	808
15753	809
19971	810
389	811
14226	812
15257	813
18868	814
10677	815
10314	816
29547	817
8260	818
27486	819
731	820
25792	821
9501	822
17923	823
17496	824
11120	825
9259	826
15899	827
27523	828
11468	829
3224	830
24157	831
16297	832
14452	833
22952	834
1547	835
22490	836
79	837
22739	838
8047	839
9779	840
1388	841
21669	842
7414	843
27565	844
14787	845
19024	846
4096	847
13410	848
18555	849
25621	850
10996	851
24826	852
19201	853
26005	854
2671	855
14361	856
253	857
18800	858
1170	859
1200	860
25050	861
18300	862
24047	863
20056	864
8911	865
9698	866
22339	867
15805	868
22164	869
7236	870
17102	871
21633	872
15760	873
797	874
4508	875
15432	876
17801	877
6277	878
14603	879
20317	880
13906	881
9323	882
3501	883
20854	884
17465	885
10817	886
11508	887
16257	888
4406	889
4518	890
10956	891
5741	892
17887	893
28601	894
21677	895
4904	896
25860	897
3987	898
12209	899
11339	900
14707	901
29204	902
113	903
22336	904
2582	905
24692	906
29224	907
4170	908
18771	909
29242	910
19655	911
22229	912
5130	913
14966	914
24304	915
12641	916
20127	917
16755	918
18195	919
17445	920
486	921
19459	922
24647	923
17601	924
4921	925
22544	926
20754	927
20730	928
15155	929
23949	930
9694	931
1452	932
23177	933
7969	934
15066	935
19243	936
5522	937
12485	938
22197	939
4242	940
25892	941
17126	942
10863	943
10075	944
16402	945
16149	946
23735	947
10367	948
25205	949
17378	950
494	951
26774	952
20711	953
12660	954
3874	955
28693	956
12149	957
2514	958
21914	959
27633	960
18704	961
15742	962
9004	963
3168	964
11743	965
18668	966
27550	967
21171	968
11482	969
9768	970
10794	971
15834	972
4309	973
24600	974
26946	975
14024	976
16325	977
23746	978
20524	979
17216	980
11017	981
4606	982
14659	983
8357	984
23696	985
685	986
12	987
21555	988
19947	989
23372	990
5825	991
9832	992
21556	993
11513	994
12821	995
8530	996
23374	997
16821	998
13609	999
11032	1000
19951	1001
9290	1002
29436	1003
4917	1004
20812	1005
20641	1006
20262	1007
8055	1008
14486	1009
15092	1010
23720	1011
4962	1012
14414	1013
20151	1014
5561	1015
25964	1016
14491	1017
7756	1018
24267	1019
573	1020
5041	1021
21184	1022
16470	1023
20378	1024
18584	1025
2887	1026
23183	1027
25098	1028
23160	1029
29229	1030
4993	1031
21172	1032
15876	1033
9912	1034
25297	1035
3921	1036
668	1037
24277	1038
28926	1039
3082	1040
27654	1041
19095	1042
505	1043
28776	1044
23113	1045
16134	1046
21077	1047
5284	1048
20412	1049
4544	1050
18735	1051
8547	1052
12245	1053
27200	1054
5481	1055
10023	1056
24551	1057
27881	1058
10537	1059
5273	1060
6797	1061
325	1062
28669	1063
11990	1064
1528	1065
26107	1066
16981	1067
24579	1068
17365	1069
9880	1070
13730	1071
6401	1072
26232	1073
22312	1074
24372	1075
8589	1076
5635	1077
14746	1078
24829	1079
8309	1080
7301	1081
19585	1082
5707	1083
23692	1084
23208	1085
25670	1086
22502	1087
20148	1088
440	1089
20909	1090
17667	1091
20479	1092
7777	1093
7675	1094
9431	1095
2235	1096
3333	1097
25442	1098
22494	1099
25153	1100
14709	1101
20193	1102
22820	1103
24655	1104
16544	1105
5304	1106
21252	1107
14648	1108
23305	1109
5263	1110
25224	1111
13097	1112
7953	1113
27715	1114
24411	1115
22061	1116
23711	1117
10161	1118
19374	1119
5784	1120
27112	1121
9330	1122
12192	1123
5527	1124
12290	1125
13248	1126
911	1127
3537	1128
14409	1129
21231	1130
6066	1131
1787	1132
26444	1133
3728	1134
29040	1135
23989	1136
19533	1137
12617	1138
9732	1139
2912	1140
18819	1141
15087	1142
20808	1143
7930	1144
10772	1145
17962	1146
1614	1147
26987	1148
3504	1149
26975	1150
25612	1151
15632	1152
24125	1153
14319	1154
8980	1155
18198	1156
22044	1157
224	1158
27078	1159
15832	1160
8862	1161
15607	1162
25927	1163
4116	1164
2611	1165
13961	1166
11282	1167
9629	1168
21467	1169
3472	1170
23961	1171
276	1172
21222	1173
29466	1174
25719	1175
22979	1176
10681	1177
13352	1178
122	1179
1340	1180
3674	1181
14110	1182
3539	1183
23301	1184
8777	1185
25625	1186
3330	1187
6346	1188
26598	1189
4004	1190
18503	1191
13533	1192
4673	1193
7241	1194
15651	1195
14333	1196
22415	1197
3909	1198
12886	1199
8452	1200
8686	1201
27794	1202
24863	1203
8707	1204
21214	1205
8804	1206
12395	1207
3779	1208
28098	1209
18465	1210
14712	1211
28959	1212
23898	1213
675	1214
19282	1215
24446	1216
26821	1217
13037	1218
25506	1219
260	1220
15352	1221
2243	1222
15187	1223
10219	1224
638	1225
9103	1226
16313	1227
10094	1228
15746	1229
761	1230
18808	1231
22372	1232
14741	1233
8050	1234
17471	1235
941	1236
10862	1237
250	1238
8679	1239
1196	1240
16627	1241
24804	1242
15108	1243
19680	1244
22150	1245
18065	1246
19978	1247
21435	1248
19290	1249
12445	1250
24141	1251
10040	1252
14089	1253
25743	1254
3506	1255
2995	1256
15538	1257
20026	1258
19703	1259
15773	1260
28385	1261
20232	1262
24880	1263
21691	1264
14406	1265
20763	1266
8192	1267
4282	1268
24260	1269
23137	1270
17002	1271
18040	1272
17748	1273
1891	1274
28173	1275
3722	1276
15827	1277
8923	1278
13818	1279
17129	1280
9654	1281
17597	1282
22298	1283
7915	1284
11341	1285
1776	1286
2299	1287
24955	1288
1270	1289
3070	1290
25782	1291
20987	1292
155	1293
12783	1294
7173	1295
19521	1296
17832	1297
3097	1298
1263	1299
27102	1300
5058	1301
18445	1302
20734	1303
25251	1304
12130	1305
4399	1306
21617	1307
2446	1308
27372	1309
29428	1310
23192	1311
14190	1312
29181	1313
11818	1314
659	1315
27473	1316
4277	1317
20122	1318
15045	1319
23953	1320
4218	1321
8342	1322
25928	1323
9184	1324
8037	1325
14492	1326
20654	1327
27273	1328
26022	1329
29133	1330
29201	1331
7263	1332
13235	1333
1448	1334
13821	1335
23843	1336
6778	1337
25371	1338
13355	1339
25031	1340
18364	1341
12964	1342
10203	1343
4265	1344
4971	1345
27165	1346
11863	1347
17411	1348
5557	1349
26338	1350
19837	1351
6940	1352
11662	1353
8543	1354
26581	1355
25066	1356
9670	1357
25888	1358
28439	1359
22525	1360
11159	1361
5286	1362
9258	1363
25073	1364
6307	1365
28906	1366
26747	1367
19433	1368
8038	1369
5278	1370
3360	1371
17738	1372
6199	1373
1693	1374
7197	1375
10933	1376
22443	1377
16642	1378
29399	1379
21225	1380
13130	1381
8039	1382
11148	1383
25817	1384
5143	1385
10061	1386
28371	1387
6680	1388
13471	1389
23148	1390
924	1391
24382	1392
23672	1393
10927	1394
9980	1395
20359	1396
19658	1397
5034	1398
19825	1399
401	1400
308	1401
23039	1402
504	1403
19383	1404
2366	1405
25766	1406
20315	1407
1089	1408
11398	1409
25799	1410
240	1411
28485	1412
13111	1413
18442	1414
18785	1415
13020	1416
613	1417
10063	1418
16820	1419
10840	1420
29247	1421
12203	1422
977	1423
11752	1424
27107	1425
20275	1426
1285	1427
16834	1428
2410	1429
9368	1430
24624	1431
18110	1432
25511	1433
18961	1434
24502	1435
13195	1436
18689	1437
12289	1438
8818	1439
24452	1440
7437	1441
14837	1442
17518	1443
17972	1444
20507	1445
25243	1446
26775	1447
16562	1448
23404	1449
1607	1450
364	1451
19482	1452
5621	1453
15955	1454
15755	1455
9363	1456
9319	1457
6481	1458
197	1459
25187	1460
13553	1461
6983	1462
12653	1463
26119	1464
2826	1465
3485	1466
27030	1467
3326	1468
346	1469
20858	1470
18215	1471
3670	1472
29539	1473
7326	1474
16902	1475
23026	1476
24089	1477
21979	1478
11868	1479
12487	1480
10490	1481
1347	1482
26505	1483
7199	1484
26056	1485
3816	1486
2316	1487
15293	1488
10250	1489
21018	1490
28989	1491
2190	1492
9815	1493
20705	1494
27071	1495
16611	1496
24096	1497
2070	1498
11889	1499
23890	1500
28054	1501
18177	1502
24166	1503
22745	1504
17386	1505
18957	1506
23170	1507
10013	1508
24460	1509
12020	1510
26028	1511
15584	1512
21321	1513
10015	1514
5868	1515
13714	1516
3886	1517
5142	1518
19242	1519
5608	1520
28508	1521
22169	1522
8914	1523
16057	1524
5035	1525
2095	1526
23934	1527
24369	1528
7499	1529
19387	1530
4835	1531
5721	1532
11613	1533
16876	1534
5785	1535
3658	1536
21704	1537
26210	1538
28950	1539
1758	1540
25864	1541
19530	1542
28437	1543
14303	1544
24270	1545
22178	1546
10783	1547
20390	1548
26121	1549
11597	1550
14079	1551
5492	1552
15347	1553
19822	1554
4024	1555
12773	1556
16958	1557
7149	1558
72	1559
19122	1560
12266	1561
9357	1562
9559	1563
25755	1564
19671	1565
8477	1566
2458	1567
16046	1568
29355	1569
3221	1570
8057	1571
29535	1572
4500	1573
21712	1574
29219	1575
3096	1576
19343	1577
1626	1578
5029	1579
22283	1580
27782	1581
13587	1582
1854	1583
28755	1584
16850	1585
19932	1586
13778	1587
8819	1588
1043	1589
5824	1590
15262	1591
923	1592
5827	1593
11661	1594
22174	1595
20864	1596
3235	1597
27767	1598
6298	1599
4891	1600
2390	1601
6692	1602
26424	1603
14510	1604
8595	1605
27286	1606
20459	1607
287	1608
23095	1609
18841	1610
12050	1611
16929	1612
5710	1613
27609	1614
1237	1615
4084	1616
9114	1617
28685	1618
18748	1619
5025	1620
3725	1621
528	1622
25445	1623
12070	1624
27020	1625
3114	1626
22292	1627
22992	1628
15622	1629
23675	1630
1147	1631
3915	1632
16785	1633
15738	1634
7521	1635
1441	1636
6221	1637
11133	1638
11771	1639
8094	1640
25489	1641
16197	1642
19238	1643
18652	1644
10225	1645
16419	1646
8181	1647
23668	1648
22863	1649
9076	1650
101	1651
11588	1652
640	1653
21451	1654
6932	1655
149	1656
16280	1657
3497	1658
15870	1659
26849	1660
10286	1661
24203	1662
9529	1663
18357	1664
12152	1665
22411	1666
23325	1667
19119	1668
7718	1669
22409	1670
12488	1671
10431	1672
1350	1673
3033	1674
3155	1675
18842	1676
22374	1677
24685	1678
2607	1679
10398	1680
933	1681
19366	1682
14815	1683
19197	1684
20297	1685
9113	1686
9614	1687
4174	1688
21137	1689
3120	1690
15603	1691
2064	1692
8633	1693
24392	1694
21846	1695
13063	1696
8275	1697
26822	1698
344	1699
20807	1700
26782	1701
21584	1702
4598	1703
15551	1704
14958	1705
398	1706
1109	1707
23596	1708
26248	1709
5368	1710
19914	1711
24961	1712
25413	1713
26258	1714
19244	1715
12423	1716
21299	1717
17614	1718
21509	1719
12879	1720
9744	1721
1445	1722
27915	1723
23443	1724
5572	1725
1784	1726
4887	1727
20573	1728
19732	1729
8249	1730
2548	1731
1030	1732
21142	1733
10285	1734
4585	1735
2144	1736
5620	1737
21245	1738
13976	1739
703	1740
26733	1741
6985	1742
11652	1743
13552	1744
28367	1745
14830	1746
23516	1747
9537	1748
3923	1749
474	1750
6417	1751
2574	1752
17390	1753
13495	1754
12667	1755
8933	1756
6708	1757
20566	1758
14440	1759
15573	1760
23726	1761
23300	1762
22560	1763
8108	1764
26345	1765
19251	1766
11411	1767
7762	1768
22667	1769
19053	1770
11727	1771
22208	1772
23940	1773
25310	1774
233	1775
5900	1776
10667	1777
8711	1778
15482	1779
8749	1780
16380	1781
7935	1782
26130	1783
26029	1784
23929	1785
11836	1786
15508	1787
20692	1788
23080	1789
9854	1790
15725	1791
27751	1792
27532	1793
9762	1794
12809	1795
3861	1796
9782	1797
2502	1798
16556	1799
22834	1800
9474	1801
27763	1802
24341	1803
29041	1804
24110	1805
22914	1806
28029	1807
2778	1808
5854	1809
27087	1810
20541	1811
10557	1812
9652	1813
6438	1814
22245	1815
21227	1816
2206	1817
18081	1818
3797	1819
25845	1820
21922	1821
21857	1822
1765	1823
6586	1824
19962	1825
3039	1826
22896	1827
2103	1828
6543	1829
18778	1830
166	1831
20898	1832
14384	1833
22703	1834
17358	1835
13868	1836
25479	1837
7202	1838
19644	1839
15456	1840
25362	1841
27100	1842
14315	1843
14022	1844
13510	1845
17098	1846
28682	1847
5166	1848
26320	1849
4093	1850
20125	1851
10646	1852
24873	1853
26001	1854
12958	1855
7861	1856
16635	1857
11400	1858
2909	1859
24534	1860
7223	1861
11272	1862
10531	1863
5292	1864
26516	1865
20239	1866
22718	1867
9161	1868
28298	1869
153	1870
11566	1871
2696	1872
28858	1873
20792	1874
4005	1875
18658	1876
8805	1877
13963	1878
28375	1879
846	1880
28083	1881
8361	1882
19609	1883
23655	1884
13892	1885
26894	1886
20490	1887
20027	1888
389	1889
6348	1890
12730	1891
18232	1892
2052	1893
4335	1894
552	1895
14601	1896
3133	1897
11088	1898
26314	1899
20115	1900
16392	1901
25709	1902
20143	1903
13312	1904
24771	1905
15136	1906
2741	1907
4794	1908
755	1909
4264	1910
3682	1911
12951	1912
21976	1913
3868	1914
16865	1915
25553	1916
26243	1917
25155	1918
24782	1919
28459	1920
10665	1921
29017	1922
17336	1923
16550	1924
5042	1925
21302	1926
21865	1927
11575	1928
28932	1929
9667	1930
6522	1931
17534	1932
9630	1933
19986	1934
775	1935
16117	1936
21058	1937
7275	1938
11147	1939
9262	1940
18120	1941
2960	1942
5351	1943
10391	1944
25974	1945
12618	1946
27833	1947
16802	1948
14517	1949
12264	1950
23512	1951
10404	1952
9310	1953
9951	1954
22536	1955
25245	1956
12314	1957
13346	1958
8130	1959
13534	1960
8838	1961
21790	1962
17398	1963
2511	1964
29517	1965
17188	1966
17700	1967
7032	1968
2679	1969
302	1970
20950	1971
5336	1972
4712	1973
12529	1974
426	1975
23702	1976
19795	1977
2760	1978
10224	1979
7502	1980
25776	1981
21121	1982
21418	1983
5803	1984
29505	1985
309	1986
16969	1987
19452	1988
5474	1989
6628	1990
7430	1991
2155	1992
3619	1993
23427	1994
18690	1995
17786	1996
23231	1997
12093	1998
25200	1999
140	2000
14668	2001
26873	2002
4778	2003
14808	2004
15323	2005
15221	2006
2363	2007
21969	2008
28332	2009
379	2010
346	2011
7141	2012
4853	2013
12874	2014
13857	2015
10096	2016
14450	2017
11578	2018
11624	2019
7204	2020
13139	2021
7253	2022
10439	2023
2067	2024
18412	2025
3784	2026
15965	2027
25013	2028
26137	2029
24699	2030
14132	2031
15192	2032
18478	2033
10740	2034
14829	2035
434	2036
27820	2037
18240	2038
3879	2039
18172	2040
272	2041
9180	2042
28447	2043
1185	2044
10789	2045
7731	2046
16815	2047
11839	2048
18097	2049
21267	2050
12578	2051
2933	2052
1840	2053
1830	2054
25575	2055
14757	2056
25285	2057
7019	2058
7647	2059
26215	2060
3560	2061
14618	2062
16409	2063
9924	2064
7233	2065
10843	2066
14591	2067
15113	2068
22752	2069
19021	2070
19479	2071
6052	2072
2470	2073
14522	2074
20687	2075
10330	2076
11255	2077
6299	2078
18779	2079
27027	2080
12157	2081
5006	2082
19565	2083
7245	2084
14671	2085
26566	2086
3765	2087
2499	2088
3239	2089
7703	2090
13281	2091
23062	2092
13598	2093
4558	2094
17552	2095
16412	2096
25265	2097
16866	2098
6493	2099
25072	2100
11557	2101
14097	2102
12403	2103
4856	2104
13834	2105
77	2106
13774	2107
20013	2108
13426	2109
1658	2110
7339	2111
8	2112
26419	2113
24463	2114
5875	2115
13664	2116
8520	2117
15183	2118
16293	2119
1949	2120
27333	2121
19466	2122
17607	2123
10455	2124
27566	2125
16354	2126
19032	2127
22813	2128
15477	2129
18891	2130
16877	2131
22628	2132
28062	2133
29529	2134
14600	2135
16623	2136
19577	2137
13567	2138
5271	2139
14786	2140
19142	2141
13435	2142
15554	2143
2015	2144
4049	2145
24022	2146
28481	2147
7446	2148
25647	2149
21068	2150
24413	2151
19581	2152
5815	2153
19182	2154
9412	2155
15231	2156
6206	2157
15563	2158
5497	2159
14706	2160
20226	2161
7707	2162
19191	2163
8641	2164
213	2165
26116	2166
12669	2167
14061	2168
22185	2169
2066	2170
6351	2171
16700	2172
21878	2173
12968	2174
23016	2175
27056	2176
6226	2177
12859	2178
27568	2179
119	2180
5612	2181
13550	2182
24796	2183
14719	2184
3135	2185
4597	2186
5379	2187
1995	2188
8336	2189
1154	2190
12785	2191
27950	2192
18592	2193
4493	2194
19630	2195
28389	2196
11960	2197
24832	2198
9572	2199
27771	2200
13854	2201
20468	2202
28038	2203
22322	2204
21944	2205
20607	2206
11202	2207
16346	2208
14503	2209
19950	2210
1271	2211
12520	2212
19074	2213
6251	2214
26427	2215
11888	2216
28623	2217
16092	2218
23203	2219
5564	2220
25675	2221
14192	2222
27204	2223
29339	2224
22030	2225
13297	2226
19611	2227
2413	2228
23625	2229
15639	2230
1298	2231
25412	2232
12125	2233
3608	2234
13832	2235
19783	2236
15771	2237
2800	2238
847	2239
7383	2240
17269	2241
21273	2242
18653	2243
13586	2244
17282	2245
23966	2246
1828	2247
16685	2248
20510	2249
3225	2250
5542	2251
15888	2252
6524	2253
20874	2254
4095	2255
24271	2256
6700	2257
9552	2258
3663	2259
9919	2260
14770	2261
8643	2262
4233	2263
3610	2264
14733	2265
25785	2266
21786	2267
4209	2268
23589	2269
4578	2270
21163	2271
9491	2272
14283	2273
10584	2274
7648	2275
9302	2276
16801	2277
22419	2278
13971	2279
19346	2280
16395	2281
893	2282
6302	2283
16262	2284
28276	2285
16010	2286
1883	2287
12777	2288
27510	2289
9177	2290
12268	2291
16942	2292
20636	2293
19737	2294
10906	2295
17312	2296
26483	2297
27388	2298
25429	2299
17005	2300
12489	2301
11233	2302
22775	2303
16105	2304
11612	2305
301	2306
26529	2307
16506	2308
21392	2309
18702	2310
2693	2311
16835	2312
5607	2313
633	2314
7185	2315
372	2316
22136	2317
19944	2318
7651	2319
695	2320
18191	2321
23270	2322
21625	2323
815	2324
11314	2325
15957	2326
6857	2327
25633	2328
10297	2329
5995	2330
6925	2331
6441	2332
8532	2333
214	2334
23164	2335
17764	2336
14928	2337
22762	2338
6552	2339
17082	2340
1571	2341
4486	2342
2815	2343
25962	2344
1966	2345
10282	2346
26095	2347
22980	2348
12241	2349
9382	2350
17305	2351
27355	2352
14646	2353
6625	2354
10848	2355
12518	2356
3789	2357
10035	2358
23547	2359
8559	2360
4032	2361
6944	2362
10364	2363
13286	2364
20445	2365
4496	2366
27117	2367
28345	2368
27953	2369
28506	2370
15007	2371
27879	2372
11290	2373
2788	2374
3289	2375
15269	2376
2564	2377
25909	2378
13861	2379
5963	2380
5812	2381
7878	2382
3549	2383
9365	2384
19000	2385
1469	2386
8036	2387
19937	2388
10088	2389
5392	2390
22845	2391
24908	2392
1943	2393
6089	2394
1916	2395
9830	2396
223	2397
14542	2398
22711	2399
17280	2400
4132	2401
10641	2402
5039	2403
14663	2404
9586	2405
15749	2406
28513	2407
5691	2408
2959	2409
11427	2410
13359	2411
116	2412
16026	2413
7680	2414
11207	2415
4364	2416
19426	2417
18623	2418
28151	2419
28331	2420
2302	2421
7338	2422
17075	2423
823	2424
22664	2425
3955	2426
11193	2427
18423	2428
17672	2429
9033	2430
18316	2431
1707	2432
1391	2433
2244	2434
14574	2435
5816	2436
25484	2437
10649	2438
12727	2439
9291	2440
15212	2441
25048	2442
28044	2443
230	2444
11856	2445
16335	2446
2401	2447
5424	2448
11554	2449
1756	2450
16985	2451
8827	2452
554	2453
15273	2454
29358	2455
23741	2456
24894	2457
20405	2458
19461	2459
27905	2460
28845	2461
10941	2462
20836	2463
3334	2464
16769	2465
6557	2466
18192	2467
20528	2468
27106	2469
16852	2470
10025	2471
1068	2472
16502	2473
10279	2474
8561	2475
17507	2476
14372	2477
3093	2478
19189	2479
22147	2480
20670	2481
18561	2482
8685	2483
7560	2484
10260	2485
9469	2486
8380	2487
25083	2488
5027	2489
20925	2490
8004	2491
22259	2492
24819	2493
18524	2494
1015	2495
23565	2496
18987	2497
29486	2498
23409	2499
17127	2500
27450	2501
22216	2502
4014	2503
136	2504
9468	2505
23717	2506
11128	2507
26406	2508
19708	2509
15552	2510
5254	2511
19148	2512
9925	2513
3392	2514
13441	2515
24868	2516
18613	2517
27740	2518
26931	2519
25094	2520
1045	2521
12909	2522
19525	2523
13884	2524
23235	2525
17418	2526
25846	2527
18564	2528
6744	2529
17919	2530
7349	2531
24778	2532
9966	2533
7074	2534
15011	2535
12197	2536
14615	2537
720	2538
2720	2539
7807	2540
23765	2541
3523	2542
6941	2543
14536	2544
557	2545
26907	2546
23127	2547
15097	2548
15509	2549
2839	2550
26955	2551
13304	2552
14257	2553
8677	2554
7395	2555
17829	2556
3616	2557
22783	2558
17758	2559
471	2560
8068	2561
26105	2562
9696	2563
18201	2564
2901	2565
6595	2566
11857	2567
10352	2568
21834	2569
8288	2570
6693	2571
2342	2572
26358	2573
8864	2574
700	2575
10889	2576
16128	2577
14313	2578
16331	2579
24757	2580
2629	2581
19223	2582
29167	2583
3647	2584
24265	2585
28699	2586
27061	2587
28283	2588
9998	2589
24498	2590
7662	2591
15057	2592
4681	2593
10885	2594
9650	2595
21982	2596
16298	2597
5165	2598
1822	2599
13300	2600
25656	2601
207	2602
26905	2603
21894	2604
6975	2605
3137	2606
22309	2607
15069	2608
2881	2609
16319	2610
15602	2611
28825	2612
26741	2613
23630	2614
27387	2615
3101	2616
3516	2617
22365	2618
20011	2619
23796	2620
27092	2621
4858	2622
21322	2623
28537	2624
9400	2625
9777	2626
2457	2627
19858	2628
27627	2629
17417	2630
13071	2631
9902	2632
16259	2633
10374	2634
11694	2635
8307	2636
209	2637
25051	2638
23500	2639
637	2640
26878	2641
25250	2642
26952	2643
27034	2644
28015	2645
10150	2646
4076	2647
16082	2648
21377	2649
16761	2650
7642	2651
29410	2652
26311	2653
22999	2654
3991	2655
28628	2656
7065	2657
9949	2658
5709	2659
4440	2660
13801	2661
27197	2662
314	2663
19774	2664
27986	2665
21998	2666
1369	2667
21394	2668
26700	2669
16780	2670
14652	2671
4495	2672
18617	2673
12137	2674
26071	2675
14970	2676
9528	2677
22455	2678
3380	2679
27971	2680
19572	2681
14217	2682
25342	2683
15120	2684
9406	2685
22890	2686
26573	2687
19505	2688
17806	2689
19903	2690
22947	2691
17447	2692
4017	2693
21263	2694
11887	2695
3873	2696
11	2697
24082	2698
9008	2699
27525	2700
21223	2701
24051	2702
5487	2703
10853	2704
24308	2705
24841	2706
27562	2707
22910	2708
14202	2709
424	2710
23628	2711
15418	2712
9410	2713
947	2714
18883	2715
16961	2716
16914	2717
24924	2718
704	2719
9314	2720
5545	2721
12258	2722
4077	2723
16338	2724
11604	2725
24278	2726
27457	2727
9209	2728
5810	2729
5422	2730
6100	2731
17586	2732
13942	2733
16824	2734
9466	2735
23379	2736
19229	2737
16422	2738
7154	2739
9081	2740
23188	2741
28427	2742
16786	2743
5862	2744
11277	2745
14578	2746
9806	2747
26695	2748
19163	2749
13372	2750
13867	2751
5780	2752
25269	2753
23715	2754
1556	2755
10767	2756
26929	2757
19546	2758
12532	2759
8188	2760
27678	2761
5486	2762
25326	2763
7758	2764
51	2765
5553	2766
11817	2767
19478	2768
6923	2769
6691	2770
19265	2771
18380	2772
21634	2773
7346	2774
2046	2775
13064	2776
208	2777
11835	2778
17701	2779
12194	2780
6212	2781
820	2782
14166	2783
12229	2784
5541	2785
28215	2786
27153	2787
21078	2788
8204	2789
15438	2790
9442	2791
19232	2792
18594	2793
8597	2794
21188	2795
18230	2796
26887	2797
2733	2798
19291	2799
28889	2800
7514	2801
6718	2802
7765	2803
29093	2804
9139	2805
17450	2806
8581	2807
18793	2808
1739	2809
10818	2810
11288	2811
13700	2812
28068	2813
28729	2814
15026	2815
3988	2816
18579	2817
13693	2818
28221	2819
11179	2820
21955	2821
25539	2822
13916	2823
5071	2824
14981	2825
14134	2826
22567	2827
7091	2828
27772	2829
6469	2830
5613	2831
16888	2832
18071	2833
12896	2834
246	2835
432	2836
26144	2837
24522	2838
7448	2839
23447	2840
3267	2841
10185	2842
10567	2843
26053	2844
24464	2845
13375	2846
3794	2847
13678	2848
17111	2849
18838	2850
11510	2851
6604	2852
12244	2853
7113	2854
26073	2855
14377	2856
16368	2857
18068	2858
1344	2859
27998	2860
8179	2861
3775	2862
11724	2863
1763	2864
716	2865
242	2866
5956	2867
18867	2868
1244	2869
24516	2870
13556	2871
12781	2872
4314	2873
18523	2874
15159	2875
652	2876
2848	2877
10402	2878
6381	2879
22171	2880
6690	2881
7944	2882
728	2883
192	2884
800	2885
14416	2886
26158	2887
5460	2888
10269	2889
3629	2890
17661	2891
13881	2892
13178	2893
13074	2894
25970	2895
12029	2896
23944	2897
20815	2898
19886	2899
22131	2900
1729	2901
9022	2902
25954	2903
6915	2904
20443	2905
3735	2906
21352	2907
26323	2908
7685	2909
23157	2910
26839	2911
23607	2912
2376	2913
11993	2914
16312	2915
12443	2916
17137	2917
48	2918
17532	2919
7187	2920
16580	2921
15837	2922
23533	2923
24515	2924
11844	2925
12232	2926
23405	2927
9627	2928
21433	2929
25602	2930
15286	2931
8927	2932
868	2933
17888	2934
23430	2935
23962	2936
1656	2937
24786	2938
6886	2939
23238	2940
18638	2941
15950	2942
18189	2943
7120	2944
14734	2945
25929	2946
24119	2947
24004	2948
9761	2949
23126	2950
316	2951
17351	2952
5363	2953
2627	2954
404	2955
22205	2956
19975	2957
23262	2958
13450	2959
21621	2960
28583	2961
13875	2962
12982	2963
9172	2964
10435	2965
20470	2966
27688	2967
17854	2968
26460	2969
418	2970
1748	2971
24351	2972
13445	2973
8912	2974
6725	2975
25975	2976
22738	2977
1478	2978
1319	2979
2036	2980
21632	2981
12764	2982
17091	2983
12102	2984
24201	2985
19748	2986
18721	2987
833	2988
13470	2989
19977	2990
4831	2991
12952	2992
8832	2993
16326	2994
19038	2995
21019	2996
12033	2997
13284	2998
16797	2999
3028	3000
4234	3001
27676	3002
586	3003
25052	3004
15484	3005
4444	3006
18296	3007
3811	3008
13751	3009
13135	3010
1841	3011
12705	3012
26164	3013
27626	3014
8632	3015
2294	3016
7775	3017
7960	3018
6477	3019
10775	3020
8703	3021
7518	3022
19813	3023
8792	3024
10501	3025
26535	3026
24342	3027
27093	3028
5159	3029
15017	3030
343	3031
13224	3032
13004	3033
16205	3034
14207	3035
22343	3036
22509	3037
29315	3038
14291	3039
23950	3040
13118	3041
9525	3042
9064	3043
27275	3044
28014	3045
21216	3046
1495	3047
6921	3048
28168	3049
9684	3050
8416	3051
20697	3052
17802	3053
12193	3054
9243	3055
806	3056
24636	3057
1187	3058
12478	3059
22458	3060
26498	3061
8758	3062
7039	3063
15254	3064
27306	3065
2951	3066
11591	3067
8201	3068
13511	3069
18736	3070
24807	3071
3627	3072
18931	3073
421	3074
4757	3075
26856	3076
11261	3077
20139	3078
19429	3079
23357	3080
25102	3081
4336	3082
21100	3083
22862	3084
25595	3085
14803	3086
23377	3087
24992	3088
2896	3089
27262	3090
15892	3091
22405	3092
14457	3093
5187	3094
9899	3095
12693	3096
12496	3097
22598	3098
10053	3099
14286	3100
26738	3101
23526	3102
14058	3103
28480	3104
10321	3105
20954	3106
7817	3107
19086	3108
23060	3109
3810	3110
28152	3111
11511	3112
12040	3113
9463	3114
13246	3115
4626	3116
1807	3117
19854	3118
18517	3119
3108	3120
11739	3121
22413	3122
23498	3123
3205	3124
25420	3125
27780	3126
14342	3127
12238	3128
3614	3129
20048	3130
16190	3131
11528	3132
14664	3133
18890	3134
1934	3135
24990	3136
7310	3137
8683	3138
17916	3139
29362	3140
28581	3141
14332	3142
22517	3143
18610	3144
12016	3145
21661	3146
21075	3147
11022	3148
1363	3149
7451	3150
22920	3151
8946	3152
5176	3153
2085	3154
26714	3155
11978	3156
20486	3157
190	3158
16679	3159
6101	3160
5178	3161
10993	3162
28666	3163
10497	3164
14515	3165
24705	3166
24608	3167
1454	3168
20610	3169
18864	3170
20207	3171
4150	3172
3040	3173
10354	3174
15510	3175
1572	3176
22159	3177
11918	3178
13509	3179
12389	3180
20130	3181
220	3182
1212	3183
8346	3184
348	3185
26880	3186
3283	3187
343	3188
1834	3189
4851	3190
7250	3191
5593	3192
11195	3193
14254	3194
27307	3195
20431	3196
20387	3197
23228	3198
4248	3199
1042	3200
7716	3201
6639	3202
6233	3203
13710	3204
18452	3205
26133	3206
15902	3207
19770	3208
29176	3209
18587	3210
2530	3211
26854	3212
2674	3213
2680	3214
5994	3215
16880	3216
18283	3217
8874	3218
26206	3219
13392	3220
27921	3221
14355	3222
14636	3223
20175	3224
28369	3225
29281	3226
256	3227
15308	3228
21842	3229
14199	3230
14831	3231
7546	3232
28782	3233
15498	3234
17576	3235
11336	3236
28592	3237
4912	3238
307	3239
7160	3240
24974	3241
6513	3242
25569	3243
267	3244
6189	3245
29332	3246
8603	3247
7862	3248
14967	3249
25267	3250
13952	3251
19448	3252
21063	3253
3751	3254
26724	3255
12025	3256
15537	3257
108	3258
13590	3259
4733	3260
5531	3261
24989	3262
4536	3263
7622	3264
23152	3265
16987	3266
11547	3267
2073	3268
25850	3269
19688	3270
11185	3271
19202	3272
11732	3273
13043	3274
27534	3275
4499	3276
17561	3277
21889	3278
24105	3279
16656	3280
26191	3281
13137	3282
24010	3283
8319	3284
13155	3285
27796	3286
23867	3287
22747	3288
12471	3289
10855	3290
22399	3291
24493	3292
24226	3293
14982	3294
6144	3295
13777	3296
13614	3297
4622	3298
23896	3299
13770	3300
26624	3301
8971	3302
9401	3303
18859	3304
8208	3305
20203	3306
7055	3307
11680	3308
1406	3309
1675	3310
3312	3311
1401	3312
25273	3313
23230	3314
12657	3315
22199	3316
22403	3317
16862	3318
17253	3319
26762	3320
15125	3321
18563	3322
20902	3323
15207	3324
28405	3325
23504	3326
18814	3327
24768	3328
8092	3329
28495	3330
6187	3331
25920	3332
27800	3333
14896	3334
2269	3335
10110	3336
23835	3337
17876	3338
27710	3339
19489	3340
1775	3341
22859	3342
21935	3343
8471	3344
29023	3345
19820	3346
15339	3347
14100	3348
14183	3349
16063	3350
27684	3351
26356	3352
10217	3353
23521	3354
4238	3355
16247	3356
27010	3357
7845	3358
14144	3359
6638	3360
14802	3361
5870	3362
13858	3363
25041	3364
11719	3365
13295	3366
26791	3367
13853	3368
444	3369
20625	3370
26618	3371
782	3372
7463	3373
1477	3374
12776	3375
8502	3376
24999	3377
2303	3378
24244	3379
8209	3380
13283	3381
9688	3382
3882	3383
1184	3384
4057	3385
19468	3386
27431	3387
19594	3388
1552	3389
15723	3390
105	3391
21014	3392
20972	3393
28725	3394
23433	3395
10420	3396
667	3397
2520	3398
22264	3399
1791	3400
28871	3401
18633	3402
18895	3403
24210	3404
27638	3405
16021	3406
16339	3407
10	3408
25366	3409
9607	3410
29368	3411
23489	3412
20778	3413
8907	3414
25777	3415
3125	3416
6656	3417
4100	3418
24941	3419
25386	3420
5682	3421
29336	3422
27234	3423
16254	3424
12483	3425
2038	3426
17966	3427
15864	3428
8957	3429
4711	3430
10022	3431
13201	3432
1152	3433
25635	3434
11442	3435
29419	3436
24546	3437
27301	3438
10347	3439
27309	3440
3072	3441
2606	3442
7374	3443
26179	3444
12531	3445
2428	3446
10815	3447
17737	3448
19829	3449
26330	3450
19689	3451
19296	3452
22111	3453
10564	3454
24874	3455
4665	3456
2615	3457
7030	3458
2766	3459
27235	3460
226	3461
10854	3462
22041	3463
22351	3464
16745	3465
20061	3466
56	3467
26612	3468
14656	3469
2394	3470
17281	3471
16974	3472
15810	3473
6714	3474
13205	3475
17397	3476
3404	3477
152	3478
12904	3479
520	3480
14692	3481
22268	3482
13407	3483
27284	3484
10114	3485
19911	3486
8583	3487
6855	3488
21774	3489
26640	3490
28894	3491
548	3492
18605	3493
28564	3494
7008	3495
15461	3496
15539	3497
9089	3498
6109	3499
12078	3500
10965	3501
18684	3502
26560	3503
13927	3504
7755	3505
5842	3506
10030	3507
19647	3508
2186	3509
52	3510
2745	3511
19153	3512
11935	3513
3092	3514
606	3515
9734	3516
7785	3517
15077	3518
28785	3519
15873	3520
21843	3521
634	3522
15504	3523
21337	3524
14297	3525
27331	3526
9327	3527
15290	3528
17867	3529
13781	3530
5907	3531
8293	3532
28116	3533
26480	3534
26037	3535
2448	3536
16188	3537
14799	3538
3678	3539
11030	3540
17377	3541
7836	3542
21339	3543
1960	3544
21226	3545
3628	3546
29186	3547
15325	3548
391	3549
14349	3550
9023	3551
28848	3552
1553	3553
5449	3554
25403	3555
11628	3556
5496	3557
2673	3558
5344	3559
10898	3560
27840	3561
6248	3562
9169	3563
17998	3564
12019	3565
27014	3566
9521	3567
28025	3568
427	3569
2588	3570
7916	3571
9598	3572
13964	3573
13480	3574
22795	3575
2364	3576
27830	3577
7760	3578
18422	3579
5332	3580
6133	3581
14869	3582
1575	3583
23376	3584
29447	3585
16955	3586
11933	3587
26543	3588
28340	3589
20712	3590
25667	3591
28184	3592
2937	3593
7131	3594
14249	3595
12935	3596
12225	3597
1909	3598
4377	3599
19149	3600
26142	3601
1228	3602
9781	3603
2314	3604
705	3605
15405	3606
15338	3607
12583	3608
3583	3609
2486	3610
23081	3611
2336	3612
23036	3613
17068	3614
21503	3615
11190	3616
12311	3617
9592	3618
8369	3619
15460	3620
22110	3621
22948	3622
26967	3623
2851	3624
20012	3625
2208	3626
5163	3627
21030	3628
22144	3629
26036	3630
12656	3631
13353	3632
29556	3633
9199	3634
16495	3635
1932	3636
16018	3637
3013	3638
8351	3639
4611	3640
9003	3641
12710	3642
9767	3643
20707	3644
16359	3645
23465	3646
14759	3647
648	3648
6699	3649
20388	3650
21317	3651
5274	3652
15968	3653
23651	3654
8132	3655
1365	3656
25513	3657
17007	3658
12678	3659
3248	3660
1392	3661
27657	3662
22319	3663
10095	3664
29491	3665
5837	3666
7602	3667
22769	3668
5100	3669
13433	3670
11689	3671
22655	3672
45	3673
73	3674
2907	3675
27461	3676
11495	3677
19254	3678
18601	3679
17479	3680
11866	3681
23486	3682
17223	3683
7340	3684
11234	3685
14108	3686
9009	3687
218	3688
1484	3689
22995	3690
2466	3691
24627	3692
3606	3693
22271	3694
12527	3695
27247	3696
5341	3697
22831	3698
10884	3699
4629	3700
28769	3701
28456	3702
14168	3703
15992	3704
3494	3705
16996	3706
11372	3707
4219	3708
27436	3709
3063	3710
435	3711
22011	3712
7752	3713
8197	3714
27345	3715
25748	3716
1335	3717
23114	3718
17617	3719
7357	3720
22756	3721
22693	3722
25263	3723
7526	3724
24419	3725
26611	3726
28387	3727
14201	3728
35	3729
24736	3730
12969	3731
13958	3732
6959	3733
28550	3734
19871	3735
25104	3736
533	3737
29123	3738
13947	3739
11112	3740
5328	3741
20781	3742
28842	3743
719	3744
9237	3745
7635	3746
23442	3747
3446	3748
12307	3749
18383	3750
7887	3751
19409	3752
28863	3753
585	3754
25389	3755
11036	3756
9770	3757
26059	3758
10032	3759
8702	3760
18542	3761
27006	3762
2469	3763
210	3764
19853	3765
24212	3766
502	3767
29490	3768
14322	3769
15219	3770
29174	3771
12577	3772
7200	3773
14679	3774
134	3775
17373	3776
348	3777
28704	3778
27051	3779
6950	3780
15906	3781
29114	3782
2315	3783
19329	3784
16382	3785
1537	3786
7786	3787
1716	3788
15052	3789
14009	3790
21478	3791
20461	3792
15775	3793
464	3794
6427	3795
19325	3796
8754	3797
12875	3798
6620	3799
24070	3800
26892	3801
2340	3802
9203	3803
15014	3804
5778	3805
93	3806
8431	3807
14426	3808
28609	3809
18311	3810
25867	3811
6149	3812
5281	3813
13212	3814
4870	3815
25064	3816
20839	3817
25271	3818
23633	3819
11667	3820
19247	3821
28608	3822
15701	3823
7873	3824
14497	3825
24870	3826
8491	3827
7586	3828
17778	3829
21031	3830
2771	3831
18398	3832
12419	3833
3982	3834
8842	3835
16533	3836
9350	3837
17227	3838
8122	3839
25941	3840
15713	3841
5819	3842
23173	3843
12400	3844
24084	3845
23156	3846
12092	3847
2578	3848
7459	3849
8365	3850
21848	3851
28546	3852
13431	3853
12513	3854
21355	3855
12851	3856
18681	3857
16081	3858
10234	3859
2964	3860
587	3861
10923	3862
17443	3863
4927	3864
29405	3865
24766	3866
7835	3867
678	3868
27154	3869
11459	3870
12065	3871
26569	3872
8567	3873
21951	3874
26450	3875
12993	3876
16971	3877
12751	3878
1	3879
18241	3880
1224	3881
15530	3882
21091	3883
8180	3884
5980	3885
27941	3886
3762	3887
8292	3888
16513	3889
14403	3890
21011	3891
215	3892
3488	3893
7868	3894
17759	3895
1900	3896
27237	3897
3382	3898
28709	3899
3701	3900
29262	3901
15819	3902
28694	3903
15576	3904
10101	3905
19868	3906
25223	3907
4025	3908
24042	3909
26608	3910
29110	3911
23012	3912
27737	3913
1053	3914
219	3915
21800	3916
17197	3917
9821	3918
2961	3919
24946	3920
22972	3921
27356	3922
334	3923
6535	3924
2407	3925
698	3926
3364	3927
10198	3928
23569	3929
26150	3930
15300	3931
1474	3932
26003	3933
2312	3934
10283	3935
4915	3936
7926	3937
27365	3938
4319	3939
25915	3940
5468	3941
20873	3942
5023	3943
7986	3944
23253	3945
415	3946
2895	3947
5597	3948
1128	3949
12356	3950
12900	3951
749	3952
7260	3953
24197	3954
8590	3955
9355	3956
15966	3957
18322	3958
3054	3959
20258	3960
26361	3961
2983	3962
4922	3963
23401	3964
6314	3965
6504	3966
8097	3967
2804	3968
2293	3969
14776	3970
9813	3971
3008	3972
8868	3973
11464	3974
7394	3975
13256	3976
20358	3977
28109	3978
1138	3979
8116	3980
22836	3981
547	3982
3214	3983
1683	3984
16527	3985
14635	3986
1439	3987
14360	3988
2900	3989
12302	3990
9784	3991
3233	3992
4091	3993
27632	3994
11457	3995
1337	3996
6090	3997
10622	3998
1612	3999
16911	4000
14571	4001
11882	4002
9294	4003
2123	4004
27538	4005
6159	4006
25011	4007
7849	4008
13280	4009
12553	4010
269	4011
1609	4012
1222	4013
12519	4014
8594	4015
10344	4016
19730	4017
8408	4018
8837	4019
37	4020
28859	4021
5702	4022
14415	4023
13791	4024
3896	4025
14437	4026
6186	4027
17260	4028
28129	4029
248	4030
15170	4031
4098	4032
5745	4033
18109	4034
11915	4035
12932	4036
5365	4037
1877	4038
25599	4039
9292	4040
13374	4041
17152	4042
8104	4043
20424	4044
21016	4045
26274	4046
20309	4047
23455	4048
7507	4049
29153	4050
28767	4051
25722	4052
4650	4053
5697	4054
24241	4055
8041	4056
17694	4057
6664	4058
10478	4059
25363	4060
26165	4061
24000	4062
18325	4063
27732	4064
28191	4065
16218	4066
22224	4067
6803	4068
7792	4069
24415	4070
7257	4071
27766	4072
9669	4073
7341	4074
13162	4075
5491	4076
20530	4077
28594	4078
12608	4079
12248	4080
24466	4081
1382	4082
21041	4083
21103	4084
10535	4085
19717	4086
14801	4087
1195	4088
6098	4089
1665	4090
17875	4091
6143	4092
16006	4093
2906	4094
15996	4095
3386	4096
11359	4097
21229	4098
26156	4099
7	4100
20900	4101
13985	4102
22004	4103
25444	4104
9674	4105
5189	4106
9534	4107
7572	4108
26595	4109
1688	4110
1529	4111
8892	4112
3124	4113
3245	4114
5430	4115
16872	4116
26220	4117
27990	4118
15281	4119
20989	4120
8748	4121
7424	4122
28058	4123
20149	4124
20796	4125
11321	4126
20131	4127
29551	4128
18849	4129
28299	4130
8178	4131
5652	4132
12627	4133
7	4134
4848	4135
4456	4136
27371	4137
21070	4138
4149	4139
11962	4140
27047	4141
20152	4142
26652	4143
6642	4144
29316	4145
17797	4146
13177	4147
5238	4148
19741	4149
24862	4150
26928	4151
19220	4152
10135	4153
15437	4154
5864	4155
23891	4156
2250	4157
13893	4158
15272	4159
6240	4160
1000	4161
19276	4162
12063	4163
18234	4164
13950	4165
26302	4166
16624	4167
21645	4168
9476	4169
7387	4170
11212	4171
2118	4172
21147	4173
13017	4174
702	4175
11938	4176
1032	4177
24749	4178
25702	4179
16673	4180
23580	4181
10375	4182
7480	4183
6909	4184
16943	4185
279	4186
19993	4187
21763	4188
24919	4189
13199	4190
25700	4191
10819	4192
23063	4193
12609	4194
23314	4195
10928	4196
16609	4197
10335	4198
21460	4199
23437	4200
7876	4201
23857	4202
2248	4203
1789	4204
15848	4205
9309	4206
10905	4207
1820	4208
23849	4209
1999	4210
3853	4211
4469	4212
8028	4213
6777	4214
13243	4215
24956	4216
21315	4217
8873	4218
24100	4219
24249	4220
6938	4221
516	4222
3831	4223
4614	4224
2863	4225
15597	4226
20723	4227
15329	4228
7175	4229
6460	4230
18379	4231
201	4232
28846	4233
3927	4234
24146	4235
3069	4236
344	4237
4890	4238
5155	4239
19899	4240
23732	4241
16016	4242
23560	4243
24877	4244
17228	4245
23440	4246
13464	4247
3436	4248
12283	4249
3977	4250
15247	4251
18506	4252
26889	4253
290	4254
4802	4255
15056	4256
28045	4257
22065	4258
22873	4259
1266	4260
6776	4261
24511	4262
2764	4263
10861	4264
16648	4265
8051	4266
13786	4267
16213	4268
4400	4269
22603	4270
25521	4271
20089	4272
6011	4273
2986	4274
25562	4275
16240	4276
6129	4277
12459	4278
24350	4279
17258	4280
17138	4281
28435	4282
914	4283
14247	4284
18131	4285
21784	4286
28306	4287
25001	4288
29035	4289
19441	4290
10770	4291
18909	4292
4224	4293
29102	4294
2738	4295
27551	4296
9523	4297
102	4298
23393	4299
19684	4300
6830	4301
11756	4302
234	4303
29345	4304
26712	4305
9268	4306
18851	4307
29472	4308
19692	4309
4727	4310
21673	4311
1275	4312
8282	4313
27557	4314
12690	4315
11548	4316
10882	4317
26163	4318
10858	4319
3926	4320
17506	4321
13206	4322
26288	4323
24547	4324
13615	4325
25287	4326
173	4327
20932	4328
9662	4329
28262	4330
3246	4331
6022	4332
29180	4333
4662	4334
15630	4335
5257	4336
27212	4337
17754	4338
8003	4339
14154	4340
25608	4341
19442	4342
17529	4343
29091	4344
18407	4345
7322	4346
14215	4347
2993	4348
4220	4349
8973	4350
21462	4351
2495	4352
15839	4353
13397	4354
15310	4355
29534	4356
23330	4357
10368	4358
3826	4359
24958	4360
8411	4361
15732	4362
12064	4363
7791	4364
3625	4365
27658	4366
20678	4367
15640	4368
183	4369
13849	4370
3172	4371
178	4372
21175	4373
15985	4374
20306	4375
8015	4376
4980	4377
16333	4378
22069	4379
18277	4380
2533	4381
15144	4382
4645	4383
4734	4384
14594	4385
28009	4386
14473	4387
18824	4388
20571	4389
13582	4390
28602	4391
1291	4392
5605	4393
9299	4394
2465	4395
20639	4396
31	4397
20322	4398
1171	4399
1831	4400
5895	4401
23338	4402
7855	4403
1678	4404
22231	4405
8211	4406
15846	4407
19636	4408
25680	4409
10650	4410
20685	4411
27860	4412
26313	4413
5241	4414
12032	4415
12954	4416
28379	4417
28214	4418
4020	4419
23738	4420
15998	4421
28831	4422
19745	4423
4484	4424
16978	4425
5	4426
18556	4427
7156	4428
8483	4429
624	4430
17474	4431
5318	4432
10816	4433
24793	4434
14160	4435
10758	4436
20558	4437
22587	4438
19999	4439
28599	4440
27415	4441
22878	4442
5581	4443
2955	4444
8176	4445
26524	4446
25163	4447
26917	4448
491	4449
4955	4450
28931	4451
13425	4452
22206	4453
14805	4454
9353	4455
13427	4456
20472	4457
23902	4458
10138	4459
14443	4460
20945	4461
13661	4462
8894	4463
8476	4464
28404	4465
16008	4466
8910	4467
26166	4468
16616	4469
20191	4470
26632	4471
24923	4472
6863	4473
16397	4474
10932	4475
24484	4476
16	4477
4978	4478
3609	4479
11086	4480
21357	4481
25841	4482
8651	4483
26550	4484
29022	4485
6569	4486
69	4487
14912	4488
26102	4489
13420	4490
9866	4491
5400	4492
24247	4493
16790	4494
4981	4495
8663	4496
26925	4497
23451	4498
18494	4499
9164	4500
23282	4501
27939	4502
18733	4503
3029	4504
28285	4505
14076	4506
619	4507
11480	4508
6496	4509
23492	4510
26655	4511
25818	4512
12069	4513
1634	4514
25425	4515
16122	4516
23385	4517
2786	4518
17353	4519
24414	4520
27992	4521
6643	4522
680	4523
28344	4524
27226	4525
171	4526
1845	4527
5955	4528
5406	4529
374	4530
11165	4531
27053	4532
27054	4533
12253	4534
1740	4535
2878	4536
14177	4537
4410	4538
5046	4539
1061	4540
9644	4541
57	4542
2462	4543
17012	4544
20619	4545
19375	4546
21623	4547
13157	4548
27816	4549
25634	4550
23956	4551
4572	4552
2389	4553
4333	4554
20483	4555
26360	4556
3847	4557
3086	4558
20380	4559
26443	4560
28866	4561
1631	4562
21177	4563
16420	4564
1709	4565
730	4566
14330	4567
21730	4568
6945	4569
7401	4570
102	4571
8355	4572
23018	4573
22765	4574
11910	4575
25116	4576
19405	4577
25406	4578
123	4579
13943	4580
290	4581
2827	4582
27111	4583
11655	4584
524	4585
12873	4586
20189	4587
15823	4588
27081	4589
1231	4590
23990	4591
3042	4592
29502	4593
26463	4594
12	4595
13603	4596
15524	4597
11418	4598
9631	4599
17623	4600
18402	4601
15595	4602
3400	4603
22301	4604
5983	4605
8119	4606
17184	4607
15301	4608
19090	4609
19457	4610
144	4611
28498	4612
17769	4613
1808	4614
1757	4615
312	4616
4158	4617
26363	4618
25649	4619
3442	4620
10846	4621
13780	4622
21931	4623
24172	4624
24822	4625
750	4626
11469	4627
10167	4628
1214	4629
17371	4630
22489	4631
9085	4632
11581	4633
27577	4634
25281	4635
6722	4636
26396	4637
17932	4638
26777	4639
2333	4640
13360	4641
7562	4642
15466	4643
28235	4644
9496	4645
16386	4646
25971	4647
1584	4648
6131	4649
1518	4650
11286	4651
23344	4652
4194	4653
8186	4654
936	4655
7682	4656
2400	4657
28411	4658
4351	4659
1760	4660
10534	4661
4498	4662
9419	4663
19307	4664
27253	4665
28655	4666
375	4667
19471	4668
2330	4669
28737	4670
20694	4671
7795	4672
11166	4673
7426	4674
16186	4675
11987	4676
10890	4677
24578	4678
7423	4679
1151	4680
4642	4681
18606	4682
349	4683
18046	4684
17273	4685
29429	4686
2253	4687
18526	4688
26605	4689
16357	4690
13691	4691
26592	4692
13395	4693
22247	4694
11603	4695
28342	4696
11123	4697
8887	4698
14337	4699
1951	4700
28414	4701
6782	4702
20556	4703
29269	4704
3711	4705
5653	4706
27935	4707
6137	4708
6677	4709
23299	4710
27601	4711
20823	4712
26254	4713
3009	4714
26959	4715
25631	4716
14037	4717
21316	4718
8253	4719
48	4720
6048	4721
15865	4722
9941	4723
18486	4724
8891	4725
19751	4726
19115	4727
21232	4728
5794	4729
9173	4730
22623	4731
9648	4732
4517	4733
5689	4734
11305	4735
23429	4736
22474	4737
23225	4738
22844	4739
24093	4740
1654	4741
19283	4742
14777	4743
11715	4744
2418	4745
9260	4746
12087	4747
26556	4748
9829	4749
15227	4750
8770	4751
7116	4752
14607	4753
17857	4754
9678	4755
7028	4756
14223	4757
9160	4758
20803	4759
8599	4760
7067	4761
5451	4762
12168	4763
28911	4764
12502	4765
29189	4766
15720	4767
5737	4768
21238	4769
25711	4770
5660	4771
20536	4772
13122	4773
16436	4774
21124	4775
20129	4776
21670	4777
7813	4778
5170	4779
28315	4780
22805	4781
28053	4782
26393	4783
29408	4784
18137	4785
18451	4786
12753	4787
7485	4788
12725	4789
19369	4790
8798	4791
13736	4792
3466	4793
29101	4794
17914	4795
4431	4796
2997	4797
14496	4798
27175	4799
768	4800
23105	4801
24840	4802
3814	4803
19264	4804
1314	4805
12695	4806
12665	4807
717	4808
22909	4809
11143	4810
20377	4811
27698	4812
21196	4813
3675	4814
15502	4815
26109	4816
8752	4817
8310	4818
9192	4819
19465	4820
25330	4821
9315	4822
21056	4823
18833	4824
27110	4825
10343	4826
14277	4827
1984	4828
28258	4829
16454	4830
27750	4831
22950	4832
25932	4833
1982	4834
9618	4835
21530	4836
16270	4837
11913	4838
7732	4839
2125	4840
6124	4841
23982	4842
20512	4843
15222	4844
28016	4845
27641	4846
14672	4847
28162	4848
19146	4849
4816	4850
17637	4851
4047	4852
16424	4853
13237	4854
11695	4855
6122	4856
22712	4857
198	4858
11269	4859
28232	4860
17894	4861
3599	4862
18	4863
16013	4864
21911	4865
19711	4866
639	4867
4104	4868
25478	4869
5693	4870
28448	4871
22037	4872
16595	4873
23161	4874
29216	4875
3659	4876
1630	4877
7138	4878
22907	4879
13154	4880
23124	4881
25694	4882
15285	4883
6716	4884
16219	4885
7043	4886
12312	4887
3509	4888
19933	4889
8410	4890
11424	4891
12913	4892
13962	4893
23214	4894
20726	4895
7080	4896
1955	4897
292	4898
21965	4899
18621	4900
25624	4901
20440	4902
5374	4903
4129	4904
26901	4905
28833	4906
7337	4907
170	4908
1297	4909
7344	4910
24632	4911
25351	4912
28086	4913
16606	4914
27282	4915
16634	4916
11630	4917
10443	4918
628	4919
21266	4920
4060	4921
23570	4922
17134	4923
381	4924
11769	4925
3397	4926
21644	4927
20242	4928
9871	4929
10697	4930
27809	4931
4415	4932
29191	4933
18306	4934
28434	4935
28525	4936
2510	4937
28497	4938
449	4939
5738	4940
12582	4941
16846	4942
19522	4943
20001	4944
11097	4945
13008	4946
29221	4947
3468	4948
15363	4949
10274	4950
5156	4951
5938	4952
3781	4953
27242	4954
2479	4955
13723	4956
19574	4957
16529	4958
10897	4959
20205	4960
20696	4961
9404	4962
4353	4963
15594	4964
22459	4965
26011	4966
15733	4967
27064	4968
5293	4969
28031	4970
14012	4971
8084	4972
8870	4973
2675	4974
26871	4975
2792	4976
7172	4977
23978	4978
25597	4979
21481	4980
4438	4981
2460	4982
167	4983
23611	4984
8863	4985
26141	4986
22643	4987
27760	4988
9012	4989
24031	4990
1117	4991
4774	4992
14208	4993
8029	4994
20605	4995
5502	4996
9942	4997
19544	4998
2439	4999
8523	5000
6505	5001
25114	5002
13265	5003
18078	5004
13193	5005
28473	5006
18655	5007
28494	5008
29465	5009
26568	5010
9345	5011
19569	5012
655	5013
27085	5014
24606	5015
23604	5016
14619	5017
22753	5018
8312	5019
24739	5020
20478	5021
25563	5022
24381	5023
15305	5024
24665	5025
9097	5026
14785	5027
10761	5028
25923	5029
26352	5030
29100	5031
19502	5032
14935	5033
11515	5034
43	5035
19726	5036
1387	5037
712	5038
14336	5039
20097	5040
10721	5041
28443	5042
17782	5043
24913	5044
2423	5045
5705	5046
8196	5047
22825	5048
22488	5049
8750	5050
20729	5051
17369	5052
10559	5053
7585	5054
11893	5055
11514	5056
17747	5057
9513	5058
22341	5059
379	5060
1405	5061
18679	5062
66	5063
1132	5064
14871	5065
5307	5066
2380	5067
8348	5068
14410	5069
10839	5070
19462	5071
28966	5072
24229	5073
18408	5074
11605	5075
15450	5076
5269	5077
22539	5078
13741	5079
20594	5080
11916	5081
2655	5082
17953	5083
9836	5084
22311	5085
7564	5086
3438	5087
29292	5088
2567	5089
6999	5090
18886	5091
22729	5092
17125	5093
27843	5094
8813	5095
10151	5096
4122	5097
12604	5098
25374	5099
19812	5100
6771	5101
22766	5102
18786	5103
9710	5104
2404	5105
17548	5106
22540	5107
362	5108
2711	5109
17638	5110
3510	5111
10563	5112
10523	5113
24098	5114
11988	5115
5251	5116
12596	5117
9295	5118
23001	5119
21729	5120
4088	5121
844	5122
22189	5123
3320	5124
26125	5125
15004	5126
11374	5127
20400	5128
9059	5129
574	5130
18475	5131
1549	5132
3943	5133
7494	5134
4107	5135
21746	5136
13136	5137
29398	5138
18457	5139
611	5140
25260	5141
13361	5142
1912	5143
19002	5144
4952	5145
5129	5146
18515	5147
17951	5148
9545	5149
3715	5150
19582	5151
21201	5152
12973	5153
22218	5154
342	5155
14462	5156
6624	5157
6107	5158
27946	5159
3817	5160
26391	5161
17423	5162
9602	5163
28479	5164
29488	5165
12897	5166
23662	5167
18333	5168
6014	5169
5912	5170
11337	5171
25256	5172
22001	5173
7945	5174
23370	5175
23687	5176
2762	5177
25238	5178
10606	5179
17293	5180
14645	5181
7699	5182
20865	5183
25448	5184
21464	5185
12030	5186
7686	5187
17877	5188
21519	5189
7850	5190
9511	5191
1011	5192
3788	5193
20740	5194
20533	5195
21281	5196
11458	5197
16226	5198
7542	5199
10254	5200
11928	5201
16782	5202
4671	5203
21832	5204
16915	5205
18399	5206
13384	5207
19059	5208
15696	5209
9305	5210
7683	5211
7510	5212
22431	5213
14866	5214
11294	5215
14720	5216
1646	5217
5134	5218
16020	5219
9724	5220
9205	5221
5476	5222
7674	5223
16347	5224
7946	5225
20473	5226
19073	5227
2030	5228
20188	5229
24996	5230
4767	5231
16765	5232
3750	5233
26547	5234
12231	5235
15137	5236
26079	5237
20990	5238
7286	5239
9303	5240
26779	5241
19563	5242
21026	5243
6439	5244
16836	5245
28273	5246
5661	5247
24339	5248
1570	5249
9183	5250
9058	5251
13234	5252
25979	5253
1146	5254
1895	5255
22099	5256
19286	5257
20940	5258
11027	5259
21861	5260
5225	5261
5099	5262
8099	5263
28245	5264
12113	5265
4163	5266
439	5267
24250	5268
6785	5269
4087	5270
15374	5271
16456	5272
2435	5273
22235	5274
15258	5275
5908	5276
9597	5277
18206	5278
2241	5279
5910	5280
26961	5281
21518	5282
5787	5283
16646	5284
14442	5285
22190	5286
4316	5287
28526	5288
8986	5289
29002	5290
19731	5291
15106	5292
27305	5293
2814	5294
26357	5295
3951	5296
21529	5297
29423	5298
13923	5299
9697	5300
4071	5301
5053	5302
1824	5303
14793	5304
23232	5305
28416	5306
25959	5307
6261	5308
6905	5309
17003	5310
16805	5311
21897	5312
5750	5313
18008	5314
7961	5315
5386	5316
16155	5317
6922	5318
1796	5319
29193	5320
15051	5321
10390	5322
15446	5323
23189	5324
19656	5325
27318	5326
10878	5327
15010	5328
4141	5329
12012	5330
17837	5331
20404	5332
5082	5333
56	5334
14220	5335
11936	5336
25496	5337
28290	5338
17209	5339
11313	5340
8156	5341
14147	5342
17600	5343
26509	5344
6930	5345
19498	5346
4812	5347
24003	5348
926	5349
10471	5350
1618	5351
10571	5352
8455	5353
3684	5354
20409	5355
18801	5356
18688	5357
28940	5358
10353	5359
14804	5360
5223	5361
5696	5362
651	5363
29463	5364
25981	5365
16514	5366
21648	5367
1605	5368
4805	5369
12723	5370
12034	5371
19385	5372
5282	5373
7924	5374
8942	5375
28756	5376
21597	5377
2106	5378
25296	5379
25582	5380
22053	5381
22528	5382
23740	5383
24106	5384
27758	5385
2691	5386
23091	5387
10538	5388
2080	5389
19614	5390
6440	5391
16743	5392
15959	5393
15605	5394
17895	5395
15005	5396
2099	5397
22538	5398
16421	5399
9885	5400
11361	5401
15462	5402
16781	5403
7468	5404
6081	5405
28701	5406
4852	5407
19216	5408
16800	5409
38	5410
308	5411
6491	5412
11786	5413
8228	5414
16171	5415
20269	5416
19843	5417
7983	5418
11109	5419
17629	5420
337	5421
27916	5422
29338	5423
9810	5424
20782	5425
4717	5426
16370	5427
22326	5428
953	5429
12276	5430
12291	5431
27193	5432
5599	5433
5222	5434
2781	5435
5268	5436
28617	5437
2652	5438
25882	5439
9875	5440
1307	5441
20757	5442
649	5443
1065	5444
274	5445
1131	5446
21260	5447
11370	5448
2911	5449
23298	5450
15566	5451
16041	5452
2224	5453
12261	5454
26328	5455
2210	5456
12721	5457
15248	5458
12373	5459
23052	5460
6016	5461
26068	5462
1597	5463
14438	5464
8895	5465
19253	5466
12324	5467
7979	5468
19497	5469
8513	5470
306	5471
484	5472
19943	5473
29264	5474
24950	5475
17765	5476
19061	5477
7633	5478
9679	5479
24045	5480
13164	5481
7037	5482
7312	5483
29390	5484
18034	5485
26512	5486
15068	5487
20601	5488
4574	5489
19118	5490
3741	5491
20068	5492
5339	5493
8582	5494
29302	5495
189	5496
10039	5497
10287	5498
16839	5499
14908	5500
6868	5501
27376	5502
19275	5503
29124	5504
10768	5505
27716	5506
12151	5507
23089	5508
15468	5509
20648	5510
20249	5511
20171	5512
6733	5513
6838	5514
12450	5515
11565	5516
25610	5517
28731	5518
4876	5519
20032	5520
593	5521
6955	5522
2893	5523
28864	5524
6562	5525
1096	5526
16202	5527
4156	5528
14630	5529
15389	5530
8546	5531
15196	5532
10458	5533
20153	5534
9546	5535
13012	5536
18091	5537
5808	5538
4795	5539
9274	5540
64	5541
20233	5542
1644	5543
22671	5544
13823	5545
11439	5546
17723	5547
9749	5548
8856	5549
16157	5550
9856	5551
16376	5552
1988	5553
1885	5554
8926	5555
36	5556
3723	5557
4227	5558
223	5559
12867	5560
29210	5561
29455	5562
9575	5563
1456	5564
23454	5565
18180	5566
25421	5567
7320	5568
7184	5569
29135	5570
25957	5571
3841	5572
6917	5573
11892	5574
234	5575
162	5576
2581	5577
19124	5578
3576	5579
15655	5580
12298	5581
22594	5582
10291	5583
1384	5584
20266	5585
4414	5586
22573	5587
4466	5588
22472	5589
5135	5590
11024	5591
11571	5592
23484	5593
16416	5594
22236	5595
18948	5596
17267	5597
23065	5598
1499	5599
15932	5600
7222	5601
15194	5602
27146	5603
1648	5604
23353	5605
6534	5606
7729	5607
13274	5608
2631	5609
28033	5610
51	5611
13115	5612
29478	5613
9846	5614
20798	5615
221	5616
20257	5617
416	5618
6421	5619
12463	5620
13864	5621
3197	5622
25079	5623
14861	5624
26936	5625
17813	5626
8200	5627
1092	5628
10752	5629
20801	5630
23101	5631
12739	5632
10482	5633
20604	5634
26337	5635
5127	5636
21291	5637
4388	5638
6502	5639
18906	5640
12706	5641
26030	5642
8239	5643
23479	5644
7745	5645
149	5646
7075	5647
28680	5648
5315	5649
28445	5650
4068	5651
4730	5652
25410	5653
27871	5654
10623	5655
13175	5656
74	5657
9220	5658
20851	5659
3916	5660
11716	5661
3431	5662
23272	5663
3260	5664
1524	5665
28524	5666
16118	5667
23515	5668
9542	5669
27842	5670
16181	5671
23876	5672
23685	5673
7974	5674
12622	5675
20908	5676
4183	5677
18787	5678
23619	5679
3833	5680
4975	5681
22545	5682
8903	5683
10960	5684
18857	5685
23901	5686
29234	5687
12105	5688
5731	5689
28103	5690
11057	5691
12746	5692
367	5693
14082	5694
21427	5695
1008	5696
490	5697
17407	5698
26326	5699
18257	5700
7671	5701
4943	5702
15250	5703
12758	5704
8653	5705
25246	5706
17354	5707
13573	5708
7998	5709
22852	5710
22869	5711
21850	5712
19319	5713
14937	5714
23887	5715
29377	5716
29413	5717
15754	5718
21179	5719
8509	5720
219	5721
14002	5722
10137	5723
23577	5724
3117	5725
7608	5726
15375	5727
29192	5728
14910	5729
9358	5730
96	5731
17421	5732
11718	5733
14957	5734
23339	5735
4575	5736
58	5737
388	5738
6755	5739
1639	5740
27126	5741
3592	5742
7108	5743
17706	5744
2529	5745
21408	5746
24371	5747
28095	5748
25189	5749
25541	5750
26997	5751
24489	5752
15835	5753
15416	5754
3362	5755
23209	5756
17348	5757
28556	5758
18709	5759
21025	5760
8289	5761
22068	5762
27498	5763
19859	5764
23805	5765
28100	5766
21473	5767
22010	5768
11644	5769
11524	5770
15780	5771
1502	5772
28040	5773
11064	5774
21734	5775
15978	5776
23971	5777
7161	5778
24625	5779
7473	5780
23469	5781
8487	5782
4825	5783
21359	5784
15239	5785
8667	5786
13945	5787
21300	5788
21391	5789
21688	5790
24360	5791
23275	5792
22261	5793
20158	5794
5108	5795
5316	5796
12526	5797
28977	5798
6684	5799
23508	5800
15907	5801
5101	5802
22665	5803
25916	5804
15884	5805
5338	5806
5011	5807
26397	5808
6057	5809
11389	5810
15963	5811
3834	5812
396	5813
19103	5814
12959	5815
26721	5816
23872	5817
24439	5818
4847	5819
9896	5820
29138	5821
2669	5822
19683	5823
14145	5824
23910	5825
25857	5826
5448	5827
3322	5828
26826	5829
17460	5830
8256	5831
20399	5832
15678	5833
19120	5834
16067	5835
15407	5836
11315	5837
21353	5838
8079	5839
13870	5840
6704	5841
12491	5842
13050	5843
17603	5844
17978	5845
23895	5846
22514	5847
11782	5848
23527	5849
24723	5850
7408	5851
19509	5852
29294	5853
24335	5854
27448	5855
5764	5856
19596	5857
21054	5858
19045	5859
4112	5860
18599	5861
15111	5862
16072	5863
25070	5864
29000	5865
90	5866
14358	5867
25898	5868
19836	5869
13692	5870
9730	5871
10764	5872
21775	5873
21977	5874
28620	5875
2746	5876
4139	5877
28218	5878
14056	5879
7914	5880
12059	5881
3291	5882
21253	5883
14552	5884
29378	5885
20494	5886
23769	5887
6695	5888
26958	5889
3169	5890
25995	5891
22367	5892
2772	5893
22547	5894
17915	5895
4198	5896
13342	5897
20312	5898
1558	5899
2840	5900
7653	5901
19583	5902
24629	5903
26161	5904
12420	5905
18951	5906
3669	5907
12284	5908
17220	5909
25206	5910
27285	5911
22286	5912
3997	5913
3685	5914
15085	5915
12259	5916
17031	5917
19729	5918
222	5919
2743	5920
21604	5921
19970	5922
9238	5923
1374	5924
25911	5925
1627	5926
14	5927
25713	5928
13891	5929
5182	5930
96	5931
21512	5932
14926	5933
17810	5934
12694	5935
8732	5936
24867	5937
16542	5938
9279	5939
7111	5940
16741	5941
340	5942
15253	5943
28708	5944
17800	5945
10553	5946
25706	5947
24592	5948
19798	5949
2806	5950
27799	5951
6761	5952
28675	5953
11505	5954
12533	5955
4787	5956
28341	5957
22826	5958
8182	5959
1913	5960
19145	5961
21239	5962
6088	5963
23924	5964
22036	5965
18106	5966
22240	5967
6806	5968
2129	5969
26897	5970
21465	5971
20608	5972
29509	5973
9187	5974
1489	5975
27792	5976
15436	5977
18082	5978
28159	5979
8453	5980
15439	5981
11607	5982
13457	5983
21073	5984
8137	5985
19736	5986
26770	5987
19607	5988
15476	5989
20243	5990
17481	5991
2344	5992
4643	5993
20006	5994
12326	5995
8781	5996
25753	5997
24302	5998
18339	5999
12505	6000
14433	6001
11642	6002
19185	6003
15896	6004
27999	6005
3530	6006
16109	6007
4706	6008
28259	6009
12715	6010
6378	6011
22748	6012
13758	6013
7251	6014
13687	6015
16652	6016
1963	6017
278	6018
25277	6019
6926	6020
28761	6021
17855	6022
1866	6023
18290	6024
25308	6025
25665	6026
25433	6027
28695	6028
20146	6029
19125	6030
3305	6031
27797	6032
24619	6033
8807	6034
13625	6035
11441	6036
21210	6037
13461	6038
168	6039
12929	6040
11135	6041
4080	6042
7736	6043
6977	6044
429	6045
9235	6046
28066	6047
6850	6048
2794	6049
10386	6050
8989	6051
27288	6052
2541	6053
15181	6054
2443	6055
27343	6056
8318	6057
28998	6058
13696	6059
22077	6060
9936	6061
21310	6062
24821	6063
8264	6064
11028	6065
3294	6066
14637	6067
15852	6068
3410	6069
14121	6070
2272	6071
10877	6072
12572	6073
9215	6074
7503	6075
7454	6076
23027	6077
14049	6078
27989	6079
13846	6080
13242	6081
26788	6082
29009	6083
13261	6084
5814	6085
19334	6086
5924	6087
18664	6088
3379	6089
1320	6090
28630	6091
8614	6092
21962	6093
23555	6094
17493	6095
8934	6096
3941	6097
17221	6098
15830	6099
11553	6100
26459	6101
26641	6102
22796	6103
24788	6104
8800	6105
6751	6106
8578	6107
20088	6108
4868	6109
21523	6110
26659	6111
13924	6112
20259	6113
8662	6114
19368	6115
11001	6116
27245	6117
27150	6118
19642	6119
15629	6120
12145	6121
25309	6122
19123	6123
9453	6124
7874	6125
12282	6126
9769	6127
20598	6128
6605	6129
7534	6130
20429	6131
16819	6132
20313	6133
20321	6134
16489	6135
16860	6136
16804	6137
17698	6138
3311	6139
19719	6140
6177	6141
15422	6142
10056	6143
10685	6144
13876	6145
29244	6146
974	6147
15344	6148
10974	6149
2546	6150
550	6151
6747	6152
27491	6153
23336	6154
14550	6155
156	6156
5174	6157
24	6158
26906	6159
258	6160
24034	6161
738	6162
8274	6163
23680	6164
11614	6165
7246	6166
8712	6167
4454	6168
3055	6169
7130	6170
4308	6171
4581	6172
7999	6173
25997	6174
2587	6175
27511	6176
12905	6177
11527	6178
3680	6179
6271	6180
10424	6181
26814	6182
19936	6183
14881	6184
28368	6185
6325	6186
9714	6187
8906	6188
1755	6189
22451	6190
27608	6191
1403	6192
18862	6193
6196	6194
1	6195
19501	6196
29067	6197
15138	6198
3821	6199
22850	6200
27535	6201
16737	6202
4324	6203
26829	6204
11917	6205
4225	6206
5113	6207
13347	6208
7240	6209
12433	6210
20800	6211
18854	6212
27743	6213
12903	6214
13153	6215
4326	6216
5296	6217
9298	6218
14914	6219
15021	6220
24607	6221
2081	6222
17935	6223
4688	6224
10080	6225
25199	6226
14055	6227
23316	6228
5302	6229
14256	6230
23247	6231
15195	6232
20419	6233
23397	6234
15506	6235
3526	6236
294	6237
22467	6238
15976	6239
29383	6240
11803	6241
10659	6242
28233	6243
16546	6244
25682	6245
357	6246
29305	6247
18117	6248
3932	6249
454	6250
24338	6251
11536	6252
6746	6253
5841	6254
7710	6255
7844	6256
4050	6257
3387	6258
27231	6259
2047	6260
27350	6261
1	6262
10068	6263
14833	6264
2875	6265
10642	6266
21309	6267
22479	6268
653	6269
8367	6270
9965	6271
7730	6272
25131	6273
20720	6274
3409	6275
25237	6276
10436	6277
10718	6278
13930	6279
7767	6280
23535	6281
14169	6282
299	6283
6410	6284
3271	6285
22904	6286
9765	6287
1180	6288
17863	6289
3193	6290
6612	6291
16517	6292
20334	6293
9914	6294
16172	6295
3800	6296
809	6297
12516	6298
4627	6299
17164	6300
1451	6301
5320	6302
4655	6303
24116	6304
25509	6305
15895	6306
1280	6307
1345	6308
26732	6309
8279	6310
21896	6311
22520	6312
15391	6313
24171	6314
5865	6315
1318	6316
15613	6317
13072	6318
21996	6319
3356	6320
2799	6321
23501	6322
2385	6323
28249	6324
21671	6325
12089	6326
14736	6327
9855	6328
10327	6329
2939	6330
11281	6331
26965	6332
17555	6333
666	6334
15266	6335
24315	6336
1269	6337
9457	6338
13783	6339
23689	6340
27157	6341
1123	6342
10493	6343
22812	6344
22149	6345
991	6346
6407	6347
4907	6348
59	6349
5565	6350
17272	6351
26758	6352
23318	6353
8510	6354
16576	6355
8277	6356
24470	6357
20631	6358
8286	6359
16591	6360
19720	6361
7174	6362
9857	6363
21259	6364
10149	6365
18784	6366
10688	6367
16183	6368
19633	6369
10616	6370
25404	6371
8831	6372
29541	6373
19723	6374
21543	6375
6539	6376
27695	6377
3385	6378
11242	6379
11629	6380
24213	6381
13523	6382
16798	6383
19889	6384
10052	6385
7292	6386
20354	6387
28886	6388
25692	6389
25127	6390
8424	6391
19665	6392
28978	6393
6994	6394
23461	6395
7169	6396
28171	6397
15402	6398
14320	6399
24662	6400
20331	6401
19830	6402
11204	6403
24964	6404
7973	6405
11751	6406
722	6407
11098	6408
7512	6409
28242	6410
6172	6411
28647	6412
22345	6413
17370	6414
756	6415
21651	6416
172	6417
19169	6418
27292	6419
28688	6420
1055	6421
22244	6422
27148	6423
22537	6424
29265	6425
1326	6426
21884	6427
20394	6428
26415	6429
16557	6430
23057	6431
21350	6432
11923	6433
24860	6434
15098	6435
8205	6436
8676	6437
10241	6438
15126	6439
7956	6440
3394	6441
25401	6442
2594	6443
10756	6444
25856	6445
12444	6446
17743	6447
17491	6448
9963	6449
2160	6450
24555	6451
8569	6452
6110	6453
22379	6454
12256	6455
27993	6456
5412	6457
26387	6458
24016	6459
16779	6460
8088	6461
11998	6462
17536	6463
5650	6464
759	6465
21140	6466
5801	6467
17199	6468
19421	6469
4782	6470
3612	6471
10428	6472
17487	6473
21640	6474
1088	6475
14765	6476
15299	6477
431	6478
17703	6479
19800	6480
19615	6481
8539	6482
14621	6483
16972	6484
7833	6485
21165	6486
27829	6487
25641	6488
25836	6489
11676	6490
22135	6491
15861	6492
9312	6493
8131	6494
14948	6495
5333	6496
9944	6497
19349	6498
20600	6499
3044	6500
21735	6501
5032	6502
60	6503
10900	6504
29071	6505
21370	6506
7235	6507
12345	6508
21925	6509
22233	6510
27283	6511
10634	6512
27264	6513
6284	6514
1163	6515
17431	6516
4505	6517
7458	6518
26399	6519
1897	6520
14308	6521
12796	6522
15249	6523
19446	6524
28958	6525
27777	6526
24402	6527
916	6528
3569	6529
8327	6530
601	6531
24560	6532
9729	6533
13996	6534
8551	6535
20876	6536
18559	6537
14044	6538
19601	6539
7003	6540
3182	6541
7809	6542
13789	6543
26465	6544
28123	6545
1869	6546
5005	6547
2824	6548
1915	6549
22981	6550
15206	6551
16199	6552
13619	6553
28657	6554
13062	6555
3056	6556
21169	6557
16396	6558
18056	6559
24869	6560
28857	6561
8168	6562
4459	6563
20114	6564
8765	6565
22674	6566
22146	6567
25703	6568
160	6569
23249	6570
23074	6571
3664	6572
4054	6573
12054	6574
8938	6575
26820	6576
8607	6577
9964	6578
21821	6579
13100	6580
9666	6581
15002	6582
21932	6583
8245	6584
28240	6585
3793	6586
17461	6587
6737	6588
27936	6589
1694	6590
17226	6591
13688	6592
21684	6593
28444	6594
8939	6595
13117	6596
14730	6597
8828	6598
4593	6599
17961	6600
90	6601
12501	6602
5853	6603
19620	6604
22885	6605
15135	6606
27392	6607
18114	6608
15515	6609
11880	6610
21218	6611
21798	6612
23793	6613
23794	6614
13183	6615
18573	6616
5848	6617
5306	6618
16592	6619
10176	6620
29416	6621
10266	6622
20070	6623
18304	6624
2857	6625
23874	6626
2198	6627
2056	6628
1481	6629
10384	6630
3122	6631
3588	6632
12075	6633
25222	6634
1754	6635
16344	6636
9282	6637
19333	6638
13455	6639
5330	6640
9892	6641
24921	6642
29275	6643
4254	6644
6980	6645
14975	6646
18014	6647
24857	6648
5901	6649
2754	6650
25085	6651
27683	6652
25164	6653
7722	6654
15555	6655
72	6656
16153	6657
21942	6658
25208	6659
139	6660
8162	6661
8913	6662
8879	6663
14499	6664
4509	6665
21053	6666
3548	6667
6678	6668
6194	6669
20174	6670
10231	6671
13706	6672
9930	6673
18745	6674
20241	6675
22792	6676
14203	6677
13632	6678
13336	6679
9171	6680
5177	6681
16115	6682
1803	6683
22331	6684
28197	6685
13005	6686
28917	6687
3038	6688
15034	6689
20655	6690
2789	6691
19042	6692
4953	6693
23348	6694
25249	6695
24930	6696
29003	6697
23653	6698
17315	6699
20785	6700
18626	6701
20843	6702
21656	6703
270	6704
17613	6705
26260	6706
25186	6707
19915	6708
15916	6709
9921	6710
10585	6711
13301	6712
5358	6713
2561	6714
28333	6715
12755	6716
11293	6717
2641	6718
8447	6719
7017	6720
3639	6721
15970	6722
10809	6723
22596	6724
6627	6725
23938	6726
24169	6727
12096	6728
13506	6729
28065	6730
172	6731
15228	6732
17957	6733
13454	6734
13750	6735
10717	6736
14109	6737
29461	6738
7601	6739
17545	6740
9658	6741
10899	6742
23378	6743
25095	6744
16484	6745
25723	6746
12895	6747
14847	6748
23497	6749
20496	6750
29125	6751
2188	6752
6896	6753
28829	6754
3602	6755
17546	6756
21438	6757
24746	6758
21583	6759
27251	6760
14474	6761
21109	6762
17217	6763
316	6764
23852	6765
2489	6766
9492	6767
2519	6768
23446	6769
20314	6770
237	6771
18762	6772
13411	6773
29342	6774
26129	6775
25930	6776
8857	6777
13526	6778
7993	6779
2981	6780
20025	6781
22503	6782
19516	6783
12129	6784
16581	6785
28713	6786
3378	6787
16225	6788
9197	6789
12771	6790
19896	6791
314	6792
26636	6793
4286	6794
875	6795
21745	6796
2526	6797
25619	6798
26587	6799
4094	6800
24571	6801
14563	6802
26534	6803
28512	6804
21369	6805
3697	6806
7643	6807
3867	6808
27094	6809
13671	6810
18953	6811
9628	6812
16372	6813
19953	6814
6813	6815
27818	6816
11985	6817
16143	6818
17313	6819
28751	6820
3805	6821
27814	6822
4327	6823
18585	6824
4857	6825
979	6826
14613	6827
28827	6828
4441	6829
14710	6830
917	6831
10984	6832
16715	6833
16940	6834
27443	6835
468	6836
24288	6837
21037	6838
2897	6839
8780	6840
18314	6841
29238	6842
26027	6843
27848	6844
19905	6845
14647	6846
10820	6847
3071	6848
12353	6849
15929	6850
8123	6851
25578	6852
11358	6853
23178	6854
27984	6855
20760	6856
28108	6857
8536	6858
1148	6859
19051	6860
12743	6861
25111	6862
27017	6863
8089	6864
20885	6865
11934	6866
16027	6867
19526	6868
3707	6869
9070	6870
22453	6871
2985	6872
128	6873
6499	6874
9154	6875
4740	6876
9512	6877
20005	6878
29443	6879
19007	6880
6389	6881
21508	6882
8516	6883
11175	6884
18139	6885
25894	6886
24380	6887
29	6888
1645	6889
17408	6890
9126	6891
6658	6892
17792	6893
114	6894
22498	6895
25150	6896
4796	6897
14535	6898
16855	6899
15336	6900
22697	6901
10339	6902
9823	6903
11311	6904
21133	6905
3145	6906
1351	6907
3407	6908
10926	6909
9580	6910
13339	6911
2701	6912
19679	6913
16304	6914
14427	6915
2819	6916
20373	6917
23832	6918
27889	6919
3756	6920
2348	6921
13098	6922
899	6923
8432	6924
4982	6925
3315	6926
3512	6927
25312	6928
5094	6929
18536	6930
6312	6931
22708	6932
25345	6933
1446	6934
153	6935
19560	6936
11804	6937
25424	6938
4240	6939
19709	6940
19738	6941
26808	6942
24944	6943
20376	6944
20353	6945
14210	6946
4702	6947
15627	6948
789	6949
24077	6950
4354	6951
28953	6952
14794	6953
5343	6954
11522	6955
4367	6956
10066	6957
23791	6958
10166	6959
17890	6960
24718	6961
5996	6962
18624	6963
4347	6964
24136	6965
854	6966
24798	6967
5806	6968
12103	6969
15035	6970
8326	6971
14466	6972
29113	6973
2637	6974
18104	6975
889	6976
21009	6977
25298	6978
7195	6979
18468	6980
19718	6981
2409	6982
7540	6983
11130	6984
14724	6985
28543	6986
8549	6987
15233	6988
12850	6989
12218	6990
8083	6991
24901	6992
23255	6993
20828	6994
26087	6995
13894	6996
4725	6997
7902	6998
16549	6999
20272	7000
22416	7001
18428	7002
26840	7003
2189	7004
14251	7005
20946	7006
13210	7007
28814	7008
12515	7009
10298	7010
15214	7011
14062	7012
3532	7013
6757	7014
29197	7015
21160	7016
5488	7017
16005	7018
3890	7019
17892	7020
2132	7021
16015	7022
4421	7023
18401	7024
15882	7025
265	7026
23021	7027
1520	7028
20910	7029
1825	7030
3457	7031
12503	7032
10415	7033
13520	7034
43	7035
28619	7036
4539	7037
18832	7038
23814	7039
252	7040
6317	7041
20845	7042
4648	7043
13163	7044
8177	7045
17635	7046
14677	7047
2441	7048
22272	7049
4392	7050
16212	7051
13543	7052
29134	7053
10003	7054
13403	7055
23071	7056
19155	7057
4044	7058
7127	7059
6646	7060
23488	7061
25660	7062
21373	7063
16315	7064
23673	7065
26120	7066
4903	7067
8741	7068
18244	7069
18565	7070
3234	7071
24062	7072
28450	7073
16822	7074
17805	7075
18466	7076
2885	7077
10844	7078
7104	7079
20821	7080
26806	7081
25221	7082
17391	7083
21285	7084
23190	7085
4097	7086
24770	7087
14174	7088
14589	7089
15080	7090
356	7091
1811	7092
3262	7093
25081	7094
5310	7095
28586	7096
27113	7097
10510	7098
9261	7099
866	7100
13977	7101
15145	7102
3759	7103
25060	7104
17299	7105
2402	7106
14841	7107
20728	7108
6894	7109
29097	7110
11105	7111
22073	7112
29387	7113
9078	7114
27451	7115
5385	7116
3060	7117
28099	7118
6444	7119
9498	7120
11649	7121
2288	7122
21042	7123
7137	7124
10852	7125
25385	7126
17406	7127
3381	7128
5935	7129
26923	7130
1810	7131
5713	7132
27959	7133
4577	7134
6272	7135
23474	7136
3036	7137
15821	7138
16921	7139
5690	7140
25414	7141
18118	7142
22971	7143
10059	7144
28032	7145
11543	7146
8628	7147
24230	7148
31	7149
28766	7150
29211	7151
23482	7152
17178	7153
18900	7154
24570	7155
254	7156
20451	7157
12159	7158
8234	7159
7992	7160
4320	7161
20922	7162
27675	7163
21837	7164
25837	7165
20936	7166
20291	7167
8008	7168
15029	7169
1009	7170
12643	7171
16328	7172
12735	7173
25264	7174
17975	7175
10953	7176
25548	7177
13975	7178
18694	7179
19674	7180
17366	7181
25219	7182
21995	7183
21272	7184
22702	7185
17446	7186
2796	7187
22773	7188
20963	7189
8067	7190
20154	7191
18343	7192
13709	7193
1591	7194
21486	7195
8027	7196
10811	7197
10666	7198
18757	7199
24316	7200
21796	7201
14857	7202
20076	7203
19571	7204
5762	7205
3911	7206
27827	7207
24227	7208
14983	7209
20299	7210
6662	7211
20460	7212
28231	7213
13831	7214
27493	7215
9874	7216
27095	7217
19414	7218
15931	7219
22938	7220
27526	7221
24565	7222
15925	7223
8498	7224
9960	7225
8133	7226
27434	7227
21233	7228
20366	7229
10105	7230
25701	7231
8271	7232
17865	7233
3059	7234
10069	7235
23044	7236
16559	7237
2222	7238
13196	7239
1542	7240
20505	7241
22654	7242
15548	7243
24519	7244
25906	7245
6180	7246
28012	7247
17270	7248
29051	7249
2628	7250
23337	7251
9799	7252
21461	7253
24253	7254
8718	7255
24982	7256
25248	7257
26118	7258
284	7259
13922	7260
3349	7261
28565	7262
3644	7263
8240	7264
12191	7265
24895	7266
27500	7267
20943	7268
14086	7269
14532	7270
3803	7271
15395	7272
22273	7273
83	7274
8480	7275
14186	7276
13762	7277
24596	7278
24599	7279
23708	7280
1794	7281
4683	7282
3939	7283
27147	7284
18220	7285
24616	7286
18400	7287
19159	7288
13589	7289
11766	7290
15345	7291
26123	7292
9170	7293
25038	7294
16599	7295
5834	7296
18330	7297
19958	7298
27257	7299
22874	7300
11974	7301
22294	7302
14334	7303
10627	7304
625	7305
24394	7306
23640	7307
7266	7308
9304	7309
27199	7310
28020	7311
13874	7312
23291	7313
14728	7314
6056	7315
21532	7316
10447	7317
21758	7318
21608	7319
17670	7320
24617	7321
15046	7322
20465	7323
29152	7324
2861	7325
25274	7326
15556	7327
23185	7328
24928	7329
26468	7330
4751	7331
3925	7332
8138	7333
4762	7334
17429	7335
2436	7336
27239	7337
25986	7338
18085	7339
4700	7340
22912	7341
25921	7342
6292	7343
11450	7344
5873	7345
10823	7346
6158	7347
26583	7348
14883	7349
5886	7350
4865	7351
20221	7352
21552	7353
13844	7354
6519	7355
14616	7356
21538	7357
28384	7358
3820	7359
24846	7360
251	7361
9034	7362
14894	7363
11748	7364
23665	7365
5047	7366
12091	7367
1500	7368
27821	7369
5298	7370
49	7371
14560	7372
4682	7373
12099	7374
18175	7375
3278	7376
14855	7377
17361	7378
17056	7379
9283	7380
16343	7381
21706	7382
1086	7383
21490	7384
28954	7385
19930	7386
23165	7387
24504	7388
16434	7389
5538	7390
42	7391
19351	7392
9452	7393
9289	7394
16747	7395
11826	7396
10168	7397
12757	7398
1	7399
11176	7400
3206	7401
503	7402
29300	7403
8565	7404
21974	7405
16675	7406
9392	7407
24905	7408
11812	7409
16352	7410
4631	7411
17622	7412
4479	7413
20794	7414
5877	7415
10837	7416
15707	7417
20888	7418
28030	7419
26685	7420
13213	7421
28562	7422
22763	7423
9339	7424
17415	7425
23002	7426
12481	7427
21626	7428
27547	7429
13913	7430
25812	7431
4009	7432
10748	7433
22557	7434
17120	7435
28844	7436
13890	7437
14573	7438
21144	7439
10989	7440
21319	7441
13326	7442
4433	7443
14640	7444
10221	7445
24403	7446
20301	7447
15649	7448
25515	7449
3552	7450
14106	7451
14650	7452
2050	7453
9	7454
28574	7455
17927	7456
6038	7457
2429	7458
17612	7459
22684	7460
5658	7461
11903	7462
14206	7463
9001	7464
272	7465
9538	7466
333	7467
5525	7468
19477	7469
12189	7470
12514	7471
5951	7472
25337	7473
1875	7474
8	7475
24124	7476
310	7477
21742	7478
27414	7479
24194	7480
26077	7481
3307	7482
29334	7483
28890	7484
15173	7485
14762	7486
4187	7487
7252	7488
28268	7489
16993	7490
15624	7491
29115	7492
28818	7493
28707	7494
8965	7495
3799	7496
18019	7497
24006	7498
12331	7499
21997	7500
9351	7501
25217	7502
29177	7503
24385	7504
7057	7505
131	7506
27426	7507
6260	7508
5655	7509
28710	7510
4749	7511
25698	7512
6448	7513
17247	7514
25925	7515
3515	7516
10987	7517
18301	7518
26607	7519
966	7520
21860	7521
6132	7522
19507	7523
28945	7524
1598	7525
7644	7526
14456	7527
7740	7528
19328	7529
20585	7530
26325	7531
20860	7532
26876	7533
27495	7534
17208	7535
17720	7536
7759	7537
28897	7538
4726	7539
11379	7540
28078	7541
14428	7542
23906	7543
7207	7544
28132	7545
9366	7546
68	7547
3371	7548
11999	7549
6318	7550
16371	7551
8756	7552
1544	7553
5186	7554
21578	7555
4533	7556
21007	7557
19493	7558
10324	7559
20133	7560
13830	7561
19568	7562
26684	7563
11894	7564
15396	7565
26986	7566
23200	7567
28462	7568
15942	7569
17344	7570
9979	7571
11787	7572
19100	7573
3087	7574
22563	7575
2726	7576
15124	7577
6031	7578
22128	7579
20199	7580
11572	7581
18807	7582
27769	7583
26504	7584
17977	7585
24137	7586
11079	7587
19391	7588
6026	7589
14374	7590
6958	7591
8659	7592
14819	7593
132	7594
11576	7595
8430	7596
2121	7597
21928	7598
7639	7599
23450	7600
12925	7601
20073	7602
24935	7603
4115	7604
11790	7605
15778	7606
20281	7607
21015	7608
26034	7609
6431	7610
4221	7611
28295	7612
21456	7613
10763	7614
16655	7615
14481	7616
15927	7617
5954	7618
2523	7619
15885	7620
21658	7621
18671	7622
147	7623
7132	7624
15659	7625
6503	7626
13980	7627
26305	7628
17086	7629
29253	7630
14275	7631
20237	7632
582	7633
24054	7634
26060	7635
9551	7636
9717	7637
5275	7638
1479	7639
18549	7640
19676	7641
2721	7642
18531	7643
3518	7644
8495	7645
28113	7646
14526	7647
7970	7648
14368	7649
26539	7650
23784	7651
27063	7652
25643	7653
13972	7654
2948	7655
360	7656
10931	7657
21657	7658
14152	7659
20653	7660
8082	7661
9778	7662
3090	7663
23718	7664
17155	7665
4618	7666
21497	7667
18318	7668
10190	7669
24693	7670
873	7671
21447	7672
14529	7673
17646	7674
15553	7675
12916	7676
9210	7677
3731	7678
23351	7679
20042	7680
24997	7681
27267	7682
17726	7683
13073	7684
25458	7685
25644	7686
14586	7687
29458	7688
9297	7689
1114	7690
26932	7691
12606	7692
842	7693
25258	7694
19559	7695
10838	7696
8604	7697
17500	7698
4541	7699
10218	7700
22735	7701
19804	7702
9550	7703
3566	7704
24902	7705
21307	7706
11561	7707
7439	7708
26740	7709
7014	7710
17804	7711
9567	7712
24751	7713
6807	7714
19231	7715
5981	7716
19923	7717
9639	7718
187	7719
8381	7720
21276	7721
19018	7722
20979	7723
7610	7724
3689	7725
8235	7726
10427	7727
1506	7728
9587	7729
22391	7730
28531	7731
13104	7732
18663	7733
14040	7734
15990	7735
23260	7736
3367	7737
1066	7738
16404	7739
22746	7740
18249	7741
3323	7742
24451	7743
17441	7744
19181	7745
13323	7746
4370	7747
17490	7748
7152	7749
27968	7750
25952	7751
17845	7752
7528	7753
17901	7754
11699	7755
6306	7756
21149	7757
993	7758
3383	7759
13078	7760
19428	7761
835	7762
18163	7763
21361	7764
26555	7765
27114	7766
3102	7767
10639	7768
7706	7769
25244	7770
16461	7771
28974	7772
14676	7773
9372	7774
12876	7775
22770	7776
12101	7777
4761	7778
6878	7779
25985	7780
26195	7781
4058	7782
2008	7783
12691	7784
27862	7785
16947	7786
29064	7787
12589	7788
3692	7789
6209	7790
21916	7791
939	7792
14915	7793
15763	7794
18293	7795
14918	7796
24259	7797
21459	7798
8129	7799
1090	7800
21505	7801
10201	7802
14218	7803
2818	7804
3862	7805
14816	7806
14997	7807
28337	7808
11877	7809
6257	7810
21778	7811
3478	7812
9873	7813
10016	7814
15625	7815
18929	7816
12733	7817
37	7818
17926	7819
10787	7820
737	7821
9257	7822
2554	7823
15	7824
26665	7825
2865	7826
19046	7827
27831	7828
24354	7829
27032	7830
20986	7831
196	7832
27108	7833
10196	7834
2464	7835
4559	7836
5361	7837
10504	7838
5322	7839
1064	7840
28597	7841
14290	7842
28545	7843
4167	7844
4763	7845
13439	7846
24231	7847
3068	7848
10988	7849
5715	7850
2478	7851
26571	7852
22575	7853
12455	7854
28293	7855
25122	7856
20109	7857
803	7858
28302	7859
15130	7860
26837	7861
12704	7862
657	7863
11395	7864
29129	7865
14395	7866
13465	7867
14451	7868
4210	7869
18525	7870
19880	7871
19828	7872
24630	7873
28252	7874
9448	7875
1313	7876
10027	7877
7475	7878
21638	7879
26998	7880
19779	7881
3857	7882
4588	7883
26015	7884
17452	7885
2306	7886
1864	7887
2846	7888
9017	7889
8639	7890
27673	7891
5040	7892
11004	7893
5081	7894
15158	7895
27403	7896
14739	7897
6706	7898
9379	7899
22324	7900
28548	7901
15676	7902
10533	7903
5485	7904
22931	7905
27022	7906
21164	7907
4106	7908
3772	7909
28774	7910
10640	7911
8610	7912
24748	7913
11160	7914
17931	7915
16561	7916
25275	7917
20119	7918
6160	7919
17245	7920
2855	7921
1884	7922
12849	7923
11203	7924
4956	7925
1835	7926
27224	7927
6816	7928
15485	7929
28595	7930
24291	7931
13516	7932
29032	7933
15905	7934
25879	7935
22249	7936
5932	7937
5348	7938
15112	7939
9750	7940
19268	7941
19020	7942
5922	7943
24694	7944
26398	7945
19013	7946
14509	7947
1991	7948
17525	7949
14684	7950
12650	7951
15354	7952
10714	7953
23969	7954
28431	7955
18146	7956
10263	7957
3995	7958
14612	7959
5736	7960
26522	7961
17925	7962
27466	7963
21345	7964
3337	7965
2350	7966
5609	7967
24679	7968
14859	7969
24183	7970
10236	7971
1734	7972
11638	7973
1813	7974
15472	7975
16083	7976
21330	7977
12716	7978
4838	7979
22267	7980
4786	7981
13742	7982
13847	7983
16574	7984
5425	7985
9190	7986
17740	7987
13787	7988
6430	7989
19876	7990
13630	7991
9677	7992
391	7993
27919	7994
29454	7995
921	7996
27969	7997
25357	7998
1488	7999
25533	8000
1331	8001
9381	8002
16687	8003
9971	8004
10108	8005
1435	8006
22390	8007
2931	8008
25989	8009
9044	8010
24041	8011
25364	8012
16664	8013
296	8014
20640	8015
13931	8016
217	8017
11912	8018
8542	8019
25568	8020
17043	8021
20637	8022
25931	8023
12607	8024
21946	8025
5087	8026
20105	8027
28629	8028
452	8029
18991	8030
5090	8031
27590	8032
27586	8033
5190	8034
16622	8035
22970	8036
21393	8037
16887	8038
12837	8039
11698	8040
7375	8041
10574	8042
7355	8043
17434	8044
2742	8045
11	8046
27761	8047
23056	8048
430	8049
13419	8050
14813	8051
14140	8052
28360	8053
4228	8054
4089	8055
20345	8056
16432	8057
28492	8058
22332	8059
25685	8060
9826	8061
28316	8062
10773	8063
26503	8064
2054	8065
15403	8066
28840	8067
817	8068
11246	8069
13512	8070
5892	8071
5144	8072
20360	8073
14278	8074
24851	8075
4768	8076
3696	8077
16007	8078
13079	8079
26603	8080
21715	8081
12912	8082
24695	8083
23055	8084
16949	8085
23813	8086
23693	8087
14531	8088
28768	8089
16734	8090
13634	8091
21128	8092
2398	8093
13371	8094
3043	8095
23537	8096
18977	8097
8974	8098
6141	8099
10562	8100
14595	8101
28153	8102
4968	8103
14340	8104
26845	8105
14093	8106
4273	8107
2553	8108
11930	8109
12104	8110
11003	8111
14028	8112
4549	8113
26084	8114
21112	8115
23676	8116
24985	8117
4528	8118
23923	8119
12408	8120
17807	8121
8203	8122
13101	8123
973	8124
25780	8125
13504	8126
25936	8127
20069	8128
7431	8129
15665	8130
4075	8131
20554	8132
9146	8133
8811	8134
24776	8135
20053	8136
6067	8137
15784	8138
21387	8139
12624	8140
7462	8141
8747	8142
8370	8143
106	8144
20107	8145
2191	8146
6540	8147
13529	8148
28353	8149
24072	8150
12202	8151
15726	8152
22554	8153
12544	8154
14212	8155
3251	8156
13829	8157
28229	8158
11266	8159
28916	8160
12630	8161
5206	8162
121	8163
19397	8164
19926	8165
1483	8166
13303	8167
4718	8168
26464	8169
20537	8170
10525	8171
27227	8172
20759	8173
13112	8174
13031	8175
94	8176
24595	8177
11428	8178
14956	8179
22344	8180
1443	8181
22549	8182
27693	8183
12500	8184
26541	8185
24361	8186
9026	8187
15474	8188
3450	8189
19662	8190
20967	8191
1817	8192
7220	8193
13974	8194
5723	8195
3586	8196
6579	8197
28374	8198
8990	8199
22731	8200
25254	8201
7666	8202
17311	8203
15411	8204
10051	8205
1023	8206
1073	8207
26205	8208
21010	8209
20957	8210
9333	8211
12002	8212
23731	8213
14155	8214
18042	8215
21536	8216
16525	8217
26227	8218
20891	8219
24926	8220
11309	8221
25015	8222
17057	8223
12784	8224
2100	8225
8335	8226
5852	8227
23575	8228
14941	8229
26502	8230
6590	8231
13766	8232
21580	8233
376	8234
14052	8235
25939	8236
70	8237
8733	8238
6791	8239
24785	8240
11963	8241
4128	8242
28470	8243
7788	8244
14265	8245
24731	8246
13160	8247
11570	8248
16373	8249
8972	8250
26995	8251
277	8252
214	8253
10033	8254
22475	8255
11956	8256
29062	8257
18918	8258
129	8259
21689	8260
24139	8261
27244	8262
6565	8263
13369	8264
9217	8265
27718	8266
22	8267
18193	8268
13549	8269
29510	8270
26785	8271
14449	8272
5172	8273
21205	8274
17928	8275
1768	8276
12592	8277
6851	8278
13500	8279
6123	8280
1287	8281
11237	8282
15769	8283
15190	8284
20251	8285
25724	8286
20128	8287
12728	8288
27559	8289
11012	8290
18202	8291
18589	8292
12521	8293
29212	8294
1368	8295
15294	8296
4259	8297
20735	8298
1432	8299
13340	8300
227	8301
27752	8302
14113	8303
1177	8304
6347	8305
16728	8306
27618	8307
8018	8308
6653	8309
11848	8310
21417	8311
22650	8312
21001	8313
11387	8314
22750	8315
22797	8316
11837	8317
12800	8318
15166	8319
375	8320
24430	8321
5462	8322
18045	8323
16600	8324
12319	8325
2715	8326
12989	8327
24097	8328
3166	8329
21060	8330
16663	8331
17956	8332
13560	8333
10331	8334
21305	8335
3738	8336
6993	8337
8844	8338
28559	8339
24937	8340
28616	8341
24481	8342
1206	8343
27949	8344
28094	8345
16498	8346
6591	8347
18943	8348
14753	8349
27289	8350
8738	8351
10042	8352
26241	8353
27578	8354
29364	8355
10888	8356
17042	8357
28415	8358
15224	8359
12473	8360
13840	8361
15801	8362
930	8363
17006	8364
7963	8365
29005	8366
12601	8367
22839	8368
9735	8369
27037	8370
5483	8371
17331	8372
18643	8373
10394	8374
1299	8375
6208	8376
18889	8377
23503	8378
27651	8379
17515	8380
29254	8381
21051	8382
10205	8383
26112	8384
20783	8385
243	8386
22166	8387
24266	8388
26435	8389
16284	8390
345	8391
8506	8392
12224	8393
28046	8394
15372	8395
1889	8396
22803	8397
12409	8398
23919	8399
22940	8400
6383	8401
11700	8402
7741	8403
4030	8404
3047	8405
1135	8406
7558	8407
9827	8408
5049	8409
21084	8410
22471	8411
3529	8412
28582	8413
9722	8414
19778	8415
25088	8416
13230	8417
13580	8418
8744	8419
2841	8420
26168	8421
17437	8422
14772	8423
21431	8424
23517	8425
176	8426
8301	8427
11328	8428
6453	8429
25105	8430
4027	8431
16415	8432
15357	8433
19807	8434
17673	8435
27686	8436
17521	8437
2549	8438
27005	8439
21559	8440
10983	8441
26319	8442
25058	8443
5221	8444
69	8445
22678	8446
1321	8447
11158	8448
1353	8449
2870	8450
3906	8451
26545	8452
16945	8453
14185	8454
5845	8455
19228	8456
13960	8457
21826	8458
14383	8459
20190	8460
10864	8461
21845	8462
20501	8463
25843	8464
17026	8465
19887	8466
5	8467
3154	8468
4111	8469
14392	8470
6575	8471
10432	8472
14988	8473
23107	8474
4739	8475
20547	8476
8945	8477
12415	8478
22038	8479
28466	8480
23661	8481
27964	8482
6450	8483
937	8484
2360	8485
23624	8486
7294	8487
8708	8488
14889	8489
26235	8490
25993	8491
4901	8492
10273	8493
28499	8494
21282	8495
298	8496
26521	8497
4753	8498
14035	8499
22700	8500
15930	8501
16486	8502
28323	8503
13029	8504
4556	8505
27497	8506
8669	8507
23877	8508
12479	8509
13558	8510
5128	8511
21681	8512
21872	8513
13460	8514
198	8515
29356	8516
10392	8517
24790	8518
1780	8519
19573	8520
11722	8521
16163	8522
7381	8523
8433	8524
11891	8525
11271	8526
28865	8527
3401	8528
14300	8529
23841	8530
27974	8531
10630	8532
1855	8533
26844	8534
4729	8535
408	8536
553	8537
18376	8538
9535	8539
21748	8540
6228	8541
6274	8542
14695	8543
28576	8544
15708	8545
5479	8546
12775	8547
13912	8548
5067	8549
21413	8550
19116	8551
29442	8552
27354	8553
28664	8554
10580	8555
26239	8556
12143	8557
17130	8558
10902	8559
18582	8560
26240	8561
22933	8562
12330	8563
4270	8564
5411	8565
394	8566
23567	8567
21236	8568
27330	8569
7136	8570
28507	8571
23855	8572
9932	8573
28930	8574
2622	8575
2790	8576
385	8577
12689	8578
5436	8579
14281	8580
20992	8581
28787	8582
25084	8583
16405	8584
5345	8585
13399	8586
22051	8587
2518	8588
3777	8589
12807	8590
20719	8591
24815	8592
2663	8593
2768	8594
4902	8595
7630	8596
9271	8597
1091	8598
19184	8599
4501	8600
11900	8601
25659	8602
4951	8603
18315	8604
17157	8605
9922	8606
19357	8607
4560	8608
3496	8609
103	8610
233	8611
20074	8612
12865	8613
4754	8614
3331	8615
8872	8616
2928	8617
2041	8618
23024	8619
342	8620
5672	8621
16551	8622
15922	8623
9225	8624
7313	8625
1248	8626
20166	8627
6759	8628
11201	8629
13618	8630
5455	8631
20497	8632
12377	8633
3570	8634
12839	8635
22832	8636
19298	8637
12654	8638
4743	8639
24192	8640
24445	8641
3391	8642
17113	8643
2166	8644
4222	8645
16705	8646
27035	8647
10907	8648
9841	8649
1527	8650
10475	8651
29008	8652
13528	8653
7784	8654
15259	8655
25468	8656
11899	8657
17955	8658
2001	8659
10265	8660
14104	8661
793	8662
24916	8663
20036	8664
26098	8665
22602	8666
1985	8667
26478	8668
21777	8669
12039	8670
24712	8671
7640	8672
6647	8673
2430	8674
28244	8675
23952	8676
5915	8677
2412	8678
14596	8679
25690	8680
7354	8681
17950	8682
14478	8683
1801	8684
4910	8685
392	8686
27171	8687
22049	8688
3891	8689
13	8690
21708	8691
26300	8692
8898	8693
467	8694
5671	8695
27602	8696
14500	8697
7595	8698
14951	8699
11564	8700
26111	8701
8772	8702
14875	8703
10701	8704
25579	8705
17291	8706
11586	8707
9609	8708
13022	8709
2787	8710
20611	8711
13591	8712
23564	8713
5103	8714
3310	8715
1024	8716
21162	8717
17674	8718
7583	8719
7816	8720
1413	8721
15542	8722
19673	8723
8784	8724
2617	8725
20645	8726
9584	8727
25220	8728
27951	8729
12872	8730
28646	8731
5645	8732
3668	8733
12902	8734
4285	8735
16355	8736
4983	8737
26768	8738
26281	8739
3195	8740
22599	8741
11285	8742
18706	8743
6399	8744
4250	8745
29473	8746
6743	8747
6887	8748
17148	8749
13677	8750
23528	8751
17945	8752
10744	8753
27421	8754
1352	8755
1602	8756
14919	8757
15429	8758
25739	8759
26981	8760
19617	8761
16959	8762
11446	8763
3222	8764
10440	8765
27480	8766
5050	8767
957	8768
12569	8769
22627	8770
21639	8771
28287	8772
4619	8773
13513	8774
13886	8775
13538	8776
5788	8777
29198	8778
1604	8779
15321	8780
12369	8781
26263	8782
5370	8783
798	8784
13494	8785
25883	8786
23684	8787
11950	8788
21375	8789
2636	8790
9622	8791
14494	8792
25588	8793
7831	8794
10573	8795
19048	8796
13208	8797
2216	8798
15117	8799
4735	8800
13123	8801
423	8802
17087	8803
10302	8804
13566	8805
9751	8806
75	8807
6456	8808
24275	8809
5258	8810
26996	8811
13150	8812
5692	8813
16227	8814
17276	8815
29421	8816
27907	8817
19408	8818
16842	8819
23199	8820
21517	8821
4672	8822
27741	8823
21426	8824
2557	8825
2707	8826
22414	8827
17159	8828
50	8829
9346	8830
5519	8831
26625	8832
5074	8833
15283	8834
27321	8835
27713	8836
7012	8837
21407	8838
19218	8839
24458	8840
13579	8841
1422	8842
21314	8843
1013	8844
14540	8845
26295	8846
22476	8847
13605	8848
4965	8849
814	8850
16100	8851
10340	8852
3743	8853
26041	8854
29083	8855
27784	8856
14820	8857
10207	8858
1158	8859
26934	8860
10702	8861
7700	8862
5623	8863
26877	8864
28428	8865
10396	8866
12538	8867
9073	8868
29396	8869
29266	8870
2014	8871
23546	8872
1155	8873
4806	8874
17785	8875
16126	8876
5569	8877
15353	8878
21284	8879
11709	8880
16177	8881
15119	8882
5641	8883
7770	8884
865	8885
15078	8886
3755	8887
9207	8888
18205	8889
21819	8890
20410	8891
22059	8892
25439	8893
13701	8894
6688	8895
20903	8896
24421	8897
18471	8898
13387	8899
22548	8900
7218	8901
26268	8902
20018	8903
17513	8904
24649	8905
12832	8906
6645	8907
19331	8908
239	8909
21275	8910
12146	8911
20506	8912
6482	8913
18436	8914
710	8915
16401	8916
20526	8917
4470	8918
23959	8919
3768	8920
16588	8921
17624	8922
19214	8923
12842	8924
17215	8925
25639	8926
5950	8927
18344	8928
20884	8929
3026	8930
15101	8931
14244	8932
11770	8933
7418	8934
4007	8935
16158	8936
14907	8937
1731	8938
9865	8939
6655	8940
12435	8941
16263	8942
8563	8943
25268	8944
1077	8945
7230	8946
6829	8947
29417	8948
18002	8949
6560	8950
1996	8951
10615	8952
17108	8953
20303	8954
26518	8955
17676	8956
26180	8957
27922	8958
27194	8959
27252	8960
27215	8961
23104	8962
2234	8963
193	8964
20635	8965
28979	8966
27647	8967
24747	8968
17477	8969
11623	8970
10062	8971
28174	8972
27817	8973
11701	8974
10216	8975
7819	8976
6928	8977
5019	8978
20629	8979
91	8980
11631	8981
3151	8982
28648	8983
20063	8984
15496	8985
22222	8986
24032	8987
2551	8988
8009	8989
2239	8990
19649	8991
22368	8992
27316	8993
27348	8994
3508	8995
27334	8996
9402	8997
19893	8998
4031	8999
20351	9000
2093	9001
20029	9002
17028	9003
14608	9004
25687	9005
19419	9006
7061	9007
11537	9008
17019	9009
18648	9010
19340	9011
5294	9012
4992	9013
15745	9014
26696	9015
2020	9016
13391	9017
4850	9018
17079	9019
22522	9020
23549	9021
9728	9022
3897	9023
18004	9024
12600	9025
22382	9026
14483	9027
16938	9028
14674	9029
20310	9030
26895	9031
3835	9032
13570	9033
10334	9034
22310	9035
23657	9036
733	9037
152	9038
16309	9039
1218	9040
11043	9041
26991	9042
10186	9043
20137	9044
12738	9045
24635	9046
18369	9047
24907	9048
23543	9049
22791	9050
2969	9051
28154	9052
6809	9053
15560	9054
3487	9055
21242	9056
7255	9057
16766	9058
24273	9059
7274	9060
21891	9061
25341	9062
13986	9063
4008	9064
21904	9065
20869	9066
19199	9067
17001	9068
20270	9069
22493	9070
2757	9071
5413	9072
27997	9073
21234	9074
7527	9075
12846	9076
28903	9077
14870	9078
7226	9079
29248	9080
2454	9081
18620	9082
22398	9083
15091	9084
26113	9085
27704	9086
6494	9087
26755	9088
11582	9089
25987	9090
6445	9091
3822	9092
19485	9093
14634	9094
29121	9095
7811	9096
26378	9097
23167	9098
22977	9099
16851	9100
20666	9101
5614	9102
4059	9103
17141	9104
10011	9105
23439	9106
5804	9107
27103	9108
14034	9109
18274	9110
20138	9111
17605	9112
1567	9113
11945	9114
26090	9115
18421	9116
15611	9117
20893	9118
16898	9119
12357	9120
28949	9121
28088	9122
4046	9123
5611	9124
21323	9125
6853	9126
29430	9127
11238	9128
848	9129
26763	9130
21480	9131
8592	9132
21727	9133
11385	9134
13499	9135
8163	9136
3016	9137
202	9138
7259	9139
1519	9140
369	9141
29053	9142
10777	9143
18055	9144
27255	9145
20575	9146
17841	9147
21363	9148
11054	9149
14375	9150
16272	9151
21829	9152
11095	9153
5357	9154
13515	9155
4360	9156
11115	9157
7162	9158
26155	9159
22335	9160
13576	9161
26954	9162
12819	9163
271	9164
29	9165
13129	9166
4418	9167
29380	9168
11110	9169
15464	9170
10513	9171
14051	9172
19161	9173
14964	9174
28822	9175
3528	9176
27352	9177
9760	9178
18848	9179
17702	9180
4973	9181
19292	9182
15188	9183
10223	9184
4844	9185
6033	9186
20514	9187
14092	9188
20732	9189
12406	9190
21493	9191
26236	9192
186	9193
1006	9194
17106	9195
15274	9196
11965	9197
26147	9198
24711	9199
17160	9200
12401	9201
15615	9202
4214	9203
10474	9204
27942	9205
28551	9206
28779	9207
26246	9208
21936	9209
4118	9210
4135	9211
15361	9212
15721	9213
1797	9214
25696	9215
26026	9216
15706	9217
24085	9218
4512	9219
27170	9220
23466	9221
27966	9222
2393	9223
19956	9224
660	9225
10070	9226
2476	9227
19154	9228
17244	9229
23031	9230
28933	9231
754	9232
13508	9233
17783	9234
4529	9235
28147	9236
12497	9237
3	9238
27068	9239
10661	9240
22145	9241
28632	9242
10698	9243
631	9244
9331	9245
16531	9246
26284	9247
8443	9248
7879	9249
6720	9250
13264	9251
9213	9252
898	9253
5758	9254
5193	9255
526	9256
5051	9257
8386	9258
22454	9259
1071	9260
9776	9261
19311	9262
1370	9263
7570	9264
25327	9265
7875	9266
24487	9267
8415	9268
23494	9269
10560	9270
14124	9271
12908	9272
9596	9273
10833	9274
18409	9275
21907	9276
23583	9277
24492	9278
19077	9279
4413	9280
25904	9281
16667	9282
19138	9283
5378	9284
5004	9285
18060	9286
16645	9287
18747	9288
17751	9289
17653	9290
27913	9291
20939	9292
11535	9293
27179	9294
11530	9295
4699	9296
9425	9297
23825	9298
25315	9299
24061	9300
12006	9301
28820	9302
20450	9303
18147	9304
54	9305
23445	9306
6279	9307
21032	9308
25688	9309
3284	9310
5372	9311
4810	9312
8538	9313
10975	9314
9247	9315
26388	9316
25446	9317
12322	9318
11855	9319
24623	9320
20523	9321
2982	9322
26563	9323
3004	9324
6728	9325
8390	9326
19776	9327
26810	9328
14900	9329
10253	9330
17654	9331
26979	9332
23322	9333
24932	9334
12008	9335
22619	9336
17140	9337
8295	9338
18360	9339
22039	9340
7146	9341
16897	9342
2202	9343
5727	9344
19968	9345
24620	9346
23425	9347
10104	9348
13808	9349
21769	9350
26722	9351
6074	9352
2779	9353
18512	9354
4133	9355
4331	9356
3229	9357
3929	9358
14661	9359
12882	9360
17475	9361
20487	9362
3802	9363
25765	9364
18798	9365
26716	9366
18197	9367
1226	9368
3780	9369
11200	9370
12791	9371
14906	9372
10962	9373
7933	9374
14241	9375
23562	9376
25774	9377
11089	9378
378	9379
22736	9380
1662	9381
10608	9382
8955	9383
10872	9384
7618	9385
23098	9386
25204	9387
18184	9388
10614	9389
864	9390
20031	9391
22177	9392
24949	9393
2339	9394
20192	9395
21199	9396
2756	9397
12845	9398
12675	9399
12981	9400
7906	9401
8126	9402
22338	9403
18716	9404
8562	9405
21949	9406
16108	9407
27002	9408
19693	9409
28992	9410
4169	9411
23022	9412
983	9413
2700	9414
16014	9415
16032	9416
17557	9417
15298	9418
8511	9419
9018	9420
3525	9421
349	9422
10691	9423
2397	9424
9978	9425
26982	9426
3476	9427
6211	9428
5917	9429
15645	9430
4680	9431
21902	9432
11221	9433
9284	9434
11498	9435
16507	9436
22982	9437
2113	9438
12712	9439
15031	9440
1720	9441
28656	9442
27730	9443
27804	9444
3490	9445
20627	9446
7449	9447
22680	9448
4382	9449
29020	9450
13057	9451
6103	9452
10780	9453
26983	9454
1178	9455
267	9456
12995	9457
88	9458
19004	9459
28022	9460
18449	9461
4723	9462
10521	9463
14354	9464
17648	9465
124	9466
3375	9467
3573	9468
10963	9469
25324	9470
14683	9471
23666	9472
27489	9473
6422	9474
9475	9475
12915	9476
14821	9477
3690	9478
17902	9479
24552	9480
7084	9481
23700	9482
22352	9483
10454	9484
5337	9485
14920	9486
22656	9487
3963	9488
24311	9489
190	9490
24053	9491
10539	9492
3280	9493
10312	9494
1510	9495
29344	9496
568	9497
1027	9498
20545	9499
24558	9500
8222	9501
5327	9502
25669	9503
21424	9504
11648	9505
742	9506
20916	9507
20225	9508
12370	9509
18923	9510
3314	9511
20220	9512
16028	9513
23015	9514
6739	9515
14021	9516
7769	9517
14963	9518
7493	9519
18885	9520
4972	9521
11218	9522
7739	9523
2184	9524
2853	9525
29251	9526
16709	9527
8705	9528
15335	9529
12567	9530
20702	9531
27662	9532
1621	9533
7568	9534
15172	9535
4860	9536
22	9537
9275	9538
20482	9539
24086	9540
23921	9541
26890	9542
23916	9543
1983	9544
15099	9545
4941	9546
17367	9547
26919	9548
25712	9549
28	9550
16103	9551
21303	9552
17424	9553
17309	9554
11167	9555
19172	9556
4565	9557
7866	9558
2569	9559
9479	9560
16173	9561
485	9562
19299	9563
3460	9564
27009	9565
4272	9566
17934	9567
23699	9568
13547	9569
24977	9570
4476	9571
27438	9572
24569	9573
8212	9574
5463	9575
20254	9576
29438	9577
1417	9578
8883	9579
24538	9580
3417	9581
4604	9582
7599	9583
7663	9584
24541	9585
11617	9586
1012	9587
4258	9588
8704	9589
6395	9590
19852	9591
1205	9592
5984	9593
25918	9594
29313	9595
4603	9596
68	9597
11126	9598
21901	9599
22579	9600
3049	9601
23894	9602
17442	9603
10242	9604
23704	9605
17897	9606
1930	9607
21425	9608
20449	9609
195	9610
4715	9611
25436	9612
20462	9613
2612	9614
16221	9615
27554	9616
8191	9617
7115	9618
28281	9619
13489	9620
29343	9621
16276	9622
20023	9623
13999	9624
24238	9625
17900	9626
18204	9627
21934	9628
15919	9629
29271	9630
3754	9631
9660	9632
27177	9633
27121	9634
16977	9635
105	9636
20057	9637
949	9638
5856	9639
25905	9640
220	9641
22026	9642
26795	9643
3522	9644
2874	9645
18181	9646
22730	9647
23309	9648
6564	9649
23639	9650
2555	9651
25735	9652
21157	9653
21954	9654
26748	9655
4029	9656
19005	9657
16729	9658
14323	9659
5891	9660
11072	9661
1858	9662
17338	9663
2117	9664
17650	9665
22519	9666
23412	9667
5674	9668
13254	9669
19113	9670
21294	9671
25387	9672
28271	9673
4446	9674
11512	9675
15840	9676
14465	9677
17948	9678
9125	9679
15059	9680
9680	9681
16216	9682
1948	9683
20949	9684
13343	9685
22612	9686
21760	9687
22518	9688
4923	9689
9150	9690
16464	9691
6309	9692
12332	9693
963	9694
10383	9695
1342	9696
7293	9697
27900	9698
21186	9699
23460	9700
14711	9701
14468	9702
19040	9703
19672	9704
26576	9705
11349	9706
2769	9707
23783	9708
5083	9709
8172	9710
3171	9711
10332	9712
12549	9713
16776	9714
22071	9715
13748	9716
12246	9717
12747	9718
26676	9719
12524	9720
12756	9721
19362	9722
7016	9723
18222	9724
24156	9725
5993	9726
15847	9727
20209	9728
9755	9729
5970	9730
13025	9731
11310	9732
2605	9733
9890	9734
23736	9735
14885	9736
24499	9737
19965	9738
26237	9739
20848	9740
26832	9741
25887	9742
23747	9743
20862	9744
4827	9745
3876	9746
8885	9747
27287	9748
17206	9749
20638	9750
15751	9751
22927	9752
12316	9753
2929	9754
18534	9755
18275	9756
15089	9757
5688	9758
4906	9759
24737	9760
14836	9761
10920	9762
5000	9763
3587	9764
113	9765
7606	9766
6120	9767
23399	9768
1246	9769
2915	9770
28516	9771
12651	9772
14680	9773
23831	9774
5552	9775
12462	9776
18922	9777
22087	9778
5242	9779
25020	9780
7151	9781
26765	9782
12700	9783
6345	9784
18022	9785
20942	9786
1220	9787
7123	9788
20621	9789
2021	9790
27023	9791
21429	9792
6112	9793
16266	9794
15205	9795
20329	9796
27531	9797
29226	9798
11762	9799
16984	9800
27416	9801
13370	9802
11444	9803
4310	9804
18547	9805
10910	9806
10296	9807
6902	9808
27878	9809
5540	9810
25454	9811
151	9812
17405	9813
14321	9814
7828	9815
22985	9816
25384	9817
2324	9818
8729	9819
5849	9820
19912	9821
16951	9822
21757	9823
6007	9824
27910	9825
22657	9826
11645	9827
3306	9828
7163	9829
16140	9830
13432	9831
9557	9832
7342	9833
10807	9834
19892	9835
328	9836
28638	9837
22460	9838
6230	9839
19890	9840
11352	9841
13349	9842
5530	9843
27807	9844
26380	9845
7895	9846
16362	9847
28243	9848
27757	9849
28090	9850
15802	9851
9158	9852
23077	9853
17994	9854
21823	9855
23302	9856
6042	9857
23937	9858
11403	9859
19760	9860
28035	9861
13505	9862
14101	9863
23485	9864
22018	9865
25432	9866
9245	9867
27865	9868
23115	9869
4427	9870
872	9871
1629	9872
19982	9873
24514	9874
7076	9875
14632	9876
18361	9877
4799	9878
3542	9879
25598	9880
22683	9881
27637	9882
29013	9883
26247	9884
1759	9885
564	9886
16367	9887
8695	9888
3252	9889
11249	9890
4462	9891
28469	9892
25826	9893
851	9894
1057	9895
2143	9896
28071	9897
7698	9898
1620	9899
14472	9900
21814	9901
6808	9902
14814	9903
2843	9904
22600	9905
1687	9906
16847	9907
6454	9908
20630	9909
14798	9910
13253	9911
18009	9912
1447	9913
16960	9914
7823	9915
10055	9916
12233	9917
19834	9918
4833	9919
20346	9920
28541	9921
27592	9922
23181	9923
1617	9924
28692	9925
2927	9926
3660	9927
21805	9928
26642	9929
26385	9930
13759	9931
180	9932
15549	9933
12588	9934
27428	9935
21697	9936
29144	9937
2	9938
13076	9939
3094	9940
26508	9941
9553	9942
10730	9943
23191	9944
256	9945
16825	9946
10617	9947
2006	9948
27553	9949
4387	9950
26960	9951
15926	9952
1975	9953
10191	9954
8647	9955
25388	9956
373	9957
17547	9958
21866	9959
7603	9960
26689	9961
8952	9962
25128	9963
20999	9964
24967	9965
9306	9966
10929	9967
25069	9968
25672	9969
16601	9970
13940	9971
7238	9972
6455	9973
25082	9974
12196	9975
13638	9976
9119	9977
2821	9978
4599	9979
26725	9980
2962	9981
15185	9982
6779	9983
29034	9984
14727	9985
26228	9986
5962	9987
19721	9988
14359	9989
11815	9990
17332	9991
13032	9992
23139	9993
18113	9994
15699	9995
20716	9996
9530	9997
14673	9998
12823	9999
9156	10000
15349	10001
3062	10002
4381	10003
14455	10004
21265	10005
4652	10006
17549	10007
17207	10008
24035	10009
2255	10010
23879	10011
9590	10012
6015	10013
10680	10014
29496	10015
9005	10016
5056	10017
3342	10018
27380	10019
8601	10020
12297	10021
13588	10022
20668	10023
11609	10024
25600	10025
10459	10026
18566	10027
25686	10028
22302	10029
23398	10030
25211	10031
9343	10032
25822	10033
20511	10034
95	10035
12141	10036
24337	10037
20969	10038
18388	10039
26663	10040
5768	10041
5820	10042
21601	10043
16731	10044
26973	10045
2351	10046
7066	10047
25487	10048
20762	10049
29209	10050
18119	10051
15520	10052
13133	10053
26680	10054
3223	10055
565	10056
25866	10057
28264	10058
7168	10059
28997	10060
19204	10061
27325	10062
10982	10063
18048	10064
6546	10065
8605	10066
12131	10067
5466	10068
11728	10069
27346	10070
515	10071
13222	10072
3883	10073
9764	10074
26706	10075
2932	10076
4261	10077
12260	10078
20432	10079
21483	10080
12686	10081
11248	10082
21423	10083
17010	10084
28179	10085
8013	10086
20799	10087
14731	10088
28598	10089
26863	10090
9120	10091
6839	10092
6817	10093
9878	10094
580	10095
25768	10096
2899	10097
18894	10098
28181	10099
24848	10100
23266	10101
4808	10102
22315	10103
5164	10104
13344	10105
19643	10106
10238	10107
23131	10108
17497	10109
9352	10110
17149	10111
12794	10112
4355	10113
17325	10114
29049	10115
26439	10116
19687	10117
25814	10118
6193	10119
10175	10120
7645	10121
2994	10122
11735	10123
26647	10124
28266	10125
20613	10126
20877	10127
9224	10128
6719	10129
28929	10130
5601	10131
28477	10132
22798	10133
9354	10134
3729	10135
16768	10136
28982	10137
24803	10138
22512	10139
8442	10140
25899	10141
28274	10142
15434	10143
8100	10144
3661	10145
2971	10146
15718	10147
13727	10148
19878	10149
4048	10150
18662	10151
26604	10152
26942	10153
25028	10154
17182	10155
3952	10156
24122	10157
24161	10158
14780	10159
2162	10160
10856	10161
9093	10162
8330	10163
9370	10164
11932	10165
17181	10166
20786	10167
20135	10168
1533	10169
18100	10170
25109	10171
26537	10172
4487	10173
17992	10174
15826	10175
14309	10176
18226	10177
6258	10178
6425	10179
7379	10180
5529	10181
11712	10182
15961	10183
10377	10184
20599	10185
7797	10186
20234	10187
28502	10188
17243	10189
26633	10190
15580	10191
16488	10192
1470	10193
19818	10194
27857	10195
9244	10196
6946	10197
19690	10198
8232	10199
16968	10200
26484	10201
12022	10202
1367	10203
27059	10204
11198	10205
12744	10206
20866	10207
29540	10208
13310	10209
25398	10210
8717	10211
425	10212
5407	10213
2943	10214
14407	10215
27940	10216
7614	10217
26589	10218
23251	10219
20403	10220
4926	10221
21937	10222
11153	10223
7456	10224
16807	10225
7103	10226
8251	10227
21785	10228
17432	10229
27649	10230
1730	10231
15947	10232
2147	10233
9417	10234
7773	10235
8809	10236
28942	10237
11755	10238
26045	10239
21655	10240
1168	10241
9229	10242
570	10243
21544	10244
10909	10245
14843	10246
2286	10247
21680	10248
27186	10249
10507	10250
387	10251
28650	10252
17773	10253
26007	10254
6831	10255
8739	10256
2868	10257
11925	10258
361	10259
407	10260
22906	10261
26489	10262
1362	10263
15067	10264
20289	10265
26525	10266
13385	10267
2247	10268
2033	10269
18884	10270
6623	10271
29492	10272
12334	10273
2803	10274
6457	10275
15945	10276
16349	10277
21991	10278
13252	10279
23273	10280
20004	10281
21389	10282
4398	10283
27779	10284
10595	10285
10945	10286
3838	10287
12461	10288
15800	10289
12581	10290
4724	10291
27708	10292
17522	10293
11584	10294
18267	10295
8475	10296
10351	10297
16564	10298
17898	10299
27083	10300
8969	10301
9167	10302
21723	10303
12217	10304
27410	10305
24533	10306
20907	10307
25328	10308
20224	10309
7242	10310
6774	10311
8189	10312
5054	10313
14597	10314
28165	10315
2562	10316
5964	10317
1240	10318
17116	10319
27449	10320
14959	10321
9901	10322
24181	10323
6082	10324
27853	10325
18236	10326
14094	10327
7575	10328
7649	10329
10624	10330
359	10331
24370	10332
11795	10333
23109	10334
3938	10335
4537	10336
9495	10337
21174	10338
13204	10339
18482	10340
27932	10341
12242	10342
10712	10343
29499	10344
332	10345
5346	10346
22647	10347
11258	10348
2945	10349
9082	10350
5077	10351
21221	10352
11556	10353
10289	10354
519	10355
12354	10356
24344	10357
20067	10358
17122	10359
26008	10360
23815	10361
28076	10362
13585	10363
25825	10364
2040	10365
23559	10366
23755	10367
2708	10368
597	10369
21022	10370
18405	10371
21917	10372
12613	10373
6023	10374
9709	10375
27680	10376
13602	10377
26381	10378
21510	10379
3327	10380
23654	10381
10372	10382
8389	10383
12707	10384
29184	10385
23324	10386
9054	10387
21434	10388
19681	10389
25525	10390
1025	10391
7681	10392
19019	10393
21665	10394
8761	10395
25750	10396
3317	10397
1674	10398
15150	10399
23719	10400
7041	10401
6471	10402
2935	10403
9443	10404
18371	10405
26853	10406
17146	10407
5802	10408
15480	10409
23658	10410
22809	10411
7333	10412
9664	10413
23477	10414
5533	10415
21549	10416
23424	10417
25878	10418
19827	10419
24081	10420
689	10421
24012	10422
21585	10423
9851	10424
18067	10425
21430	10426
27836	10427
13056	10428
29163	10429
6622	10430
17812	10431
7966	10432
21403	10433
21396	10434
24490	10435
24587	10436
22622	10437
24319	10438
1010	10439
20766	10440
20304	10441
26635	10442
27982	10443
3801	10444
28282	10445
6097	10446
22119	10447
1577	10448
21913	10449
28449	10450
14137	10451
12281	10452
18630	10453
19227	10454
2656	10455
13319	10456
1939	10457
15829	10458
26185	10459
2586	10460
3006	10461
8554	10462
8557	10463
26850	10464
26734	10465
27433	10466
6446	10467
13068	10468
9983	10469
5048	10470
7105	10471
20103	10472
13362	10473
4747	10474
5823	10475
1468	10476
1262	10477
5326	10478
18050	10479
2954	10480
25973	10481
20911	10482
3904	10483
23510	10484
26526	10485
6671	10486
5544	10487
9407	10488
18134	10489
28398	10490
27927	10491
6852	10492
23790	10493
11881	10494
12767	10495
22949	10496
7472	10497
1802	10498
17517	10499
27605	10500
21852	10501
27144	10502
21833	10503
7308	10504
783	10505
12554	10506
16818	10507
27854	10508
2706	10509
25560	10510
25642	10511
28382	10512
8187	10513
7452	10514
18392	10515
16310	10516
18480	10517
29328	10518
24791	10519
3001	10520
1241	10521
17823	10522
4859	10523
18247	10524
10873	10525
14895	10526
196	10527
6002	10528
13994	10529
17891	10530
19763	10531
13287	10532
15770	10533
15601	10534
28390	10535
6752	10536
11775	10537
2999	10538
19321	10539
16990	10540
17602	10541
9430	10542
13815	10543
21572	10544
11304	10545
27646	10546
6371	10547
24373	10548
7796	10549
25061	10550
29079	10551
10172	10552
26131	10553
14972	10554
14995	10555
9027	10556
20698	10557
14911	10558
11777	10559
1161	10560
25806	10561
10618	10562
19205	10563
747	10564
5546	10565
27616	10566
18005	10567
26088	10568
4301	10569
7907	10570
25019	10571
15242	10572
22550	10573
18312	10574
22417	10575
2296	10576
25396	10577
400	10578
24710	10579
11433	10580
11343	10581
28947	10582
5317	10583
14627	10584
3649	10585
769	10586
3105	10587
29511	10588
26558	10589
7505	10590
27142	10591
16736	10592
1684	10593
13948	10594
28142	10595
14141	10596
26898	10597
13449	10598
22364	10599
14122	10600
4303	10601
2375	10602
7425	10603
7667	10604
15451	10605
10732	10606
11779	10607
12939	10608
3498	10609
10654	10610
17389	10611
15157	10612
19589	10613
28921	10614
12475	10615
24580	10616
28754	10617
2550	10618
620	10619
26279	10620
6397	10621
12648	10622
9840	10623
12239	10624
1309	10625
25190	10626
8322	10627
992	10628
16692	10629
21105	10630
9774	10631
2002	10632
21679	10633
13202	10634
18186	10635
6127	10636
7279	10637
19913	10638
5428	10639
819	10640
6634	10641
10423	10642
18440	10643
5947	10644
19796	10645
4003	10646
8362	10647
16970	10648
17121	10649
10955	10650
15779	10651
15430	10652
19707	10653
27145	10654
25036	10655
25547	10656
25536	10657
11423	10658
11229	10659
9002	10660
24719	10661
9974	10662
11235	10663
23848	10664
26896	10665
2894	10666
27756	10667
16596	10668
5839	10669
28474	10670
6324	10671
19382	10672
3727	10673
8420	10674
21333	10675
12745	10676
17328	10677
28835	10678
21968	10679
4	10680
14617	10681
6065	10682
27855	10683
1816	10684
1290	10685
19532	10686
24976	10687
15449	10688
9957	10689
8525	10690
12768	10691
21328	10692
21040	10693
9178	10694
2386	10695
14525	10696
7467	10697
22962	10698
19989	10699
1507	10700
20196	10701
28175	10702
12668	10703
17781	10704
6606	10705
6629	10706
25534	10707
18598	10708
14070	10709
11186	10710
29310	10711
23267	10712
26453	10713
13753	10714
12944	10715
15589	10716
2042	10717
25869	10718
1339	10719
25218	10720
21736	10721
27874	10722
19983	10723
26264	10724
382	10725
1778	10726
1647	10727
13954	10728
9516	10729
11107	10730
24671	10731
23880	10732
16447	10733
11583	10734
25029	10735
18218	10736
11594	10737
2065	10738
29372	10739
5414	10740
11550	10741
29402	10742
24274	10743
12949	10744
5654	10745
6085	10746
11015	10747
21292	10748
21587	10749
20100	10750
1906	10751
22764	10752
813	10753
27007	10754
4502	10755
26883	10756
24345	10757
10849	10758
8268	10759
8645	10760
8860	10761
11434	10762
14686	10763
14463	10764
18310	10765
5869	10766
14548	10767
15448	10768
18919	10769
15814	10770
441	10771
5591	10772
10964	10773
11670	10774
8049	10775
26371	10776
1300	10777
22824	10778
12048	10779
18770	10780
26344	10781
14484	10782
7302	10783
10346	10784
21365	10785
10594	10786
9096	10787
27468	10788
13525	10789
16647	10790
82	10791
11156	10792
4744	10793
10593	10794
17466	10795
5631	10796
2934	10797
4395	10798
26980	10799
2668	10800
6308	10801
12541	10802
8851	10803
202	10804
8797	10805
21810	10806
12023	10807
13659	10808
28455	10809
28853	10810
7042	10811
18263	10812
15044	10813
5578	10814
20713	10815
24388	10816
5057	10817
2524	10818
7212	10819
23939	10820
24243	10821
27476	10822
2704	10823
10275	10824
13179	10825
14271	10826
12884	10827
9388	10828
21637	10829
25717	10830
18607	10831
3022	10832
16521	10833
10245	10834
8618	10835
853	10836
4647	10837
27176	10838
13752	10839
154	10840
7922	10841
9547	10842
26664	10843
20918	10844
25907	10845
7029	10846
26298	10847
21579	10848
9313	10849
280	10850
3359	10851
1516	10852
14069	10853
10363	10854
11781	10855
9424	10856
6064	10857
20185	10858
12647	10859
6283	10860
25495	10861
8210	10862
18705	10863
19208	10864
8022	10865
1535	10866
10644	10867
7386	10868
24677	10869
25118	10870
11955	10871
15994	10872
11125	10873
22692	10874
24724	10875
17202	10876
5833	10877
17742	10878
13978	10879
22097	10880
20395	10881
3708	10882
15053	10883
8456	10884
9531	10885
10967	10886
3672	10887
9489	10888
8000	10889
6060	10890
27625	10891
607	10892
3111	10893
26830	10894
19562	10895
1217	10896
1453	10897
6078	10898
22965	10899
17585	10900
28604	10901
20955	10902
86	10903
20772	10904
23196	10905
12568	10906
7465	10907
13669	10908
26846	10909
24334	10910
17011	10911
76	10912
28770	10913
21818	10914
1672	10915
12003	10916
2120	10917
27000	10918
10727	10919
12100	10920
19337	10921
1616	10922
9490	10923
354	10924
1258	10925
11948	10926
7429	10927
368	10928
22254	10929
8920	10930
27587	10931
25194	10932
23824	10933
12467	10934
25532	10935
21215	10936
15843	10937
19301	10938
27185	10939
26074	10940
5795	10941
22492	10942
7894	10943
23310	10944
10689	10945
3467	10946
3083	10947
18141	10948
17839	10949
2662	10950
22768	10951
19749	10952
3807	10953
23389	10954
17606	10955
29322	10956
24794	10957
24305	10958
8612	10959
20384	10960
9843	10961
19613	10962
12465	10963
3908	10964
22891	10965
13724	10966
14538	10967
12303	10968
17163	10969
8790	10970
24988	10971
10179	10972
5615	10973
12119	10974
11958	10975
29058	10976
18464	10977
15161	10978
8143	10979
25910	10980
26225	10981
19104	10982
9972	10983
24882	10984
17964	10985
7288	10986
25618	10987
3	10988
21329	10989
14090	10990
12933	10991
26238	10992
13442	10993
54	10994
14489	10995
7419	10996
22749	10997
15901	10998
12792	10999
22894	11000
29272	11001
7565	11002
19966	11003
25617	11004
29323	11005
21598	11006
1569	11007
27765	11008
15752	11009
16069	11010
10972	11011
15497	11012
12000	11013
13988	11014
12991	11015
20540	11016
19455	11017
17502	11018
15252	11019
13279	11020
16537	11021
28939	11022
28519	11023
18435	11024
28663	11025
14598	11026
4867	11027
18295	11028
5072	11029
28319	11030
20897	11031
27544	11032
14075	11033
12561	11034
3010	11035
23558	11036
9686	11037
23017	11038
22569	11039
18171	11040
21773	11041
14379	11042
7050	11043
6749	11044
14095	11045
10251	11046
14638	11047
23606	11048
20691	11049
22299	11050
29010	11051
11401	11052
29518	11053
25862	11054
3098	11055
28321	11056
25133	11057
26487	11058
12049	11059
22428	11060
938	11061
10565	11062
7548	11063
5890	11064
11896	11065
10045	11066
2660	11067
14965	11068
902	11069
8184	11070
25348	11071
20178	11072
1676	11073
17128	11074
11981	11075
16079	11076
20656	11077
23758	11078
19384	11079
12076	11080
26723	11081
24300	11082
24158	11083
9848	11084
919	11085
18821	11086
6236	11087
21929	11088
16723	11089
5573	11090
13456	11091
5619	11092
4144	11093
5396	11094
22329	11095
10679	11096
901	11097
4352	11098
23043	11099
28183	11100
12341	11101
1256	11102
17219	11103
10456	11104
26841	11105
213	11106
20343	11107
26852	11108
4475	11109
27248	11110
24222	11111
11808	11112
3200	11113
2157	11114
22276	11115
20227	11116
14198	11117
16526	11118
29094	11119
908	11120
11788	11121
14193	11122
669	11123
23000	11124
26359	11125
13772	11126
7402	11127
18143	11128
15174	11129
5297	11130
20477	11131
27709	11132
26949	11133
7332	11134
8103	11135
3065	11136
8231	11137
13690	11138
21939	11139
26017	11140
1744	11141
24130	11142
27514	11143
21957	11144
2773	11145
1295	11146
14390	11147
1323	11148
23205	11149
23764	11150
11232	11151
13652	11152
26451	11153
23261	11154
11020	11155
1436	11156
22973	11157
25514	11158
16571	11159
5043	11160
674	11161
14439	11162
14626	11163
17656	11164
26858	11165
29145	11166
20195	11167
22607	11168
6571	11169
26670	11170
28868	11171
14419	11172
27488	11173
4789	11174
20841	11175
28821	11176
26766	11177
7694	11178
14569	11179
13341	11180
15547	11181
9573	11182
26596	11183
7405	11184
14902	11185
5882	11186
4755	11187
23179	11188
7870	11189
28383	11190
9852	11191
18166	11192
9061	11193
20804	11194
24488	11195
18675	11196
11134	11197
8817	11198
8024	11199
5550	11200
1689	11201
16487	11202
3110	11203
24622	11204
19910	11205
17183	11206
25591	11207
3126	11208
21385	11209
24013	11210
9811	11211
18088	11212
25544	11213
20882	11214
4211	11215
8977	11216
24954	11217
4736	11218
26021	11219
9265	11220
12988	11221
21437	11222
2623	11223
23140	11224
3240	11225
16418	11226
14171	11227
24797	11228
15397	11229
4180	11230
3167	11231
13366	11232
22466	11233
18896	11234
3819	11235
103	11236
1633	11237
15621	11238
26532	11239
12934	11240
19864	11241
24952	11242
21115	11243
748	11244
11189	11245
373	11246
1235	11247
355	11248
12383	11249
11192	11250
17639	11251
12646	11252
19801	11253
13905	11254
23284	11255
18845	11256
7789	11257
8291	11258
739	11259
20392	11260
23678	11261
26653	11262
7307	11263
5073	11264
514	11265
18557	11266
15009	11267
27477	11268
10014	11269
25607	11270
2879	11271
19420	11272
25872	11273
310	11274
258	11275
23710	11276
227	11277
1494	11278
10699	11279
25783	11280
14343	11281
5371	11282
13987	11283
28539	11284
5442	11285
6104	11286
18507	11287
8403	11288
9888	11289
10230	11290
4105	11291
25056	11292
8529	11293
10405	11294
17166	11295
23722	11296
25255	11297
26192	11298
5698	11299
18053	11300
10117	11301
905	11302
20982	11303
4510	11304
18774	11305
1879	11306
28875	11307
1871	11308
20535	11309
27322	11310
9195	11311
19087	11312
3792	11313
3633	11314
24586	11315
27	11316
27776	11317
13322	11318
20218	11319
10000	11320
23434	11321
12811	11322
7225	11323
27349	11324
18136	11325
276	11326
21643	11327
5675	11328
19341	11329
23869	11330
24401	11331
19510	11332
11525	11333
1625	11334
23997	11335
7802	11336
6614	11337
13719	11338
22653	11339
23586	11340
27852	11341
11885	11342
14980	11343
24856	11344
2323	11345
28662	11346
5115	11347
18391	11348
21069	11349
28555	11350
915	11351
2063	11352
29350	11353
6393	11354
26927	11355
12077	11356
19236	11357
956	11358
17046	11359
21900	11360
13176	11361
5367	11362
15874	11363
25746	11364
18911	11365
28676	11366
28421	11367
27291	11368
17414	11369
13440	11370
14170	11371
22784	11372
19698	11373
12890	11374
24048	11375
7158	11376
14681	11377
27065	11378
23212	11379
9418	11380
5821	11381
3652	11382
10506	11383
4798	11384
22132	11385
16182	11386
4159	11387
18887	11388
14498	11389
8195	11390
20567	11391
17448	11392
8135	11393
7407	11394
18519	11395
17310	11396
8640	11397
5052	11398
16613	11399
9436	11400
22450	11401
22318	11402
12787	11403
20917	11404
13519	11405
5857	11406
17255	11407
8059	11408
25558	11409
23554	11410
225	11411
2211	11412
22369	11413
23341	11414
8650	11415
21596	11416
363	11417
3078	11418
28458	11419
20060	11420
16991	11421
15717	11422
25684	11423
11150	11424
28052	11425
12658	11426
1283	11427
4996	11428
27786	11429
21813	11430
10912	11431
7224	11432
21012	11433
13498	11434
11070	11435
27160	11436
7144	11437
18571	11438
25320	11439
3091	11440
16375	11441
725	11442
17960	11443
1711	11444
11717	11445
6903	11446
5086	11447
17595	11448
9510	11449
29388	11450
14714	11451
19762	11452
17889	11453
28520	11454
4979	11455
3241	11456
9206	11457
23882	11458
15024	11459
15270	11460
19451	11461
19935	11462
13040	11463
29044	11464
18061	11465
8114	11466
11182	11467
11824	11468
7506	11469
10542	11470
6321	11471
14071	11472
3353	11473
10429	11474
5325	11475
9635	11476
22291	11477
22156	11478
12098	11479
9063	11480
13027	11481
3051	11482
15495	11483
20651	11484
27574	11485
2355	11486
22356	11487
13417	11488
11399	11489
4412	11490
16575	11491
21806	11492
19909	11493
27384	11494
4176	11495
21023	11496
942	11497
17616	11498
4716	11499
8217	11500
6709	11501
7102	11502
27187	11503
10406	11504
2727	11505
14822	11506
9450	11507
10734	11508
20123	11509
18444	11510
26930	11511
25707	11512
29235	11513
3739	11514
12984	11515
954	11516
3642	11517
25160	11518
12847	11519
24322	11520
27977	11521
12853	11522
17568	11523
23594	11524
3983	11525
3346	11526
26935	11527
27340	11528
22113	11529
544	11530
16953	11531
22505	11532
1389	11533
18477	11534
4792	11535
8674	11536
1968	11537
24039	11538
24425	11539
15688	11540
17468	11541
4173	11542
28579	11543
19941	11544
10609	11545
4691	11546
13161	11547
14504	11548
14561	11549
3875	11550
1019	11551
3159	11552
4719	11553
9464	11554
3076	11555
29218	11556
28305	11557
2346	11558
27841	11559
9222	11560
6216	11561
22115	11562
121	11563
18809	11564
19551	11565
3968	11566
22630	11567
3974	11568
2842	11569
10336	11570
6231	11571
14001	11572
27001	11573
11092	11574
26797	11575
23467	11576
3858	11577
3980	11578
7228	11579
1400	11580
9771	11581
15570	11582
291	11583
12870	11584
13675	11585
11585	11586
16093	11587
13769	11588
9499	11589
27180	11590
25253	11591
3992	11592
15275	11593
22223	11594
8247	11595
25044	11596
3037	11597
12822	11598
20210	11599
6326	11600
21405	11601
26800	11602
4913	11603
20997	11604
347	11605
9182	11606
150	11607
92	11608
18983	11609
8840	11610
16088	11611
13332	11612
2644	11613
11659	11614
29431	11615
15151	11616
5247	11617
22814	11618
12177	11619
8379	11620
15162	11621
23331	11622
27437	11623
16096	11624
27937	11625
28800	11626
28324	11627
8901	11628
20355	11629
18810	11630
26769	11631
8460	11632
28454	11633
18203	11634
7952	11635
10880	11636
18568	11637
11197	11638
18359	11639
10125	11640
28758	11641
16180	11642
3844	11643
22308	11644
22881	11645
27172	11646
10461	11647
170	11648
17372	11649
14399	11650
21247	11651
5204	11652
2572	11653
29360	11654
24162	11655
22724	11656
21918	11657
8880	11658
22287	11659
13330	11660
29171	11661
21994	11662
9194	11663
19353	11664
8127	11665
20265	11666
12752	11667
1800	11668
23847	11669
16127	11670
5563	11671
2491	11672
20169	11673
28976	11674
6520	11675
5459	11676
23241	11677
21554	11678
23845	11679
22125	11680
9802	11681
2620	11682
13156	11683
6215	11684
15969	11685
6668	11686
15581	11687
20223	11688
1315	11689
10089	11690
22192	11691
3958	11692
11034	11693
13716	11694
21270	11695
3482	11696
8526	11697
23480	11698
3507	11699
22182	11700
4449	11701
8401	11702
25232	11703
6859	11704
499	11705
9485	11706
12816	11707
3493	11708
5941	11709
26070	11710
25759	11711
22239	11712
10735	11713
22817	11714
29513	11715
5169	11716
27397	11717
27770	11718
9742	11719
23928	11720
10385	11721
26055	11722
195	11723
2889	11724
25794	11725
27623	11726
27725	11727
5771	11728
28613	11729
28102	11730
24002	11731
10188	11732
7018	11733
284	11734
14019	11735
19610	11736
5786	11737
16179	11738
7500	11739
25427	11740
7397	11741
5600	11742
15342	11743
16511	11744
6541	11745
26682	11746
24993	11747
15897	11748
12360	11749
18651	11750
17668	11751
21753	11752
1366	11753
9415	11754
22640	11755
24044	11756
11555	11757
5904	11758
18415	11759
13932	11760
143	11761
23350	11762
18268	11763
6483	11764
26976	11765
5817	11766
955	11767
18750	11768
13278	11769
13740	11770
27920	11771
15662	11772
4532	11773
972	11774
13601	11775
15710	11776
8395	11777
13266	11778
16604	11779
2124	11780
11297	11781
20553	11782
26778	11783
5973	11784
13181	11785
17482	11786
25787	11787
9506	11788
25065	11789
980	11790
23033	11791
20616	11792
27401	11793
6487	11794
20981	11795
1561	11796
5923	11797
24787	11798
22553	11799
24395	11800
962	11801
727	11802
11558	11803
12813	11804
20517	11805
23213	11806
28691	11807
27947	11808
12402	11809
15974	11810
29137	11811
3372	11812
16314	11813
18981	11814
29076	11815
16691	11816
21249	11817
18740	11818
3720	11819
19134	11820
210	11821
13711	11822
23823	11823
5266	11824
26186	11825
29055	11826
2426	11827
2923	11828
4123	11829
8960	11830
27138	11831
23886	11832
26139	11833
12132	11834
23691	11835
15267	11836
9772	11837
16152	11838
21506	11839
7981	11840
29276	11841
12917	11842
24151	11843
2271	11844
6760	11845
4026	11846
1046	11847
20302	11848
23932	11849
399	11850
9704	11851
24508	11852
13502	11853
7411	11854
16848	11855
21588	11856
17021	11857
25086	11858
4609	11859
8527	11860
2506	11861
1944	11862
18282	11863
17266	11864
25741	11865
19133	11866
7068	11867
27280	11868
3281	11869
13707	11870
21963	11871
5205	11872
15593	11873
11977	11874
5124	11875
179	11876
5568	11877
15020	11878
3971	11879
21714	11880
6823	11881
10465	11882
23058	11883
3949	11884
29119	11885
20327	11886
2633	11887
19372	11888
19224	11889
25934	11890
318	11891
18802	11892
16264	11893
18897	11894
26044	11895
18962	11896
16119	11897
13086	11898
25179	11899
25175	11900
14338	11901
1107	11902
19143	11903
15216	11904
24670	11905
25117	11906
24297	11907
7549	11908
3985	11909
21076	11910
133	11911
17172	11912
28895	11913
438	11914
25781	11915
17119	11916
3630	11917
20837	11918
18098	11919
21717	11920
24052	11921
2891	11922
794	11923
1329	11924
19178	11925
8900	11926
7821	11927
24340	11928
10295	11929
12138	11930
10512	11931
6361	11932
7865	11933
23650	11934
28627	11935
17037	11936
9858	11937
15202	11938
5781	11939
1638	11940
3350	11941
26588	11942
23838	11943
7904	11944
20850	11945
19017	11946
19599	11947
184	11948
8294	11949
15049	11950
11380	11951
9845	11952
27798	11953
25113	11954
12337	11955
8317	11956
9486	11957
4582	11958
17593	11959
18125	11960
1475	11961
27487	11962
303	11963
1056	11964
14074	11965
377	11966
24326	11967
13776	11968
17425	11969
20240	11970
14917	11971
3355	11972
15850	11973
27398	11974
25132	11975
20580	11976
86	11977
194	11978
22849	11979
26355	11980
13626	11981
18698	11982
13959	11983
26394	11984
14623	11985
11829	11986
2538	11987
25752	11988
29185	11989
7453	11990
17179	11991
3452	11992
28475	11993
27736	11994
22668	11995
17248	11996
8884	11997
9955	11998
15964	11999
17200	12000
17714	12001
6898	12002
4690	12003
20686	12004
27228	12005
22675	12006
3030	12007
119	12008
2867	12009
6726	12010
20326	12011
15557	12012
17110	12013
6311	12014
5582	12015
23206	12016
21027	12017
16844	12018
21028	12019
21412	12020
990	12021
21722	12022
28807	12023
2936	12024
5409	12025
7839	12026
2681	12027
8753	12028
18086	12029
24639	12030
25449	12031
23352	12032
13627	12033
2373	12034
16499	12035
17048	12036
21710	12037
10786	12038
10549	12039
174	12040
19757	12041
20587	12042
28654	12043
28057	12044
14969	12045
3589	12046
12749	12047
8760	12048
11119	12049
7114	12050
1635	12051
12071	12052
29365	12053
15979	12054
22707	12055
9893	12056
19376	12057
12083	12058
8486	12059
3273	12060
21801	12061
13047	12062
6754	12063
1049	12064
14418	12065
10381	12066
7495	12067
8921	12068
26713	12069
9812	12070
12788	12071
11426	12072
25373	12073
5952	12074
24049	12075
18728	12076
7607	12077
26403	12078
15459	12079
9842	12080
1425	12081
13792	12082
15983	12083
8931	12084
12550	12085
4967	12086
1704	12087
26151	12088
11875	12089
23703	12090
9918	12091
3517	12092
20043	12093
1503	12094
9738	12095
5132	12096
11320	12097
25984	12098
18485	12099
12150	12100
4451	12101
20725	12102
20121	12103
9861	12104
10132	12105
12320	12106
22541	12107
6790	12108
687	12109
18345	12110
7665	12111
10710	12112
2268	12113
28453	12114
762	12115
18224	12116
6400	12117
17413	12118
23481	12119
16999	12120
14832	12121
7488	12122
17095	12123
17684	12124
28352	12125
21738	12126
19653	12127
10876	12128
3830	12129
26510	12130
8564	12131
107	12132
8058	12133
15278	12134
24353	12135
15505	12136
14549	12137
23819	12138
360	12139
1444	12140
18752	12141
24784	12142
8746	12143
10388	12144
166	12145
11463	12146
16714	12147
28039	12148
10259	12149
2810	12150
14513	12151
799	12152
713	12153
23117	12154
1464	12155
16688	12156
17664	12157
26745	12158
969	12159
10583	12160
8072	12161
159	12162
12399	12163
25926	12164
15169	12165
13559	12166
23730	12167
2053	12168
24948	12169
17168	12170
28048	12171
6876	12172
6849	12173
1718	12174
5943	12175
11979	12176
10486	12177
22157	12178
11146	12179
15692	12180
24556	12181
26737	12182
338	12183
9138	12184
24942	12185
20439	12186
4340	12187
3445	12188
10123	12189
21520	12190
22263	12191
14737	12192
10092	12193
8373	12194
25360	12195
20741	12196
24878	12197
12565	12198
1020	12199
13180	12200
16279	12201
3622	12202
6721	12203
13207	12204
3313	12205
15105	12206
22242	12207
6566	12208
7336	12209
14105	12210
11206	12211
24442	12212
18059	12213
21807	12214
15591	12215
4824	12216
10280	12217
10969	12218
7447	12219
18978	12220
2139	12221
17503	12222
239	12223
27219	12224
15260	12225
22121	12226
21191	12227
23490	12228
26327	12229
17933	12230
6447	12231
19470	12232
9562	12233
25452	12234
19714	12235
2703	12236
3123	12237
16789	12238
21792	12239
3179	12240
11964	12241
17861	12242
15386	12243
5876	12244
17560	12245
24773	12246
14119	12247
12786	12248
28087	12249
10788	12250
16394	12251
4253	12252
27778	12253
12889	12254
8223	12255
20176	12256
11019	12257
28381	12258
26629	12259
11678	12260
22175	12261
7285	12262
4791	12263
29439	12264
24651	12265
151	12266
8688	12267
13458	12268
25226	12269
5382	12270
26122	12271
22237	12272
1511	12273
10005	12274
7632	12275
25090	12276
27362	12277
19700	12278
10228	12279
11062	12280
15705	12281
17388	12282
29274	12283
5665	12284
60	12285
1728	12286
29543	12287
22330	12288
1873	12289
12318	12290
17625	12291
28585	12292
663	12293
25415	12294
28002	12295
6429	12296
6501	12297
26531	12298
18194	12299
1438	12300
7751	12301
16245	12302
28401	12303
16448	12304
9349	12305
4295	12306
12978	12307
11215	12308
21003	12309
26278	12310
13414	12311
4402	12312
261	12313
25033	12314
13746	12315
5642	12316
18031	12317
13247	12318
23935	12319
24845	12320
24046	12321
22300	12322
12412	12323
12162	12324
10801	12325
17143	12326
22578	12327
7913	12328
2168	12329
8435	12330
9881	12331
27297	12332
16965	12333
16882	12334
16963	12335
19050	12336
24378	12337
3631	12338
16973	12339
25400	12340
16414	12341
8262	12342
28400	12343
1832	12344
23556	12345
26922	12346
16889	12347
7842	12348
24823	12349
24262	12350
21439	12351
24164	12352
13083	12353
1586	12354
25040	12355
143	12356
24423	12357
24612	12358
25831	12359
2712	12360
8620	12361
2991	12362
9212	12363
3571	12364
1074	12365
21024	12366
13482	12367
6237	12368
15681	12369
2730	12370
10911	12371
11046	12372
27386	12373
2736	12374
8821	12375
6599	12376
9014	12377
24852	12378
28027	12379
20892	12380
12072	12381
28348	12382
18225	12383
8331	12384
23360	12385
10832	12386
7056	12387
9236	12388
14080	12389
16686	12390
21993	12391
26174	12392
27619	12393
13191	12394
28	12395
8166	12396
23806	12397
2484	12398
25367	12399
29205	12400
17874	12401
2482	12402
25262	12403
7898	12404
5899	12405
22412	12406
18250	12407
6734	12408
16928	12409
27885	12410
26181	12411
7391	12412
24966	12413
495	12414
28540	12415
25299	12416
28343	12417
15128	12418
22260	12419
13910	12420
4658	12421
25886	12422
2811	12423
19773	12424
24248	12425
13088	12426
19632	12427
18319	12428
13317	12429
5860	12430
4337	12431
8150	12432
16390	12433
25022	12434
3533	12435
19437	12436
8709	12437
25125	12438
29487	12439
8693	12440
9519	12441
5013	12442
5467	12443
23776	12444
4939	12445
29320	12446
14993	12447
22381	12448
9325	12449
13036	12450
13933	12451
18427	12452
8515	12453
9240	12454
27630	12455
12535	12456
9611	12457
28622	12458
26950	12459
4040	12460
8855	12461
4453	12462
13993	12463
15889	12464
13285	12465
28018	12466
18878	12467
22533	12468
27545	12469
20830	12470
1254	12471
26969	12472
23643	12473
20818	12474
5373	12475
6637	12476
7803	12477
20560	12478
15729	12479
25059	12480
7046	12481
9092	12482
22191	12483
598	12484
19821	12485
17062	12486
12585	12487
1870	12488
22032	12489
3180	12490
1788	12491
25773	12492
9569	12493
9886	12494
14992	12495
774	12496
478	12497
19550	12498
2949	12499
20469	12500
15650	12501
3041	12502
13600	12503
1289	12504
24549	12505
16585	12506
2666	12507
22780	12508
23147	12509
20019	12510
948	12511
2193	12512
5822	12513
24286	12514
26162	12515
28308	12516
15083	12517
7672	12518
28234	12519
2688	12520
20256	12521
13015	12522
22855	12523
12470	12524
12126	12525
15226	12526
25497	12527
23395	12528
5914	12529
19987	12530
14252	12531
12153	12532
26564	12533
18253	12534
6712	12535
12835	12536
6934	12537
19799	12538
16751	12539
1176	12540
26694	12541
15006	12542
12649	12543
7531	12544
23620	12545
14112	12546
26291	12547
17590	12548
11437	12549
27918	12550
9797	12551
393	12552
21048	12553
1894	12554
2972	12555
975	12556
29175	12557
20831	12558
29527	12559
4081	12560
3465	12561
27454	12562
17581	12563
4271	12564
14971	12565
13396	12566
8751	12567
25311	12568
7927	12569
11071	12570
7216	12571
28757	12572
9908	12573
22875	12574
21631	12575
19266	12576
2976	12577
15442	12578
10399	12579
10029	12580
7772	12581
23075	12582
16462	12583
21611	12584
23436	12585
14016	12586
15541	12587
14161	12588
1589	12589
19091	12590
19561	12591
8101	12592
25329	12593
13997	12594
7321	12595
15433	12596
26169	12597
131	12598
9526	12599
5473	12600
6881	12601
1673	12602
15209	12603
27131	12604
11454	12605
13859	12606
400	12607
29371	12608
11906	12609
16896	12610
19823	12611
5022	12612
25241	12613
24323	12614
29375	12615
688	12616
10704	12617
9824	12618
19508	12619
20	12620
243	12621
23326	12622
18378	12623
76	12624
23677	12625
16933	12626
24818	12627
1587	12628
9560	12629
9860	12630
15486	12631
14976	12632
4552	12633
735	12634
15000	12635
26184	12636
22709	12637
15121	12638
508	12639
23670	12640
19378	12641
117	12642
15232	12643
3354	12644
7170	12645
13607	12646
14892	12647
8044	12648
18583	12649
23335	12650
16983	12651
1208	12652
2048	12653
12026	12654
10581	12655
24881	12656
20284	12657
25526	12658
2849	12659
2087	12660
17362	12661
4840	12662
12763	12663
6119	12664
18385	12665
2049	12666
3870	12667
10825	12668
12275	12669
16518	12670
1213	12671
15682	12672
2089	12673
4543	12674
18140	12675
3435	12676
21985	12677
15314	12678
1408	12679
23694	12680
3415	12681
9423	12682
27759	12683
322	12684
13720	12685
22742	12686
13757	12687
13245	12688
3209	12689
22397	12690
29348	12691
20413	12692
23865	12693
10441	12694
8214	12695
9540	12696
5398	12697
16625	12698
7863	12699
26375	12700
829	12701
8657	12702
986	12703
16022	12704
8296	12705
23603	12706
1767	12707
22501	12708
27261	12709
581	12710
2062	12711
6256	12712
13816	12713
21590	12714
4936	12715
41	12716
392	12717
2987	12718
19128	12719
9616	12720
17796	12721
518	12722
23518	12723
23757	12724
6264	12725
2104	12726
22109	12727
15781	12728
542	12729
11438	12730
17938	12731
4471	12732
29467	12733
18020	12734
5977	12735
9025	12736
708	12737
28812	12738
14942	12739
13623	12740
10229	12741
7370	12742
24257	12743
28006	12744
14158	12745
27076	12746
12163	12747
961	12748
9072	12749
7107	12750
20700	12751
907	12752
20051	12753
21079	12754
23025	12755
8107	12756
16104	12757
17264	12758
25990	12759
9293	12760
27610	12761
8631	12762
24215	12763
12164	12764
9362	12765
22686	12766
18686	12767
26075	12768
66	12769
27931	12770
9377	12771
26106	12772
28210	12773
19447	12774
27156	12775
1714	12776
29130	12777
6788	12778
20985	12779
29476	12780
328	12781
5456	12782
28205	12783
1268	12784
11997	12785
12899	12786
29475	12787
22853	12788
21327	12789
22438	12790
12833	12791
21455	12792
12957	12793
23851	12794
4557	12795
18158	12796
7159	12797
12300	12798
8280	12799
20968	12800
699	12801
12210	12802
2540	12803
5942	12804
19094	12805
24112	12806
19101	12807
8252	12808
23158	12809
14447	12810
6877	12811
18603	12812
12392	12813
16573	12814
26452	12815
23532	12816
28589	12817
24837	12818
29095	12819
16512	12820
810	12821
25944	12822
27408	12823
24211	12824
20437	12825
28879	12826
10271	12827
9046	12828
16204	12829
24043	12830
9386	12831
7884	12832
22842	12833
13211	12834
24781	12835
25240	12836
22281	12837
599	12838
3254	12839
21822	12840
27310	12841
13354	12842
26971	12843
16632	12844
23822	12845
1905	12846
25554	12847
7002	12848
13946	12849
8720	12850
24264	12851
9996	12852
6222	12853
2359	12854
25106	12855
9276	12856
24245	12857
27869	12858
11332	12859
20620	12860
8904	12861
1901	12862
14530	12863
22072	12864
27595	12865
25236	12866
29546	12867
27891	12868
16738	12869
1229	12870
23946	12871
6740	12872
22639	12873
15635	12874
257	12875
16547	12876
23371	12877
181	12878
23014	12879
28567	12880
10434	12881
136	12882
15809	12883
12228	12884
17963	12885
2584	12886
24983	12887
1686	12888
4873	12889
8371	12890
25628	12891
16095	12892
26710	12893
24224	12894
3637	12895
1216	12896
4140	12897
10028	12898
5700	12899
12542	12900
2838	12901
6204	12902
61	12903
25556	12904
3203	12905
16089	12906
8315	12907
15015	12908
25002	12909
5024	12910
16840	12911
5982	12912
8577	12913
23860	12914
11296	12915
14434	12916
3190	12917
10925	12918
4019	12919
10850	12920
4287	12921
21325	12922
18634	12923
14960	12924
11140	12925
2119	12926
14287	12927
27483	12928
25143	12929
19269	12930
15199	12931
11773	12932
3162	12933
4697	12934
25440	12935
2266	12936
1538	12937
16234	12938
28510	12939
24656	12940
10111	12941
25529	12942
6303	12943
26517	12944
5840	12945
12536	12946
4988	12947
5063	12948
14768	12949
10355	12950
16383	12951
14179	12952
10700	12953
1433	12954
16196	12955
6028	12956
17717	12957
16767	12958
3651	12959
7052	12960
21118	12961
20162	12962
18644	12963
4863	12964
13291	12965
22721	12966
15609	12967
29099	12968
4341	12969
21687	12970
27873	12971
6071	12972
596	12973
19833	12974
2098	12975
13697	12976
26454	12977
20995	12978
20064	12979
19724	12980
24117	12981
27948	12982
724	12983
6492	12984
10020	12985
2872	12986
28606	12987
23333	12988
6295	12989
13685	12990
4184	12991
27701	12992
13756	12993
17943	12994
28036	12995
10170	12996
12628	12997
13119	12998
12158	12999
22857	13000
18154	13001
2975	13002
6973	13003
27520	13004
19454	13005
22810	13006
8512	13007
16004	13008
20870	13009
12277	13010
4705	13011
7324	13012
10184	13013
10576	13014
16881	13015
18727	13016
14792	13017
27130	13018
10222	13019
1536	13020
15302	13021
28144	13022
26294	13023
25567	13024
16162	13025
10771	13026
11477	13027
20368	13028
9413	13029
9747	13030
15535	13031
17954	13032
20929	13033
3623	13034
95	13035
21557	13036
22320	13037
15	13038
1122	13039
20643	13040
17620	13041
17476	13042
29072	13043
249	13044
27080	13045
17766	13046
17979	13047
15543	13048
16952	13049
15481	13050
254	13051
25885	13052
23287	13053
3734	13054
23354	13055
13760	13056
8680	13057
18614	13058
22116	13059
25832	13060
22371	13061
6039	13062
16661	13063
11693	13064
25889	13065
18799	13066
18389	13067
27861	13068
22740	13069
26908	13070
4694	13071
11302	13072
24140	13073
22142	13074
19861	13075
22991	13076
9954	13077
19765	13078
15184	13079
14305	13080
27213	13081
20371	13082
25451	13083
15350	13084
16387	13085
67	13086
16232	13087
16795	13088
18214	13089
23327	13090
21539	13091
24154	13092
3705	13093
861	13094
10687	13095
21101	13096
29450	13097
25068	13098
13610	13099
3839	13100
19226	13101
943	13102
412	13103
24838	13104
8815	13105
19250	13106
19324	13107
7638	13108
20323	13109
24293	13110
4950	13111
15528	13112
20136	13113
18424	13114
18473	13115
18871	13116
29078	13117
11952	13118
1157	13119
14665	13120
19360	13121
6602	13122
3855	13123
6152	13124
13338	13125
26475	13126
17040	13127
8002	13128
19652	13129
17628	13130
3434	13131
11682	13132
8825	13133
6409	13134
9007	13135
19361	13136
25130	13137
24666	13138
22576	13139
13358	13140
22209	13141
16468	13142
18869	13143
2267	13144
11243	13145
3441	13146
12223	13147
20919	13148
20039	13149
28988	13150
13292	13151
25306	13152
6044	13153
24518	13154
11884	13155
24365	13156
27569	13157
9101	13158
16754	13159
8778	13160
14519	13161
7624	13162
28804	13163
15013	13164
1965	13165
9959	13166
7631	13167
2199	13168
24313	13169
9048	13170
28124	13171
23037	13172
4916	13173
16811	13174
25390	13175
8113	13176
28593	13177
21573	13178
27464	13179
3742	13180
5116	13181
4928	13182
3	13183
8964	13184
19670	13185
15855	13186
16827	13187
11085	13188
20172	13189
24687	13190
26870	13191
2251	13192
24005	13193
22883	13194
20213	13195
26809	13196
22304	13197
14581	13198
28253	13199
15812	13200
17150	13201
19012	13202
29392	13203
15648	13204
6843	13205
1232	13206
22681	13207
5967	13208
1186	13209
26081	13210
10938	13211
2088	13212
25770	13213
14691	13214
5192	13215
6442	13216
15427	13217
7504	13218
21444	13219
7484	13220
29528	13221
11042	13222
2026	13223
24911	13224
2322	13225
15939	13226
6452	13227
18182	13228
24638	13229
15643	13230
14925	13231
12018	13232
13429	13233
13185	13234
2451	13235
19495	13236
2947	13237
10814	13238
25372	13239
13276	13240
199	13241
18476	13242
3767	13243
12057	13244
12976	13245
15503	13246
19097	13247
8793	13248
23042	13249
6818	13250
12080	13251
8193	13252
24825	13253
141	13254
9175	13255
20047	13256
5640	13257
17464	13258
16290	13259
11500	13260
2676	13261
18543	13262
24357	13263
16783	13264
23712	13265
5450	13266
4783	13267
9390	13268
4590	13269
8102	13270
1700	13271
167	13272
22872	13273
23566	13274
1876	13275
2372	13276
11831	13277
7352	13278
12346	13279
3470	13280
18229	13281
10509	13282
10903	13283
13042	13284
8298	13285
10319	13286
26143	13287
18588	13288
18873	13289
1690	13290
335	13291
15652	13292
571	13293
26267	13294
19706	13295
25757	13296
21397	13297
25969	13298
9080	13299
9656	13300
9601	13301
5881	13302
17337	13303
23340	13304
15417	13305
313	13306
24396	13307
1929	13308
20824	13309
4899	13310
25530	13311
16671	13312
2645	13313
23138	13314
3764	13315
21678	13316
26016	13317
9946	13318
16579	13319
27815	13320
11416	13321
5916	13322
27181	13323
1100	13324
19102	13325
25976	13326
18600	13327
15934	13328
3003	13329
2705	13330
11688	13331
6544	13332
21924	13333
10599	13334
20296	13335
28222	13336
10518	13337
11879	13338
28639	13339
24945	13340
8402	13341
1719	13342
29406	13343
10359	13344
324	13345
14224	13346
16857	13347
6550	13348
14551	13349
5683	13350
24758	13351
9748	13352
24418	13353
6265	13354
10139	13355
27379	13356
13569	13357
16494	13358
3998	13359
5592	13360
925	13361
8426	13362
5633	13363
27008	13364
24717	13365
28119	13366
658	13367
20880	13368
15529	13369
12440	13370
29227	13371
18823	13372
17433	13373
22485	13374
16905	13375
12854	13376
856	13377
13865	13378
897	13379
28796	13380
4737	13381
10124	13382
10487	13383
9084	13384
16385	13385
1669	13386
4127	13387
18511	13388
24754	13389
10255	13390
28717	13391
9083	13392
8713	13393
14944	13394
27067	13395
11364	13396
6870	13397
10414	13398
3502	13399
18510	13400
19592	13401
19640	13402
11485	13403
9907	13404
11610	13405
4663	13406
18533	13407
14844	13408
27122	13409
25295	13410
2566	13411
28304	13412
26226	13413
4012	13414
24884	13415
27702	13416
20878	13417
18847	13418
11523	13419
3972	13420
8915	13421
177	13422
7125	13423
1487	13424
28661	13425
6793	13426
488	13427
8206	13428
2830	13429
29295	13430
12165	13431
26382	13432
23086	13433
12273	13434
6091	13435
6374	13436
29317	13437
16070	13438
9721	13439
17041	13440
4232	13441
17504	13442
17180	13443
27909	13444
19928	13445
11316	13446
9115	13447
23795	13448
16698	13449
12997	13450
26211	13451
28198	13452
21113	13453
28679	13454
8313	13455
1750	13456
7822	13457
10472	13458
27584	13459
5494	13460
11050	13461
4171	13462
867	13463
23003	13464
11532	13465
3021	13466
23288	13467
20071	13468
16035	13469
24959	13470
10004	13471
12840	13472
19259	13473
11375	13474
27972	13475
8308	13476
20998	13477
1250	13478
23725	13479
10887	13480
225	13481
25473	13482
24673	13483
14973	13484
4368	13485
27360	13486
2405	13487
27591	13488
14576	13489
7271	13490
476	13491
16071	13492
16979	13493
3910	13494
20037	13495
21402	13496
7892	13497
6466	13498
2493	13499
268	13500
9200	13501
10002	13502
26593	13503
2419	13504
5354	13505
25678	13506
4432	13507
23102	13508
394	13509
28201	13510
10	13511
14129	13512
358	13513
7435	13514
10018	13515
7010	13516
5929	13517
16934	13518
26400	13519
13491	13520
18185	13521
10503	13522
11397	13523
7150	13524
19552	13525
23742	13526
3989	13527
20947	13528
25545	13529
24904	13530
12506	13531
609	13532
24420	13533
2431	13534
19440	13535
17550	13536
23817	13537
268	13538
24537	13539
12911	13540
16086	13541
12046	13542
18340	13543
28547	13544
3481	13545
1642	13546
6282	13547
1515	13548
10660	13549
27018	13550
18155	13551
11658	13552
26590	13553
13657	13554
10821	13555
9891	13556
9522	13557
25510	13558
19826	13559
24471	13560
20889	13561
29007	13562
10842	13563
25184	13564
13467	13565
13289	13566
13820	13567
16893	13568
12965	13569
19851	13570
17439	13571
7117	13572
17171	13573
22691	13574
23308	13575
28816	13576
1579	13577
6889	13578
18299	13579
1737	13580
10268	13581
21021	13582
77	13583
1990	13584
27875	13585
15871	13586
26408	13587
10485	13588
5986	13589
25438	13590
18758	13591
21652	13592
18544	13593
20141	13594
26411	13595
19608	13596
18654	13597
11073	13598
9788	13599
12155	13600
9071	13601
20177	13602
3115	13603
25144	13604
8587	13605
11992	13606
2010	13607
855	13608
17997	13609
25849	13610
2172	13611
14324	13612
10154	13613
1199	13614
10356	13615
11481	13616
20401	13617
22027	13618
29173	13619
2560	13620
11984	13621
21630	13622
15858	13623
27697	13624
14921	13625
1530	13626
14991	13627
1727	13628
28126	13629
24631	13630
14602	13631
12980	13632
25797	13633
28493	13634
14431	13635
10130	13636
23168	13637
109	13638
1209	13639
24455	13640
26117	13641
10393	13642
6558	13643
11414	13644
10200	13645
28808	13646
22975	13647
20859	13648
10387	13649
13802	13650
25651	13651
2003	13652
6161	13653
20433	13654
10754	13655
28011	13656
15326	13657
10210	13658
13109	13659
17396	13660
5489	13661
14025	13662
28301	13663
20752	13664
9986	13665
15838	13666
19014	13667
9196	13668
15719	13669
24672	13670
6984	13671
26799	13672
7612	13673
26805	13674
6433	13675
9373	13676
24609	13677
13713	13678
28673	13679
6418	13680
413	13681
19898	13682
17410	13683
5580	13684
11406	13685
17973	13686
5897	13687
24743	13688
25655	13689
1257	13690
27178	13691
20948	13692
6369	13693
16389	13694
117	13695
18326	13696
981	13697
9640	13698
24817	13699
5905	13700
22278	13701
13898	13702
17911	13703
23707	13704
20671	13705
12154	13706
5265	13707
6893	13708
22929	13709
9361	13710
23286	13711
23292	13712
19660	13713
5775	13714
706	13715
22714	13716
25025	13717
28491	13718
29018	13719
13635	13720
12994	13721
263	13722
22168	13723
24605	13724
29149	13725
4881	13726
19099	13727
23202	13728
7213	13729
19165	13730
12073	13731
20252	13732
22100	13733
16206	13734
28358	13735
28881	13736
3163	13737
19078	13738
7498	13739
28841	13740
20826	13741
17683	13742
3579	13743
26616	13744
883	13745
14891	13746
11093	13747
23413	13748
14752	13749
12947	13750
20108	13751
11656	13752
4092	13753
28327	13754
15388	13755
5089	13756
25380	13757
20415	13758
23635	13759
5482	13760
24272	13761
951	13762
1498	13763
9981	13764
5114	13765
23096	13766
25704	13767
3160	13768
15644	13769
8535	13770
21064	13771
14547	13772
9508	13773
25003	13774
22172	13775
26992	13776
1052	13777
29	13778
10171	13779
17686	13780
10189	13781
9360	13782
3555	13783
10867	13784
28504	13785
1411	13786
22559	13787
16497	13788
17722	13789
29485	13790
25358	13791
19841	13792
20402	13793
6463	13794
25730	13795
4375	13796
23778	13797
24080	13798
13095	13799
6516	13800
7513	13801
3300	13802
4932	13803
26471	13804
23590	13805
14227	13806
5944	13807
9913	13808
8988	13809
5847	13810
339	13811
10491	13812
22437	13813
4016	13814
3430	13815
19400	13816
19645	13817
29489	13818
17236	13819
22314	13820
18043	13821
24568	13822
1421	13823
21274	13824
26405	13825
26289	13826
27046	13827
17051	13828
18772	13829
13836	13830
7951	13831
28860	13832
13249	13833
20008	13834
22629	13835
15394	13836
27502	13837
17032	13838
21114	13839
159	13840
5014	13841
14584	13842
1459	13843
15761	13844
28338	13845
307	13846
24527	13847
26042	13848
4966	13849
23714	13850
13260	13851
20050	13852
13316	13853
12974	13854
6054	13855
25481	13856
26473	13857
15532	13858
12587	13859
17252	13860
7746	13861
25192	13862
11657	13863
15189	13864
14398	13865
325	13866
17323	13867
26310	13868
11733	13869
26485	13870
9713	13871
10757	13872
14723	13873
10309	13874
15914	13875
740	13876
6051	13877
18789	13878
8613	13879
11587	13880
16481	13881
23917	13882
29146	13883
7157	13884
21038	13885
27585	13886
3698	13887
22841	13888
18904	13889
412	13890
24101	13891
23734	13892
25049	13893
21364	13894
12734	13895
9142	13896
26412	13897
16493	13898
23866	13899
18903	13900
9321	13901
28199	13902
8216	13903
24324	13904
22760	13905
13797	13906
28703	13907
6547	13908
22837	13909
22652	13910
28775	13911
21799	13912
25426	13913
7024	13914
5829	13915
5068	13916
27304	13917
1041	13918
25809	13919
10790	13920
16068	13921
2474	13922
20274	13923
22759	13924
7954	13925
17213	13926
25280	13927
3298	13928
2784	13929
29147	13930
28957	13931
25172	13932
13889	13933
16641	13934
14826	13935
27656	13936
21772	13937
18479	13938
21879	13939
275	13940
28388	13941
11257	13942
6086	13943
7249	13944
7705	13945
679	13946
17170	13947
25965	13948
12594	13949
15920	13950
26207	13951
16966	13952
10529	13953
28420	13954
8889	13955
6510	13956
15255	13957
3440	13958
17453	13959
22112	13960
28008	13961
12820	13962
27445	13963
4197	13964
22990	13965
27400	13966
15513	13967
894	13968
15791	13969
17709	13970
27127	13971
2257	13972
15675	13973
390	13974
16651	13975
12278	13976
17866	13977
29530	13978
279	13979
8360	13980
7378	13981
17862	13982
26389	13983
15638	13984
21524	13985
22531	13986
3967	13987
22094	13988
8121	13989
19675	13990
23821	13991
25583	13992
5809	13993
2035	13994
19245	13995
25074	13996
7072	13997
14790	13998
1742	13999
7390	14000
8514	14001
13293	14002
14533	14003
11284	14004
16193	14005
17198	14006
19257	14007
10908	14008
9731	14009
17510	14010
17538	14011
3309	14012
17400	14013
15574	14014
17485	14015
5118	14016
9098	14017
22688	14018
22871	14019
12108	14020
24866	14021
22535	14022
16411	14023
11721	14024
8820	14025
24920	14026
13325	14027
26513	14028
15284	14029
23421	14030
13970	14031
15918	14032
27811	14033
29068	14034
28625	14035
8724	14036
26554	14037
15818	14038
25576	14039
24317	14040
8236	14041
7347	14042
15377	14043
13813	14044
26046	14045
2434	14046
475	14047
13240	14048
22905	14049
3936	14050
2039	14051
5742	14052
5560	14053
8839	14054
12367	14055
13121	14056
14962	14057
27478	14058
29411	14059
14	14060
21915	14061
11516	14062
2716	14063
3567	14064
26364	14065
493	14066
2445	14067
22562	14068
4764	14069
21066	14070
22402	14071
24331	14072
22123	14073
2765	14074
20167	14075
23323	14076
17822	14077
23006	14078
26527	14079
4630	14080
206	14081
6105	14082
3574	14083
8358	14084
2227	14085
4442	14086
16832	14087
26203	14088
3282	14089
19564	14090
13676	14091
2278	14092
27233	14093
10711	14094
7482	14095
8257	14096
17718	14097
7604	14098
7441	14099
18070	14100
21770	14101
27884	14102
509	14103
26283	14104
12170	14105
184	14106
15909	14107
6874	14108
22685	14109
23538	14110
18196	14111
2381	14112
16672	14113
24939	14114
6705	14115
12687	14116
11834	14117
27481	14118
24127	14119
20881	14120
12892	14121
11726	14122
2689	14123
24397	14124
28394	14125
26654	14126
8609	14127
14007	14128
8160	14129
12633	14130
2568	14131
23854	14132
16034	14133
23933	14134
7964	14135
8869	14136
28624	14137
17984	14138
40	14139
19619	14140
22000	14141
28851	14142
25023	14143
29394	14144
20811	14145
27899	14146
216	14147
21458	14148
22588	14149
11970	14150
283	14151
1924	14152
27721	14153
22377	14154
6814	14155
16044	14156
11971	14157
14391	14158
23134	14159
15797	14160
23321	14161
16620	14162
14182	14163
20769	14164
26312	14165
22546	14166
13828	14167
11789	14168
2072	14169
10904	14170
8606	14171
934	14172
11362	14173
2	14174
27691	14175
17864	14176
5511	14177
20755	14178
20715	14179
15714	14180
6585	14181
29483	14182
2107	14183
27220	14184
4078	14185
11344	14186
635	14187
15236	14188
1223	14189
19576	14190
7658	14191
18057	14192
17981	14193
28967	14194
1907	14195
14989	14196
20467	14197
27329	14198
22054	14199
13900	14200
10951	14201
16147	14202
9062	14203
1987	14204
17329	14205
23529	14206
28207	14207
13294	14208
29437	14209
29029	14210
19314	14211
636	14212
17828	14213
133	14214
4884	14215
618	14216
7676	14217
22937	14218
26472	14219
16296	14220
2438	14221
20325	14222
28618	14223
16948	14224
19212	14225
14235	14226
23514	14227
17416	14228
18541	14229
293	14230
1946	14231
9789	14232
13882	14233
18635	14234
23290	14235
23663	14236
13902	14237
10940	14238
13699	14239
757	14240
19842	14241
19856	14242
11319	14243
24368	14244
26834	14245
25500	14246
7609	14247
9104	14248
5471	14249
16040	14250
13611	14251
9168	14252
3782	14253
3996	14254
22279	14255
16238	14256
1578	14257
12013	14258
25076	14259
12682	14260
25811	14261
5589	14262
14429	14263
18018	14264
4126	14265
10146	14266
16883	14267
24526	14268
10922	14269
27645	14270
12171	14271
2165	14272
14592	14273
8425	14274
18126	14275
10743	14276
11262	14277
2698	14278
26069	14279
28105	14280
2643	14281
9877	14282
21390	14283
6118	14284
26649	14285
25169	14286
15304	14287
13084	14288
329	14289
21211	14290
13921	14291
13402	14292
26872	14293
10805	14294
17989	14295
4305	14296
13554	14297
5168	14298
16019	14299
25527	14300
1920	14301
10519	14302
21841	14303
23810	14304
7853	14305
11783	14306
6805	14307
17563	14308
1979	14309
2513	14310
2029	14311
8333	14312
10550	14313
15307	14314
26667	14315
5574	14316
2508	14317
12772	14318
11730	14319
6745	14320
9148	14321
17671	14322
6742	14323
3667	14324
15633	14325
12416	14326
24292	14327
8878	14328
28591	14329
17579	14330
1936	14331
7955	14332
1259	14333
15179	14334
2604	14335
10778	14336
17530	14337
7824	14338
28255	14339
22275	14340
21909	14341
22420	14342
11419	14343
4306	14344
16043	14345
19531	14346
29141	14347
2161	14348
24109	14349
24842	14350
15875	14351
5708	14352
15073	14353
17753	14354
20159	14355
25279	14356
1181	14357
1236	14358
24618	14359
175	14360
16482	14361
6968	14362
2545	14363
5	14364
28511	14365
24761	14366
12922	14367
22092	14368
6	14369
16431	14370
9977	14371
13487	14372
11353	14373
8134	14374
10505	14375
18129	14376
232	14377
4193	14378
20408	14379
8905	14380
22449	14381
3791	14382
24760	14383
22758	14384
255	14385
17112	14386
7880	14387
22898	14388
14311	14389
12579	14390
19460	14391
5524	14392
24859	14393
19979	14394
549	14395
13128	14396
13992	14397
8519	14398
25884	14399
3712	14400
6372	14401
22953	14402
24067	14403
28765	14404
2844	14405
10943	14406
10776	14407
9903	14408
10514	14409
20708	14410
9685	14411
20038	14412
16750	14413
3368	14414
27300	14415
22101	14416
29282	14417
25319	14418
18168	14419
15612	14420
24494	14421
9723	14422
3268	14423
7487	14424
5447	14425
15936	14426
18972	14427
14929	14428
14258	14429
13574	14430
4570	14431
27338	14432
2576	14433
20581	14434
2007	14435
21888	14436
16500	14437
3399	14438
14633	14439
25769	14440
4563	14441
411	14442
8033	14443
19445	14444
1225	14445
20649	14446
4758	14447
10895	14448
21666	14449
23968	14450
20568	14451
22321	14452
12114	14453
19650	14454
17592	14455
1806	14456
10708	14457
8896	14458
1301	14459
17756	14460
19338	14461
21335	14462
29381	14463
25430	14464
25490	14465
11677	14466
16907	14467
28747	14468
3745	14469
5624	14470
450	14471
19541	14472
6049	14473
7036	14474
4695	14475
19756	14476
26916	14477
16291	14478
457	14479
13705	14480
8773	14481
12182	14482
25474	14483
27455	14484
19352	14485
11545	14486
10881	14487
12379	14488
10739	14489
15702	14490
28651	14491
23574	14492
28136	14493
12306	14494
6232	14495
13238	14496
26346	14497
14387	14498
12270	14499
15536	14500
2424	14501
9042	14502
15862	14503
15730	14504
3823	14505
22404	14506
23411	14507
26458	14508
10021	14509
19967	14510
13850	14511
7781	14512
26602	14513
17039	14514
13817	14515
20871	14516
10516	14517
6030	14518
25336	14519
28855	14520
21145	14521
5520	14522
6918	14523
10522	14524
12044	14525
5585	14526
7669	14527
19063	14528
25092	14529
19897	14530
14046	14531
11914	14532
15944	14533
5091	14534
15201	14535
21765	14536
5145	14537
22589	14538
23506	14539
13863	14540
2140	14541
4660	14542
28267	14543
12836	14544
26324	14545
15131	14546
14642	14547
10684	14548
17687	14549
9347	14550
20710	14551
28577	14552
18032	14553
19127	14554
20292	14555
1166	14556
17501	14557
24115	14558
27444	14559
29015	14560
20872	14561
6748	14562
9251	14563
24152	14564
5162	14565
17733	14566
7371	14567
27883	14568
13061	14569
28636	14570
18907	14571
7854	14572
24083	14573
9375	14574
433	14575
795	14576
8302	14577
25162	14578
8735	14579
12053	14580
29464	14581
10830	14582
9100	14583
16170	14584
12454	14585
22860	14586
9179	14587
23355	14588
13318	14589
8876	14590
1306	14591
1022	14592
20561	14593
18715	14594
10806	14595
3505	14596
5321	14597
18320	14598
23470	14599
10177	14600
26197	14601
14143	14602
21442	14603
12413	14604
15636	14605
15027	14606
10426	14607
7420	14608
2028	14609
28753	14610
3845	14611
14180	14612
21204	14613
29523	14614
15949	14615
5596	14616
4467	14617
12603	14618
18554	14619
19558	14620
19486	14621
13773	14622
1962	14623
23068	14624
2164	14625
9524	14626
27183	14627
16924	14628
13571	14629
26438	14630
25418	14631
8935	14632
29494	14633
99	14634
14339	14635
22421	14636
24575	14637
8924	14638
17814	14639
8866	14640
8540	14641
27838	14642
24597	14643
18199	14644
20163	14645
15526	14646
21288	14647
21528	14648
8350	14649
15129	14650
903	14651
10769	14652
4312	14653
9645	14654
8025	14655
8255	14656
10736	14657
10670	14658
1659	14659
21574	14660
16133	14661
25178	14662
21782	14663
22067	14664
22967	14665
2487	14666
24055	14667
23223	14668
13518	14669
5188	14670
5767	14671
7214	14672
19735	14673
11138	14674
25650	14675
24938	14676
27768	14677
1928	14678
14505	14679
6166	14680
23774	14681
17572	14682
20481	14683
10669	14684
5874	14685
22285	14686
11429	14687
6570	14688
29445	14689
10978	14690
928	14691
16360	14692
11371	14693
5123	14694
2925	14695
3918	14696
10896	14697
28777	14698
298	14699
29444	14700
13747	14701
2246	14702
27897	14703
27513	14704
8343	14705
18914	14706
5410	14707
567	14708
6768	14709
19604	14710
27214	14711
8768	14712
5484	14713
12626	14714
11489	14715
26301	14716
18372	14717
29268	14718
27162	14719
2319	14720
26807	14721
18124	14722
5429	14723
19727	14724
6005	14725
4280	14726
21017	14727
6470	14728
8459	14729
24427	14730
29434	14731
28237	14732
6697	14733
18458	14734
7289	14735
7192	14736
1476	14737
16643	14738
3146	14739
16957	14740
7217	14741
15731	14742
932	14743
4015	14744
8185	14745
24240	14746
3085	14747
22160	14748
24346	14749
6368	14750
21212	14751
12664	14752
28571	14753
29415	14754
6270	14755
65	14756
21964	14757
13660	14758
22880	14759
3352	14760
12388	14761
13308	14762
3702	14763
26038	14764
3020	14765
14807	14766
29107	14767
5061	14768
1492	14769
10127	14770
20276	14771
1174	14772
18975	14773
21340	14774
12610	14775
2256	14776
602	14777
25956	14778
22058	14779
11601	14780
4568	14781
27404	14782
19211	14783
19865	14784
5055	14785
20658	14786
7177	14787
11386	14788
9663	14789
361	14790
1103	14791
10072	14792
6978	14793
20248	14794
15967	14795
4136	14796
28328	14797
2091	14798
17061	14799
11757	14800
10601	14801
9783	14802
13166	14803
12598	14804
277	14805
9967	14806
6121	14807
17083	14808
28178	14809
13811	14810
21388	14811
6157	14812
8230	14813
99	14814
14508	14815
26020	14816
13172	14817
16716	14818
25958	14819
27536	14820
19370	14821
23313	14822
23977	14823
23094	14824
22811	14825
16920	14826
3027	14827
18971	14828
27819	14829
787	14830
19514	14831
6753	14832
18149	14833
2108	14834
22232	14835
17970	14836
81	14837
3157	14838
311	14839
3212	14840
17990	14841
13258	14842
1917	14843
8283	14844
16445	14845
17089	14846
11499	14847
4328	14848
25434	14849
29353	14850
9541	14851
15997	14852
24135	14853
7171	14854
26497	14855
18879	14856
22838	14857
2004	14858
18645	14859
26848	14860
2973	14861
16875	14862
4	14863
15670	14864
2731	14865
3575	14866
4728	14867
778	14868
21039	14869
1137	14870
19303	14871
7967	14872
15716	14873
7771	14874
6197	14875
23011	14876
23951	14877
17583	14878
8816	14879
10612	14880
1101	14881
17300	14882
28476	14883
18892	14884
28372	14885
7782	14886
20780	14887
9984	14888
25047	14889
333	14890
9311	14891
28783	14892
14310	14893
28080	14894
28963	14895
3836	14896
10122	14897
8499	14898
4110	14899
22487	14900
18937	14901
17382	14902
6379	14903
8035	14904
23364	14905
21246	14906
26940	14907
23281	14908
5588	14909
7615	14910
5971	14911
16471	14912
15368	14913
27335	14914
28063	14915
21945	14916
19252	14917
17093	14918
23830	14919
8250	14920
21970	14921
6836	14922
3164	14923
2913	14924
19394	14925
20543	14926
24729	14927
5353	14928
9763	14929
18289	14930
12804	14931
28115	14932
27139	14933
27579	14934
27613	14935
15362	14936
27506	14937
1372	14938
246	14939
16496	14940
4777	14941
6784	14942
15619	14943
7133	14944
17965	14945
3338	14946
19255	14947
6050	14948
19639	14949
16919	14950
11447	14951
22140	14952
6875	14953
8412	14954
1458	14955
19422	14956
12827	14957
2218	14958
29081	14959
14947	14960
6603	14961
18462	14962
5718	14963
20559	14964
25381	14965
16033	14966
11542	14967
19575	14968
25120	14969
17422	14970
10304	14971
12545	14972
18285	14973
7508	14974
16676	14975
23090	14976
9110	14977
10656	14978
29470	14979
12156	14980
27503	14981
17776	14982
2593	14983
22734	14984
11713	14985
8139	14986
25494	14987
29154	14988
24064	14989
4033	14990
25645	14991
2447	14992
19121	14993
27533	14994
16307	14995
18054	14996
19686	14997
1031	14998
16164	14999
16539	15000
313	15001
13368	15002
24217	15003
28773	15004
18567	15005
13979	15006
14284	15007
15663	15008
22296	15009
16962	15010
12778	15011
16680	15012
8155	15013
25303	15014
20733	15015
3796	15016
17279	15017
17556	15018
3917	15019
24497	15020
17789	15021
5927	15022
563	15023
28714	15024
3747	15025
16491	15026
13320	15027
26817	15028
5579	15029
14421	15030
25805	15031
7590	15032
6530	15033
14984	15034
9332	15035
8928	15036
23407	15037
29019	15038
14402	15039
26154	15040
8979	15041
27374	15042
25123	15043
15544	15044
3585	15045
27290	15046
13052	15047
21463	15048
612	15049
11058	15050
4746	15051
1028	15052
1882	15053
144	15054
16771	15055
6012	15056
212	15057
13044	15058
15585	15059
19802	15060
6907	15061
11774	15062
12468	15063
22005	15064
16166	15065
3136	15066
24664	15067
8692	15068
21468	15069
9641	15070
18356	15071
17539	15072
27420	15073
3771	15074
5791	15075
21	15076
10647	15077
19646	15078
12996	15079
17647	15080
9144	15081
15423	15082
15845	15083
29389	15084
19696	15085
1601	15086
7209	15087
28294	15088
24721	15089
23495	15090
25460	15091
5604	15092
161	15093
11219	15094
12361	15095
11664	15096
13968	15097
14316	15098
5603	15099
3208	15100
14703	15101
11759	15102
6497	15103
4482	15104
23271	15105
27482	15106
22056	15107
7996	15108
13144	15109
9850	15110
3500	15111
6488	15112
26735	15113
7847	15114
22211	15115
13737	15116
11816	15117
15894	15118
18853	15119
23496	15120
25377	15121
17794	15122
2414	15123
8225	15124
7404	15125
11490	15126
19011	15127
21228	15128
57	15129
3900	15130
5664	15131
18944	15132
22006	15133
317	15134
81	15135
18374	15136
18441	15137
1473	15138
11475	15139
4817	15140
23252	15141
4436	15142
25876	15143
7702	15144
9045	15145
25827	15146
7827	15147
28791	15148
8575	15149
3077	15150
19786	15151
7139	15152
14126	15153
25946	15154
9455	15155
26915	15156
19988	15157
7278	15158
5404	15159
27357	15160
20944	15161
14221	15162
8325	15163
23154	15164
8615	15165
25343	15166
23244	15167
13812	15168
28944	15169
13790	15170
27549	15171
10651	15172
407	15173
9583	15174
28533	15175
1265	15176
10586	15177
14904	15178
23317	15179
9737	15180
15127	15181
2589	15182
10729	15183
5009	15184
324	15185
24501	15186
26233	15187
14657	15188
12123	15189
142	15190
1837	15191
1501	15192
22591	15193
13796	15194
26553	15195
20557	15196
3960	15197
7673	15198
22649	15199
4741	15200
5218	15201
13754	15202
7436	15203
5470	15204
15715	15205
28536	15206
18016	15207
2850	15208
6736	15209
21502	15210
11633	15211
17899	15212
6176	15213
8545	15214
6641	15215
3377	15216
17268	15217
315	15218
28862	15219
17986	15220
23761	15221
12683	15222
6061	15223
7704	15224
17238	15225
19894	15226
14314	15227
11632	15228
18674	15229
28351	15230
19857	15231
22484	15232
922	15233
13810	15234
25322	15235
7300	15236
2173	15237
6117	15238
24480	15239
7701	15240
24702	15241
27504	15242
28010	15243
665	15244
12962	15245
27196	15246
23093	15247
22328	15248
15600	15249
17256	15250
13995	15251
19152	15252
26244	15253
6259	15254
28665	15255
18933	15256
19327	15257
24871	15258
28329	15259
20058	15260
23773	15261
27650	15262
21219	15263
25000	15264
16772	15265
17165	15266
29231	15267
11295	15268
17734	15269
7753	15270
2552	15271
840	15272
20420	15273
792	15274
1087	15275
20426	15276
27246	15277
27700	15278
27038	15279
19980	15280
1531	15281
23304	15282
22124	15283
27294	15284
10750	15285
19754	15286
14188	15287
12230	15288
29409	15289
14064	15290
23122	15291
2667	15292
2658	15293
21130	15294
17251	15295
26188	15296
28919	15297
4022	15298
8198	15299
14230	15300
20890	15301
10038	15302
22088	15303
20817	15304
9720	15305
23542	15306
20078	15307
621	15308
6633	15309
23599	15310
21180	15311
13672	15312
9391	15313
2603	15314
29155	15315
24223	15316
27822	15317
26773	15318
1973	15319
1747	15320
9651	15321
27518	15322
8098	15323
24123	15324
26606	15325
5930	15326
3864	15327
7820	15328
27908	15329
11696	15330
21152	15331
12243	15332
28902	15333
25992	15334
25234	15335
17356	15336
20164	15337
4165	15338
19288	15339
2974	15340
9757	15341
23818	15342
23032	15343
4385	15344
5508	15345
26093	15346
29462	15347
25	15348
20973	15349
7646	15350
26794	15351
21650	15352
10333	15353
13917	15354
29420	15355
23432	15356
9019	15357
9917	15358
24078	15359
251	15360
19474	15361
15033	15362
9459	15363
9099	15364
24393	15365
12586	15366
2723	15367
6443	15368
13488	15369
21099	15370
17066	15371
1293	15372
24520	15373
4862	15374
13597	15375
2910	15376
21440	15377
6353	15378
23254	15379
13621	15380
1513	15381
19117	15382
12024	15383
9176	15384
23111	15385
14774	15386
791	15387
23119	15388
12806	15389
3050	15390
1472	15391
5295	15392
2571	15393
9337	15394
8437	15395
16229	15396
6167	15397
7165	15398
21938	15399
18993	15400
25868	15401
17974	15402
26903	15403
20895	15404
7058	15405
12593	15406
7589	15407
5290	15408
14301	15409
10798	15410
27134	15411
27039	15412
4920	15413
8328	15414
21731	15415
29352	15416
19135	15417
15055	15418
13305	15419
16107	15420
29025	15421
29286	15422
36	15423
17795	15424
3869	15425
11568	15426
109	15427
12198	15428
6234	15429
16248	15430
5252	15431
4710	15432
12167	15433
19537	15434
176	15435
4039	15436
9340	15437
10676	15438
24750	15439
354	15440
11033	15441
17136	15442
22856	15443
18003	15444
1608	15445
4895	15446
24134	15447
6862	15448
11461	15449
25227	15450
18190	15451
23920	15452
20280	15453
6004	15454
20538	15455
28272	15456
1663	15457
13170	15458
25334	15459
10934	15460
11538	15461
5547	15462
164	15463
14761	15464
7690	15465
28641	15466
18980	15467
22935	15468
10875	15469
7360	15470
28202	15471
12185	15472
3761	15473
29255	15474
8170	15475
14763	15476
10240	15477
2697	15478
23727	15479
15868	15480
7258	15481
1371	15482
22566	15483
6681	15484
558	15485
5537	15486
5843	15487
21883	15488
28700	15489
21057	15490
4547	15491
10755	15492
25604	15493
25804	15494
6872	15495
18497	15496
12372	15497
22551	15498
236	15499
185	15500
14860	15501
14139	15502
19308	15503
19725	15504
1249	15505
12680	15506
414	15507
12681	15508
27173	15509
11872	15510
27460	15511
23219	15512
27628	15513
13824	15514
23008	15515
15853	15516
16508	15517
21083	15518
6528	15519
28370	15520
374	15521
6583	15522
25708	15523
4439	15524
7053	15525
2357	15526
25196	15527
29249	15528
14742	15529
18876	15530
8334	15531
25715	15532
27320	15533
8073	15534
16078	15535
165	15536
23457	15537
21298	15538
18967	15539
7438	15540
18460	15541
18974	15542
14388	15543
12977	15544
16519	15545
8167	15546
6330	15547
24073	15548
545	15549
5359	15550
2785	15551
2069	15552
19022	15553
8152	15554
7764	15555
7083	15556
2242	15557
12348	15558
7885	15559
25305	15560
19170	15561
8046	15562
23743	15563
24615	15564
15153	15565
8854	15566
10009	15567
6080	15568
19819	15569
28975	15570
1593	15571
2449	15572
28734	15573
1305	15574
29060	15575
7871	15576
24986	15577
22424	15578
13190	15579
6972	15580
3813	15581
14572	15582
11772	15583
13219	15584
7872	15585
11821	15586
21472	15587
17604	15588
17235	15589
4241	15590
15421	15591
4226	15592
4229	15593
154	15594
25531	15595
2905	15596
463	15597
20184	15598
11559	15599
19846	15600
27729	15601
3174	15602
2820	15603
17883	15604
21853	15605
17971	15606
13306	15607
19793	15608
5444	15609
3032	15610
23441	15611
21561	15612
3737	15613
16184	15614
27917	15615
18739	15616
7434	15617
9623	15618
22861	15619
15028	15620
3954	15621
14059	15622
20140	15623
1219	15624
25491	15625
888	15626
20235	15627
6188	15628
16444	15629
3846	15630
22928	15631
3787	15632
29050	15633
22081	15634
11809	15635
25800	15636
3561	15637
6365	15638
21674	15639
10421	15640
27981	15641
26780	15642
14537	15643
17085	15644
5523	15645
19580	15646
27	15647
21354	15648
28653	15649
2876	15650
27151	15651
6053	15652
2194	15653
17357	15654
8427	15655
16704	15656
14495	15657
12458	15658
11947	15659
11381	15660
24573	15661
9543	15662
10457	15663
8982	15664
10442	15665
25559	15666
21410	15667
27564	15668
17869	15669
3448	15670
18639	15671
24160	15672
22585	15673
28705	15674
1051	15675
22214	15676
14117	15677
27399	15678
16668	15679
378	15680
17771	15681
14903	15682
18593	15683
5340	15684
6191	15685
25828	15686
305	15687
4871	15688
24033	15689
5549	15690
8165	15691
11132	15692
19895	15693
14236	15694
7798	15695
4709	15696
1455	15697
14523	15698
15758	15699
8428	15700
11187	15701
25042	15702
20980	15703
15691	15704
28810	15705
18487	15706
25791	15707
10741	15708
14622	15709
14987	15710
22507	15711
20951	15712
7269	15713
24899	15714
18455	15715
1679	15716
12930	15717
4321	15718
14081	15719
7541	15720
7790	15721
8954	15722
5644	15723
6384	15724
17836	15725
17815	15726
5148	15727
21268	15728
11094	15729
28300	15730
22137	15731
11360	15732
28140	15733
24318	15734
11791	15735
23294	15736
8665	15737
22297	15738
23941	15739
3591	15740
9060	15741
9385	15742
18783	15743
18335	15744
2687	15745
18358	15746
13337	15747
3265	15748
27696	15749
7538	15750
19549	15751
9272	15752
18678	15753
21362	15754
6249	15755
11104	15756
18938	15757
27893	15758
14795	15759
8030	15760
6943	15761
14084	15762
24925	15763
6582	15764
24094	15765
5364	15766
28671	15767
16208	15768
11750	15769
5139	15770
16904	15771
15493	15772
27867	15773
15419	15774
23801	15775
1771	15776
9920	15777
29395	15778
10244	15779
2034	15780
19425	15781
23265	15782
1992	15783
2133	15784
21912	15785
12659	15786
6183	15787
18463	15788
22974	15789
3286	15790
25795	15791
2408	15792
21958	15793
14818	15794
20335	15795
7048	15796
7523	15797
16350	15798
11084	15799
8666	15800
4480	15801
11681	15802
6686	15803
4704	15804
11890	15805
34	15806
17728	15807
28206	15808
4361	15809
480	15810
19759	15811
3156	15812
9066	15813
26549	15814
26584	15815
20142	15816
2494	15817
19536	15818
20352	15819
24252	15820
8810	15821
14582	15822
25	15823
17791	15824
8087	15825
9440	15826
10991	15827
6319	15828
19784	15829
21334	15830
20840	15831
3842	15832
12566	15833
15479	15834
18545	15835
19922	15836
11292	15837
3112	15838
18161	15839
8716	15840
4522	15841
6304	15842
28528	15843
24697	15844
21484	15845
27789	15846
13169	15847
7396	15848
11323	15849
25718	15850
4417	15851
15789	15852
6965	15853
23505	15854
26926	15855
5979	15856
6142	15857
16598	15858
27659	15859
28908	15860
23257	15861
13485	15862
18928	15863
21244	15864
16274	15865
5228	15866
25461	15867
676	15868
1566	15869
22423	15870
27164	15871
6250	15872
9916	15873
8299	15874
9211	15875
28423	15876
23812	15877
18430	15878
19702	15879
30	15880
21641	15881
3920	15882
6804	15883
19494	15884
18956	15885
19701	15886
8497	15887
14184	15888
28809	15889
17918	15890
26643	15891
17195	15892
2665	15893
2379	15894
16120	15895
15672	15896
7725	15897
24889	15898
28269	15899
7440	15900
2383	15901
1779	15902
8026	15903
6919	15904
13492	15905
18470	15906
17904	15907
11635	15908
2763	15909
17763	15910
17017	15911
19177	15912
2496	15913
13428	15914
4589	15915
9107	15916
21416	15917
24601	15918
13819	15919
15238	15920
19070	15921
27957	15922
18741	15923
22408	15924
19659	15925
5634	15926
22021	15927
12818	15928
25359	15929
19067	15930
22201	15931
11460	15932
13887	15933
3699	15934
17920	15935
1210	15936
645	15937
13733	15938
8112	15939
29397	15940
12279	15941
19057	15942
9558	15943
4540	15944
12562	15945
411	15946
23873	15947
10422	15948
28746	15949
29280	15950
135	15951
456	15952
299	15953
9859	15954
14318	15955
14713	15956
17798	15957
21793	15958
6834	15959
1959	15960
17392	15961
8858	15962
138	15963
1143	15964
3774	15965
9109	15966
20072	15967
17289	15968
23070	15969
25126	15970
27912	15971
1192	15972
10248	15973
4731	15974
14077	15975
22638	15976
21672	15977
13221	15978
6554	15979
7593	15980
27418	15981
28225	15982
17774	15983
14480	15984
9296	15985
329	15986
12066	15987
4485	15988
13919	15989
20383	15990
27870	15991
3402	15992
24441	15993
21947	15994
22303	15995
20389	15996
15565	15997
5427	15998
21716	15999
21649	16000
1272	16001
9202	16002
28097	16003
4359	16004
25677	16005
26266	16006
28728	16007
9933	16008
27571	16009
16311	16010
17831	16011
7625	16012
23184	16013
11244	16014
3763	16015
23829	16016
19344	16017
3424	16018
27552	16019
25080	16020
8120	16021
2230	16022
80	16023
29054	16024
18852	16025
23403	16026
21920	16027
28530	16028
25980	16029
16895	16030
9520	16031
24090	16032
1310	16033
23423	16034
11078	16035
9301	16036
1829	16037
15041	16038
6019	16039
7398	16040
5974	16041
228	16042
11327	16043
9077	16044
3969	16045
28712	16046
5107	16047
9818	16048
26900	16049
5454	16050
24708	16051
24621	16052
27898	16053
23408	16054
880	16055
226	16056
13651	16057
15483	16058
560	16059
16649	16060
26772	16061
22806	16062
8556	16063
25632	16064
11016	16065
12431	16066
3464	16067
17457	16068
19395	16069
16532	16070
7140	16071
21501	16072
27598	16073
22380	16074
20584	16075
15951	16076
17621	16077
7636	16078
11239	16079
4601	16080
13879	16081
2309	16082
21809	16083
27368	16084
17968	16085
6392	16086
4246	16087
16515	16088
18102	16089
6897	16090
22105	16091
5380	16092
19166	16093
14149	16094
26372	16095
18044	16096
20983	16097
4573	16098
8646	16099
24810	16100
7054	16101
19685	16102
20977	16103
26193	16104
14779	16105
13116	16106
16129	16107
2226	16108
3113	16109
18795	16110
6390	16111
12614	16112
13639	16113
22882	16114
11010	16115
16739	16116
19869	16117
15200	16118
27472	16119
11567	16120
10278	16121
8478	16122
24184	16123
21414	16124
11216	16125
14325	16126
15149	16127
11976	16128
28538	16129
19320	16130
26514	16131
12770	16132
12249	16133
5997	16134
6359	16135
3384	16136
18939	16137
7097	16138
28236	16139
204	16140
3611	16141
2630	16142
6576	16143
23605	16144
6333	16145
19554	16146
6278	16147
16111	16148
19438	16149
27528	16150
22793	16151
8808	16152
20253	16153
1761	16154
26082	16155
27764	16156
18917	16157
28686	16158
10766	16159
16145	16160
5551	16161
17542	16162
14078	16163
21287	16164
26065	16165
2640	16166
22663	16167
7684	16168
19365	16169
27041	16170
22050	16171
12404	16172
19071	16173
1227	16174
7720	16175
16908	16176
27785	16177
19789	16178
10913	16179
27976	16180
28224	16181
155	16182
23808	16183
20349	16184
24148	16185
14593	16186
10628	16187
7557	16188
9805	16189
12862	16190
14389	16191
1118	16192
23236	16193
3582	16194
19492	16195
24847	16196
29164	16197
23682	16198
25793	16199
22524	16200
24027	16201
15379	16202
2829	16203
6947	16204
25493	16205
22847	16206
5774	16207
5789	16208
8656	16209
17680	16210
6322	16211
19233	16212
17249	16213
21614	16214
22523	16215
10968	16216
9610	16217
8109	16218
3075	16219
27522	16220
4807	16221
469	16222
5402	16223
26759	16224
26333	16225
5939	16226
10204	16227
6253	16228
22187	16229
2626	16230
17070	16231
3215	16232
4880	16233
25668	16234
4886	16235
17692	16236
24434	16237
8494	16238
6527	16239
29016	16240
20742	16241
16637	16242
29311	16243
28166	16244
9460	16245
7483	16246
23007	16247
24808	16248
22939	16249
4823	16250
7779	16251
6413	16252
3201	16253
1277	16254
1947	16255
3187	16256
9879	16257
29098	16258
14649	16259
24720	16260
85	16261
17067	16262
18827	16263
5503	16264
28762	16265
13524	16266
7323	16267
19520	16268
14864	16269
19200	16270
16681	16271
8071	16272
22833	16273
15331	16274
25848	16275
25149	16276
2225	16277
5863	16278
14036	16279
5811	16280
17537	16281
6287	16282
6517	16283
13745	16284
27890	16285
15825	16286
27543	16287
6703	16288
22621	16289
17498	16290
26677	16291
874	16292
26200	16293
19766	16294
20701	16295
28051	16296
26909	16297
27240	16298
17145	16299
10570	16300
2223	16301
3194	16302
21768	16303
25030	16304
28277	16305
20311	16306
15545	16307
27043	16308
19449	16309
20722	16310
5587	16311
19881	16312
28614	16313
22440	16314
15204	16315
9318	16316
115	16317
193	16318
12522	16319
23540	16320
20375	16321
11014	16322
21311	16323
20120	16324
14400	16325
3389	16326
15844	16327
28553	16328
14620	16329
18321	16330
17844	16331
7712	16332
15679	16333
18499	16334
9800	16335
17508	16336
11111	16337
23767	16338
16569	16339
10257	16340
11394	16341
832	16342
6358	16343
1628	16344
22888	16345
1234	16346
23216	16347
12563	16348
8021	16349
17124	16350
9403	16351
21384	16352
25683	16353
17399	16354
4937	16355
17459	16356
6214	16357
19480	16358
16670	16359
22923	16360
7692	16361
26792	16362
2888	16363
8537	16364
13944	16365
8019	16366
21558	16367
14397	16368
18233	16369
4610	16370
10747	16371
25890	16372
19616	16373
28702	16374
12447	16375
23072	16376
322	16377
28070	16378
28101	16379
5526	16380
326	16381
2071	16382
23800	16383
22876	16384
15443	16385
28079	16386
16939	16387
16400	16388
996	16389
27265	16390
23396	16391
11223	16392
23428	16393
11044	16394
11937	16395
23383	16396
18924	16397
9733	16398
26009	16399
2908	16400
12729	16401
9493	16402
12011	16403
448	16404
15817	16405
22558	16406
18872	16407
10065	16408
22293	16409
9659	16410
8445	16411
9814	16412
935	16413
18012	16414
4166	16415
18755	16416
26212	16417
13418	16418
23334	16419
2453	16420
25014	16421
21703	16422
1375	16423
3613	16424
4883	16425
18995	16426
19902	16427
11324	16428
17403	16429
17286	16430
2517	16431
28460	16432
23464	16433
3186	16434
23996	16435
6185	16436
10716	16437
8865	16438
28185	16439
12393	16440
26002	16441
2802	16442
7848	16443
14296	16444
6136	16445
18527	16446
4063	16447
14943	16448
28660	16449
3688	16450
12843	16451
507	16452
25705	16453
17880	16454
13918	16455
24680	16456
19262	16457
18323	16458
5203	16459
6767	16460
11162	16461
14173	16462
6170	16463
2291	16464
20993	16465
4555	16466
21599	16467
14490	16468
10939	16469
15808	16470
5625	16471
4292	16472
19870	16473
2183	16474
12106	16475
6572	16476
8634	16477
1116	16478
24066	16479
29516	16480
10749	16481
22463	16482
23128	16483
16024	16484
9250	16485
22571	16486
26441	16487
24448	16488
27746	16489
13645	16490
5131	16491
27856	16492
14118	16493
13839	16494
22104	16495
10246	16496
22943	16497
27019	16498
19744	16499
10547	16500
7867	16501
12436	16502
28483	16503
19991	16504
15891	16505
17383	16506
17669	16507
17189	16508
4102	16509
8992	16510
6867	16511
535	16512
22968	16513
1762	16514
27685	16515
6291	16516
28823	16517
2154	16518
1745	16519
17721	16520
27279	16521
16759	16522
18746	16523
6037	16524
12906	16525
22789	16526
7899	16527
28107	16528
14307	16529
8074	16530
24548	16531
221	16532
24532	16533
6315	16534
18540	16535
26057	16536
14867	16537
10477	16538
6598	16539
1085	16540
15956	16541
29422	16542
16084	16543
23303	16544
5838	16545
512	16546
18231	16547
7912	16548
9675	16549
21849	16550
14775	16551
12539	16552
9393	16553
11011	16554
22035	16555
212	16556
20492	16557
20596	16558
13026	16559
10633	16560
4365	16561
16814	16562
4348	16563
10164	16564
10690	16565
21110	16566
27747	16567
21146	16568
20546	16569
157	16570
1398	16571
20260	16572
538	16573
25235	16574
24173	16575
14136	16576
3365	16577
23698	16578
21815	16579
14520	16580
18965	16581
2450	16582
11927	16583
19747	16584
10034	16585
22445	16586
17069	16587
29304	16588
9835	16589
14317	16590
10220	16591
16674	16592
7843	16593
21874	16594
6939	16595
16113	16596
28580	16597
1328	16598
2859	16599
900	16600
10500	16601
10793	16602
14156	16603
26309	16604
8040	16605
16065	16606
6931	16607
4849	16608
12405	16609
20307	16610
28424	16611
28532	16612
24809	16613
13383	16614
21033	16615
21469	16616
18273	16617
22710	16618
5509	16619
28615	16620
15366	16621
7081	16622
16555	16623
19389	16624
20046	16625
8824	16626
18347	16627
10078	16628
23581	16629
9766	16630
3603	16631
690	16632
4554	16633
28802	16634
28406	16635
5638	16636
23811	16637
5726	16638
10067	16639
29341	16640
7384	16641
24545	16642
7153	16643
14553	16644
25798	16645
24347	16646
20161	16647
22388	16648
14430	16649
21477	16650
21683	16651
4124	16652
23456	16653
16062	16654
21919	16655
8710	16656
3483	16657
17308	16658
8490	16659
12422	16660
16535	16661
10672	16662
12166	16663
826	16664
4861	16665
20342	16666
23019	16667
27960	16668
10090	16669
25134	16670
3012	16671
23798	16672
6762	16673
12437	16674
14453	16675
13640	16676
25808	16677
18069	16678
25914	16679
20416	16680
6879	16681
18058	16682
11737	16683
24099	16684
3993	16685
23406	16686
8852	16687
27269	16688
3463	16689
20	16690
24909	16691
11830	16692
8183	16693
20879	16694
19294	16695
13296	16696
23536	16697
104	16698
765	16699
12036	16700
23995	16701
371	16702
23278	16703
22158	16704
14378	16705
18986	16706
8941	16707
4633	16708
10847	16709
2128	16710
18858	16711
26159	16712
16816	16713
6288	16714
9715	16715
25339	16716
9668	16717
2422	16718
6134	16719
6001	16720
19844	16721
5102	16722
6781	16723
7064	16724
1334	16725
25775	16726
17570	16727
23193	16728
4940	16729
27423	16730
22066	16731
26620	16732
16813	16733
6674	16734
25590	16735
5033	16736
5231	16737
9322	16738
14575	16739
12655	16740
1245	16741
22034	16742
9736	16743
15700	16744
24424	16745
24076	16746
20336	16747
17301	16748
28732	16749
22777	16750
24028	16751
24960	16752
17250	16753
19323	16754
22141	16755
9863	16756
16460	16757
8660	16758
3894	16759
20718	16760
16189	16761
5667	16762
3665	16763
13034	16764
14751	16765
16017	16766
21306	16767
5769	16768
2084	16769
9822	16770
5329	16771
20776	16772
19984	16773
18350	16774
12052	16775
22258	16776
10779	16777
21378	16778
25949	16779
4742	16780
13540	16781
14181	16782
17689	16783
14091	16784
2903	16785
7432	16786
7361	16787
27906	16788
8175	16789
12396	16790
26709	16791
19312	16792
11331	16793
29012	16794
23328	16795
5458	16796
16185	16797
21797	16798
17967	16799
19768	16800
21090	16801
12222	16802
25482	16803
15319	16804
8398	16805
18337	16806
20724	16807
23644	16808
24690	16809
11991	16810
10466	16811
6008	16812
1140	16813
5389	16814
22496	16815
28534	16816
12605	16817
28188	16818
15757	16819
19432	16820
12546	16821
28336	16822
14555	16823
14151	16824
15086	16825
21255	16826
9862	16827
25365	16828
29006	16829
15455	16830
16931	16831
10859	16832
22564	16833
15218	16834
28082	16835
21844	16836
22410	16837
1911	16838
11049	16839
17294	16840
1308	16841
25024	16842
28317	16843
15465	16844
13493	16845
2956	16846
17419	16847
3553	16848
17682	16849
26591	16850
13827	16851
23045	16852
28644	16853
28422	16854
26218	16855
3321	16856
17693	16857
2941	16858
3023	16859
20003	16860
2011	16861
1782	16862
3824	16863
1084	16864
19964	16865
21277	16866
24185	16867
5958	16868
3541	16869
201	16870
20746	16871
2558	16872
21376	16873
5556	16874
5504	16875
27824	16876
26601	16877
7800	16878
12421	16879
9264	16880
13749	16881
1381	16882
21087	16883
16042	16884
26199	16885
8140	16886
1902	16887
20789	16888
7110	16889
21705	16890
27033	16891
15764	16892
7539	16893
11569	16894
7147	16895
23701	16896
12871	16897
8627	16898
2432	16899
4569	16900
28019	16901
3218	16902
17524	16903
12574	16904
10822	16905
20901	16906
8407	16907
6	16908
28487	16909
26978	16910
1880	16911
17587	16912
22480	16913
21356	16914
29424	16915
15182	16916
28419	16917
17551	16918
7742	16919
4263	16920
11023	16921
23751	16922
28872	16923
12476	16924
29183	16925
16843	16926
28137	16927
13035	16928
18901	16929
19769	16930
20634	16931
6467	16932
26094	16933
25565	16934
15348	16935
10323	16936
18448	16937
250	16938
15792	16939
12056	16940
19240	16941
1183	16942
21065	16943
206	16944
9608	16945
17368	16946
24298	16947
8461	16948
14559	16949
6521	16950
21984	16951
12062	16952
12928	16953
1543	16954
53	16955
26843	16956
24473	16957
24063	16958
22870	16959
1113	16960
566	16961
1035	16962
21609	16963
22250	16964
18243	16965
14157	16966
15469	16967
11367	16968
8482	16969
22462	16970
5197	16971
21811	16972
28503	16973
8023	16974
3544	16975
11154	16976
1899	16977
16703	16978
2032	16979
2718	16980
4969	16981
23392	16982
25630	16983
10476	16984
12079	16985
23125	16986
6239	16987
21667	16988
12880	16989
15952	16990
3872	16991
2783	16992
17231	16993
245	16994
19009	16995
1935	16996
24129	16997
24436	16998
19356	16999
13452	17000
9095	17001
11183	17002
15359	17003
3144	17004
15244	17005
7496	17006
4864	17007
17192	17008
14708	17009
13593	17010
12206	17011
11669	17012
4507	17013
11768	17014
17104	17015
28724	17016
3632	17017
23047	17018
13141	17019
4594	17020
11949	17021
15587	17022
998	17023
27847	17024
20591	17025
11684	17026
16989	17027
6465	17028
12891	17029
15912	17030
14424	17031
1769	17032
13793	17033
18157	17034
26749	17035
20290	17036
24994	17037
20002	17038
22527	17039
13107	17040
18135	17041
6168	17042
22511	17043
26012	17044
22024	17045
20564	17046
28241	17047
5230	17048
18173	17049
13539	17050
10473	17051
17853	17052
9801	17053
22014	17054
27572	17055
12936	17056
26744	17057
3717	17058
29506	17059
10148	17060
14142	17061
13307	17062
19948	17063
1486	17064
29260	17065
21450	17066
6254	17067
19710	17068
18066	17069
24733	17070
16732	17071
11858	17072
26369	17073
22767	17074
11961	17075
27163	17076
5668	17077
27447	17078
11805	17079
6783	17080
20806	17081
8850	17082
9745	17083
25810	17084
14701	17085
19295	17086
5859	17087
11799	17088
4143	17089
3593	17090
23285	17091
14408	17092
6055	17093
28869	17094
9136	17095
7592	17096
3119	17097
5249	17098
19785	17099
28041	17100
2752	17101
27509	17102
20773	17103
5756	17104
24613	17105
18419	17106
197	17107
29158	17108
4237	17109
21304	17110
13054	17111
6275	17112
27644	17113
4101	17114
13423	17115
15534	17116
26083	17117
28937	17118
21240	17119
18790	17120
8517	17121
2018	17122
16210	17123
12802	17124
20264	17125
9477	17126
19158	17127
4990	17128
16806	17129
7881	17130
25933	17131
18955	17132
6651	17133
35	17134
20863	17135
4674	17136
18966	17137
11784	17138
13006	17139
29142	17140
26413	17141
26490	17142
12173	17143
23453	17144
5426	17145
16233	17146
24433	17147
24343	17148
21567	17149
17775	17150
19557	17151
26815	17152
16453	17153
8985	17154
18047	17155
9756	17156
21831	17157
26023	17158
12411	17159
15518	17160
366	17161
19969	17162
11859	17163
15815	17164
21029	17165
7928	17166
1354	17167
238	17168
18235	17169
4878	17170
19393	17171
21927	17172
21921	17173
16757	17174
11366	17175
27337	17176
18936	17177
24676	17178
25948	17179
27003	17180
13168	17181
1852	17182
9285	17183
5906	17184
6181	17185
25733	17186
21409	17187
21241	17188
9439	17189
19839	17190
10320	17191
523	17192
27109	17193
25542	17194
11975	17195
18586	17196
23563	17197
14460	17198
17099	17199
20652	17200
10678	17201
18072	17202
18637	17203
29279	17204
6179	17205
4307	17206
15047	17207
9348	17208
20531	17209
8164	17210
4722	17211
10600	17212
15686	17213
14178	17214
11263	17215
428	17216
16808	17217
404	17218
23900	17219
8284	17220
11181	17221
130	17222
28900	17223
19758	17224
21386	17225
5349	17226
7727	17227
22987	17228
16992	17229
24610	17230
24811	17231
9935	17232
5887	17233
20743	17234
27496	17235
16792	17236
6029	17237
19434	17238
12304	17239
12869	17240
6518	17241
4636	17242
1954	17243
24897	17244
5260	17245
16075	17246
6069	17247
25282	17248
14544	17249
23319	17250
11307	17251
23046	17252
4949	17253
483	17254
5010	17255
27963	17256
4815	17257
995	17258
22618	17259
23502	17260
26085	17261
5646	17262
24943	17263
8285	17264
13463	17265
4042	17266
6715	17267
18782	17268
23221	17269
4497	17270
11797	17271
22666	17272
25762	17273
25039	17274
104	17275
28885	17276
17760	17277
18797	17278
18279	17279
4908	17280
14898	17281
9544	17282
11312	17283
10057	17284
21148	17285
26	17286
17096	17287
27561	17288
7840	17289
4053	17290
26368	17291
8311	17292
3449	17293
6815	17294
18932	17295
10211	17296
26559	17297
25622	17298
28167	17299
26140	17300
14670	17301
25349	17302
2776	17303
28432	17304
17811	17305
20690	17306
15572	17307
7063	17308
17265	17309
4252	17310
27124	17311
23622	17312
25951	17313
340	17314
26970	17315
13496	17316
25301	17317
8576	17318
2822	17319
13311	17320
19033	17321
5388	17322
22270	17323
6020	17324
21261	17325
19213	17326
21	17327
3887	17328
29481	17329
8602	17330
12673	17331
12257	17332
18395	17333
1823	17334
367	17335
16285	17336
7776	17337
17033	17338
26690	17339
4474	17340
13363	17341
15657	17342
7911	17343
17473	17344
24214	17345
14690	17346
16450	17347
25259	17348
24159	17349
23733	17350
12858	17351
13679	17352
11731	17353
15211	17354
13215	17355
23356	17356
27133	17357
5659	17358
24713	17359
15671	17360
185	17361
22802	17362
11188	17363
28778	17364
286	17365
26	17366
25807	17367
7859	17368
17995	17369
12779	17370
19506	17371
9438	17372
10791	17373
2942	17374
12081	17375
15064	17376
21887	17377
2320	17378
8406	17379
3944	17380
13127	17381
7888	17382
20350	17383
26921	17384
23197	17385
13125	17386
21531	17387
16161	17388
16012	17389
29160	17390
3851	17391
29453	17392
21166	17393
13376	17394
2686	17395
16391	17396
5403	17397
11852	17398
25968	17399
13744	17400
16917	17401
29418	17402
10866	17403
9239	17404
24103	17405
5472	17406
26686	17407
4669	17408
2638	17409
21662	17410
12688	17411
16252	17412
7738	17413
4473	17414
25760	17415
6273	17416
24953	17417
44	17418
21967	17419
13066	17420
1341	17421
2061	17422
12442	17423
17847	17424
14800	17425
22441	17426
28941	17427
353	17428
6765	17429
10995	17430
17905	17431
11228	17432
8136	17433
25616	17434
19064	17435
380	17436
25912	17437
27168	17438
11052	17439
22866	17440
5200	17441
25231	17442
28891	17443
15893	17444
15567	17445
12286	17446
22624	17447
395	17448
319	17449
27361	17450
24641	17451
5888	17452
12014	17453
2505	17454
363	17455
14138	17456
21372	17457
22660	17458
20091	17459
24917	17460
3048	17461
13365	17462
5772	17463
20777	17464
13404	17465
7186	17466
25278	17467
28983	17468
27733	17469
14888	17470
12035	17471
309	17472
22637	17473
3948	17474
123	17475
29373	17476
25335	17477
24303	17478
21526	17479
8439	17480
19034	17481
5656	17482
22601	17483
10874	17484
7079	17485
1333	17486
22670	17487
28488	17488
23674	17489
16558	17490
4721	17491
18711	17492
3829	17493
28817	17494
17352	17495
29469	17496
11483	17497
2354	17498
4836	17499
26256	17500
2503	17501
25376	17502
23709	17503
7348	17504
341	17505
15065	17506
7025	17507
25176	17508
17401	17509
15728	17510
11563	17511
22255	17512
5965	17513
8701	17514
2858	17515
17246	17516
8867	17517
25230	17518
27933	17519
19855	17520
4376	17521
26683	17522
11926	17523
29346	17524
24725	17525
6332	17526
9952	17527
24187	17528
5507	17529
3432	17530
169	17531
7166	17532
11741	17533
22719	17534
8940	17535
3942	17536
18023	17537
11650	17538
8963	17539
16696	17540
5331	17541
2332	17542
24404	17543
29223	17544
1294	17545
28509	17546
26019	17547
12548	17548
6526	17549
14848	17550
4465	17551
26879	17552
24577	17553
5085	17554
11492	17555
10206	17556
10264	17557
2138	17558
27118	17559
22497	17560
2532	17561
3486	17562
26442	17563
6828	17564
15941	17565
27962	17566
22851	17567
4826	17568
25476	17569
23343	17570
5835	17571
21956	17572
8664	17573
10243	17574
4649	17575
22028	17576
3396	17577
26234	17578
4249	17579
7358	17580
6476	17581
20500	17582
21117	17583
23828	17584
23617	17585
26066	17586
27546	17587
14868	17588
16603	17589
20706	17590
1583	17591
21776	17592
22282	17593
28393	17594
11325	17595
6998	17596
12972	17597
6717	17598
21495	17599
12696	17600
20565	17601
16283	17602
9746	17603
14067	17604
19027	17605
7276	17606
28399	17607
11354	17608
74	17609
10694	17610
12793	17611
13257	17612
24379	17613
8069	17614
24582	17615
20805	17616
20183	17617
19669	17618
16480	17619
7551	17620
7382	17621
17917	17622
17285	17623
22210	17624
9462	17625
11654	17626
22098	17627
12812	17628
21470	17629
23664	17630
19638	17631
16733	17632
29432	17633
12547	17634
4803	17635
24182	17636
16628	17637
26253	17638
17081	17639
1409	17640
4687	17641
27429	17642
5095	17643
22429	17644
26619	17645
13039	17646
28239	17647
24306	17648
24261	17649
6847	17650
25877	17651
11405	17652
24523	17653
28077	17654
16867	17655
14745	17656
3965	17657
23234	17658
20515	17659
1460	17660
15082	17661
10262	17662
10511	17663
18666	17664
2471	17665
6213	17666
23859	17667
22715	17668
2770	17669
3546	17670
27600	17671
25728	17672
7818	17673
26448	17674
14363	17675
14018	17676
14653	17677
22944	17678
3854	17679
17705	17680
17713	17681
10433	17682
838	17683
5903	17684
4346	17685
21170	17686
12685	17687
20197	17688
481	17689
19794	17690
15134	17691
7464	17692
12236	17693
23390	17694
18213	17695
24735	17696
28073	17697
28735	17698
3207	17699
1702	17700
11466	17701
23222	17702
9127	17703
18611	17704
26062	17705
13503	17706
5272	17707
11278	17708
7077	17709
18722	17710
5105	17711
6780	17712
13108	17713
2025	17714
27152	17715
8775	17716
10765	17717
24364	17718
7112	17719
8654	17720
24486	17721
10349	17722
1723	17723
8845	17724
23169	17725
24689	17726
29037	17727
28482	17728
1971	17729
7652	17730
11141	17731
11392	17732
25313	17733
18349	17734
7155	17735
8991	17736
11767	17737
26430	17738
17959	17739
2318	17740
16318	17741
16308	17742
6650	17743
9472	17744
4108	17745
13784	17746
1078	17747
300	17748
578	17749
14717	17750
13764	17751
14205	17752
1153	17753
25538	17754
6707	17755
20238	17756
12068	17757
29501	17758
2739	17759
15256	17760
24971	17761
20330	17762
8254	17763
16587	17764
21783	17765
8128	17766
14809	17767
6951	17768
2427	17769
26827	17770
2090	17771
19824	17772
6382	17773
25354	17774
27679	17775
10572	17776
10800	17777
28826	17778
13637	17779
21208	17780
25652	17781
4676	17782
4708	17783
5562	17784
4161	17785
12195	17786
7015	17787
27672	17788
15383	17789
19281	17790
24440	17791
22401	17792
15491	17793
8560	17794
3247	17795
318	17796
19539	17797
5259	17798
3437	17799
18006	17800
3945	17801
8340	17802
16554	17803
7196	17804
11402	17805
27004	17806
19597	17807
22013	17808
22226	17809
11488	17810
8147	17811
3316	17812
18328	17813
17851	17814
18403	17815
22921	17816
4596	17817
11404	17818
21045	17819
18092	17820
11692	17821
16975	17822
20094	17823
25636	17824
24309	17825
14263	17826
541	17827
5415	17828
13096	17829
11968	17830
25738	17831
22901	17832
11377	17833
19517	17834
26335	17835
7327	17836
27475	17837
23592	17838
10208	17839
19945	17840
5418	17841
4052	17842
17631	17843
21156	17844
14116	17845
14735	17846
12267	17847
3621	17848
18591	17849
11149	17850
5493	17851
27724	17852
24972	17853
26613	17854
22699	17855
9909	17856
8324	17857
436	17858
3924	17859
13051	17860
14279	17861
6636	17862
2797	17863
27135	17864
13901	17865
849	17866
9997	17867
21696	17868
4651	17869
12564	17870
15759	17871
28542	17872
22807	17873
14666	17874
18826	17875
26099	17876
14605	17877
5015	17878
23531	17879
28668	17880
18159	17881
28120	17882
281	17883
10949	17884
18642	17885
17190	17886
18717	17887
8468	17888
13231	17889
20096	17890
28907	17891
20372	17892
9987	17893
21059	17894
188	17895
24352	17896
8917	17897
29047	17898
26100	17899
24864	17900
22631	17901
9657	17902
9461	17903
19699	17904
14413	17905
19476	17906
21869	17907
12386	17908
8882	17909
55	17910
9872	17911
8504	17912
12074	17913
7129	17914
7134	17915
408	17916
13804	17917
4780	17918
17100	17919
6294	17920
7215	17921
13969	17922
5300	17923
3849	17924
26076	17925
6285	17926
20774	17927
23745	17928
13666	17929
14127	17930
1853	17931
29278	17932
10400	17933
21564	17934
5276	17935
14386	17936
2753	17937
14107	17938
9993	17939
23750	17940
23573	17941
3325	17942
29090	17943
20790	17944
20250	17945
451	17946
24906	17947
15103	17948
27314	17949
1423	17950
365	17951
11451	17952
25395	17953
25148	17954
9882	17955
29120	17956
26432	17957
7728	17958
9122	17959
9588	17960
1967	17961
12499	17962
4175	17963
5703	17964
6255	17965
11860	17966
29427	17967
18413	17968
8061	17969
19256	17970
26479	17971
15590	17972
24333	17973
8909	17974
3648	17975
6113	17976
9817	17977
17787	17978
6538	17979
20150	17980
6151	17981
4548	17982
8779	17983
17554	17984
17139	17985
28584	17986
24193	17987
13795	17988
11021	17989
14873	17990
8484	17991
29117	17992
21452	17993
110	17994
27692	17995
1005	17996
22840	17997
28588	17998
1624	17999
25284	18000
18416	18001
29256	18002
23983	18003
6976	18004
18000	18005
15287	18006
11178	18007
4339	18008
11205	18009
20663	18010
16001	18011
20085	18012
4401	18013
29468	18014
25035	18015
14999	18016
21312	18017
3704	18018
26855	18019
13367	18020
20661	18021
7256	18022
23907	18023
16986	18024
19518	18025
4164	18026
28001	18027
26208	18028
13282	18029
18035	18030
19815	18031
5695	18032
8849	18033
1104	18034
2747	18035
24814	18036
16305	18037
22754	18038
2483	18039
18667	18040
9011	18041
23023	18042
12762	18043
15634	18044
28590	18045
22978	18046
20448	18047
6388	18048
22152	18049
4113	18050
26660	18051
14476	18052
5590	18053
14477	18054
6352	18055
9374	18056
18612	18057
4911	18058
21332	18059
20173	18060
28849	18061
28640	18062
14125	18063
262	18064
26456	18065
5555	18066
209	18067
25778	18068
17335	18069
10187	18070
7715	18071
14716	18072
9056	18073
26204	18074
12979	18075
879	18076
7183	18077
24962	18078
28007	18079
23059	18080
203	18081
8246	18082
22439	18083
25699	18084
23683	18085
14103	18086
24805	18087
12490	18088
19764	18089
25734	18090
3480	18091
7554	18092
15406	18093
7450	18094
17575	18095
23375	18096
1106	18097
19072	18098
25638	18099
13468	18100
18572	18101
2442	18102
3363	18103
26270	18104
3053	18105
1504	18106
7364	18107
13356	18108
1819	18109
25908	18110
5749	18111
7834	18112
22107	18113
14811	18114
23135	18115
28683	18116
259	18117
3843	18118
3825	18119
16138	18120
2682	18121
17762	18122
11382	18123
9555	18124
2327	18125
6498	18126
19767	18127
182	18128
16110	18129
23926	18130
2577	18131
25437	18132
4419	18133
28719	18134
17384	18135
8918	18136
16091	18137
987	18138
24539	18139
15766	18140
4583	18141
22924	18142
3147	18143
3848	18144
3878	18145
8141	18146
12714	18147
12885	18148
2156	18149
16351	18150
25071	18151
4045	18152
17540	18153
14755	18154
16903	18155
7178	18156
13262	18157
25391	18158
11765	18159
6243	18160
10467	18161
16582	18162
2740	18163
617	18164
205	18165
6411	18166
940	18167
13466	18168
4468	18169
2017	18170
5701	18171
18373	18172
11412	18173
22945	18174
18881	18175
24744	18176
16503	18177
1358	18178
28799	18179
4298	18180
11758	18181
19028	18182
27075	18183
22096	18184
1072	18185
13648	18186
5076	18187
26217	18188
8670	18189
19542	18190
22016	18191
21420	18192
14738	18193
19641	18194
3770	18195
8806	18196
26519	18197
26431	18198
2135	18199
10986	18200
2334	18201
2203	18202
29550	18203
27031	18204
4434	18205
24268	18206
15661	18207
8722	18208
26307	18209
28024	18210
5630	18211
15604	18212
8451	18213
20834	18214
17044	18215
25171	18216
285	18217
20665	18218
11214	18219
12183	18220
2559	18221
3719	18222
17030	18223
17910	18224
26025	18225
26567	18226
12041	18227
20075	18228
26977	18229
1588	18230
19553	18231
18548	18232
10598	18233
5020	18234
2282	18235
4011	18236
16901	18237
5183	18238
386	18239
21514	18240
12313	18241
19777	18242
13497	18243
27648	18244
2455	18245
14008	18246
18828	18247
1029	18248
28985	18249
5570	18250
28920	18251
82	18252
1850	18253
19456	18254
8227	18255
15341	18256
26190	18257
18431	18258
8698	18259
5670	18260
4061	18261
21576	18262
6235	18263
24088	18264
22114	18265
2592	18266
20229	18267
22430	18268
7664	18269
13686	18270
264	18271
2866	18272
20915	18273
368	18274
16058	18275
11396	18276
1062	18277
11170	18278
17881	18279
403	18280
16735	18281
22323	18282
10520	18283
17306	18284
11002	18285
7334	18286
6219	18287
26833	18288
13527	18289
11546	18290
19781	18291
18446	18292
15693	18293
19401	18294
27594	18295
7474	18296
27465	18297
6729	18298
16327	18299
9703	18300
19473	18301
23020	18302
13486	18303
3005	18304
19110	18305
3710	18306
4664	18307
13469	18308
28554	18309
8385	18310
388	18311
7763	18312
6045	18313
9201	18314
1097	18315
4010	18316
26764	18317
25900	18318
6414	18319
2207	18320
26417	18321
15303	18322
7367	18323
1407	18324
5925	18325
24163	18326
29288	18327
9754	18328
29301	18329
26945	18330
16884	18331
6820	18332
26182	18333
22704	18334
11425	18335
26726	18336
114	18337
24912	18338
23614	18339
20731	18340
28529	18341
14471	18342
5008	18343
19555	18344
3100	18345
643	18346
1703	18347
26562	18348
17283	18349
15413	18350
20282	18351
29233	18352
11326	18353
23250	18354
1063	18355
19443	18356
7832	18357
14482	18358
12001	18359
20941	18360
23143	18361
19453	18362
28037	18363
24417	18364
16009	18365
7530	18366
24456	18367
3242	18368
7569	18369
17438	18370
11465	18371
3934	18372
9926	18373
26767	18374
8031	18375
13838	18376
4784	18377
15867	18378
19464	18379
6268	18380
7489	18381
1514	18382
6920	18383
12645	18384
27669	18385
28934	18386
9028	18387
1191	18388
15186	18389
16256	18390
18076	18391
4689	18392
23807	18393
19957	18394
29089	18395
15971	18396
27624	18397
24069	18398
28292	18399
760	18400
10742	18401
23400	18402
14705	18403
8151	18404
14299	18405
6548	18406
12946	18407
5506	18408
24513	18409
1304	18410
19612	18411
1661	18412
244	18413
21685	18414
21494	18415
24764	18416
22989	18417
10107	18418
6673	18419
14225	18420
28923	18421
27973	18422
29246	18423
17341	18424
18912	18425
6640	18426
18	18427
29252	18428
14267	18429
23615	18430
19151	18431
28117	18432
21374	18433
2924	18434
292	18435
19406	18436
28797	18437
9481	18438
18051	18439
21720	18440
20446	18441
3607	18442
25181	18443
18269	18444
10418	18445
465	18446
4021	18447
16890	18448
1919	18449
8409	18450
771	18451
14050	18452
1610	18453
21582	18454
9739	18455
15376	18456
28995	18457
2328	18458
2284	18459
7657	18460
4893	18461
1804	18462
7995	18463
27723	18464
9065	18465
21971	18466
16378	18467
2181	18468
12736	18469
18984	18470
6335	18471
12848	18472
7034	18473
15849	18474
10602	18475
21432	18476
7962	18477
16255	18478
26494	18479
11136	18480
11267	18481
2877	18482
4357	18483
3366	18484
21864	18485
2097	18486
5435	18487
5755	18488
25043	18489
8757	18490
13328	18491
11574	18492
22204	18493
12740	18494
16131	18495
7148	18496
16265	18497
20633	18498
26944	18499
19	18500
26729	18501
5684	18502
18751	18503
17484	18504
9581	18505
6385	18506
15879	18507
14098	18508
15946	18509
11819	18510
6047	18511
22532	18512
13094	18513
17768	18514
26937	18515
26420	18516
15229	18517
28238	18518
13841	18519
20849	18520
75	18521
16353	18522
12469	18523
4356	18524
4828	18525
22091	18526
18365	18527
1981	18528
20319	18529
147	18530
24092	18531
22080	18532
18138	18533
273	18534
18818	18535
2750	18536
25740	18537
14380	18538
27994	18539
12005	18540
26276	18541
19883	18542
18280	18543
1793	18544
5469	18545
19310	18546
14952	18547
29460	18548
14769	18549
6531	18550
16799	18551
7940	18552
5158	18553
13731	18554
22078	18555
10272	18556
5111	18557
4001	18558
11091	18559
16809	18560
836	18561
5133	18562
24835	18563
3572	18564
7099	18565
21055	18566
26425	18567
5160	18568
21507	18569
24165	18570
21499	18571
12127	18572
5998	18573
25097	18574
27232	18575
17544	18576
15828	18577
25695	18578
11453	18579
4602	18580
8244	18581
24684	18582
13434	18583
10047	18584
18308	18585
13275	18586
19336	18587
22892	18588
11983	18589
8544	18590
14863	18591
6238	18592
13134	18593
9661	18594
18813	18595
12887	18596
29179	18597
1390	18598
8859	18599
1545	18600
24572	18601
9691	18602
7329	18603
23186	18604
6058	18605
8014	18606
8976	18607
11121	18608
2127	18609
8834	18610
1603	18611
175	18612
24658	18613
14014	18614
20793	18615
23984	18616
16237	18617
5308	18618
17850	18619
11853	18620
19	18621
18910	18622
10555	18623
15036	18624
23993	18625
27029	18626
20407	18627
8388	18628
14564	18629
3131	18630
6343	18631
1076	18632
4162	18633
23729	18634
4072	18635
23775	18636
14493	18637
4600	18638
19058	18639
25115	18640
27787	18641
20095	18642
23224	18643
24153	18644
12380	18645
28307	18646
24295	18647
26157	18648
20695	18649
22198	18650
6796	18651
3369	18652
19931	18653
2509	18654
23955	18655
9020	18656
11254	18657
1550	18658
584	18659
18660	18660
17987	18661
24386	18662
321	18663
3578	18664
7086	18665
7825	18666
22568	18667
7191	18668
84	18669
9839	18670
15327	18671
20341	18672
15608	18673
25450	18674
7994	18675
26753	18676
2977	18677
27783	18678
763	18679
14994	18680
6035	18681
16337	18682
27272	18683
27016	18684
11007	18685
4425	18686
382	18687
23264	18688
11539	18689
7613	18690
4934	18691
145	18692
10966	18693
27456	18694
9036	18695
25972	18696
1099	18697
12640	18698
3456	18699
18528	18700
13114	18701
23092	18702
26720	18703
29241	18704
23180	18705
13656	18706
22220	18707
22193	18708
16707	18709
18007	18710
11540	18711
15911	18712
7022	18713
630	18714
26783	18715
24242	18716
19919	18717
8661	18718
28914	18719
5678	18720
21516	18721
9398	18722
12817	18723
16381	18724
26262	18725
9049	18726
19691	18727
17826	18728
14401	18729
882	18730
23957	18731
1836	18732
5846	18733
285	18734
28888	18735
12317	18736
5577	18737
18363	18738
5210	18739
12621	18740
13920	18741
18420	18742
23342	18743
18575	18744
8363	18745
4034	18746
4420	18747
29203	18748
10579	18749
5313	18750
27369	18751
15561	18752
3258	18753
18631	18754
6750	18755
3557	18756
9634	18757
16614	18758
14767	18759
28994	18760
20081	18761
3388	18762
320	18763
26599	18764
22720	18765
7047	18766
21343	18767
26251	18768
16593	18769
16214	18770
13443	18771
19417	18772
18834	18773
22313	18774
2984	18775
21097	18776
7096	18777
20802	18778
11754	18779
6964	18780
16793	18781
20298	18782
1521	18783
18560	18784
9395	18785
4290	18786
24281	18787
7923	18788
16617	18789
23475	18790
4185	18791
10001	18792
21476	18793
21820	18794
9676	18795
24696	18796
16322	18797
15748	18798
16479	18799
8687	18800
24175	18801
13194	18802
29312	18803
25566	18804
3058	18805
1194	18806
27978	18807
9249	18808
20187	18809
26296	18810
4407	18811
14934	18812
2946	18813
15698	18814
13357	18815
26336	18816
16702	18817
12517	18818
16407	18819
4062	18820
18805	18821
5191	18822
18861	18823
19704	18824
16000	18825
25820	18826
3373	18827
23118	18828
13483	18829
5227	18830
2075	18831
721	18832
23771	18833
5858	18834
26124	18835
26178	18836
18532	18837
20398	18838
364	18839
20435	18840
17045	18841
27293	18842
1735	18843
27781	18844
2761	18845
1026	18846
21950	18847
3961	18848
24831	18849
15074	18850
26470	18851
9647	18852
11708	18853
21961	18854
27358	18855
24883	18856
17652	18857
19326	18858
1523	18859
27353	18860
16136	18861
24854	18862
19755	18863
20228	18864
20328	18865
28312	18866
27317	18867
18676	18868
1721	18869
17818	18870
12147	18871
22801	18872
4430	18873
12351	18874
7460	18875
9938	18876
15152	18877
10129	18878
26177	18879
27529	18880
7511	18881
9487	18882
2092	18883
9712	18884
21560	18885
16572	18886
8691	18887
850	18888
25648	18889
22936	18890
24091	18891
13309	18892
11691	18893
513	18894
14590	18895
6426	18896
24384	18897
15669	18898
1865	18899
25829	18900
29143	18901
14385	18902
27923	18903
27515	18904
17749	18905
20833	18906
7748	18907
8766	18908
24056	18909
24691	18910
10212	18911
16273	18912
10194	18913
21978	18914
11504	18915
26418	18916
6063	18917
27589	18918
305	18919
25673	18920
23276	18921
23862	18922
8719	18923
10288	18924
11276	18925
19629	18926
10464	18927
9317	18928
14827	18929
7778	18930
10097	18931
19570	18932
13743	18933
6125	18934
10827	18935
12394	18936
13616	18937
7550	18938
29330	18939
17982	18940
12429	18941
6402	18942
9791	18943
23054	18944
8465	18945
23175	18946
25464	18947
7100	18948
12943	18949
8300	18950
18763	18951
19215	18952
3264	18953
17071	18954
21044	18955
18121	18956
21085	18957
21933	18958
24186	18959
22162	18960
23744	18961
26953	18962
29452	18963
9915	18964
9758	18965
27351	18966
22722	18967
8436	18968
24355	18969
20278	18970
26994	18971
6687	18972
28278	18973
9256	18974
19809	18975
12347	18976
29379	18977
2980	18978
25594	18979
25055	18980
8950	18981
6589	18982
5790	18983
3287	18984
24328	18985
15883	18986
14306	18987
321	18988
18794	18989
13718	18990
3538	18991
24855	18992
26771	18993
25516	18994
23721	18995
4064	18996
15022	18997
21515	18998
489	18999
10498	19000
15140	19001
25880	19002
23975	19003
10515	19004
24126	19005
22238	19006
23816	19007
21098	19008
22676	19009
1585	19010
7524	19011
16251	19012
25865	19013
21351	19014
4278	19015
9687	19016
15999	19017
19052	19018
9411	19019
10492	19020
21358	19021
22581	19022
27955	19023
1933	19024
26341	19025
25520	19026
24280	19027
2777	19028
25370	19029
13702	19030
25605	19031
20101	19032
11942	19033
14130	19034
12623	19035
9565	19036
8053	19037
18769	19038
27104	19039
6025	19040
6553	19041
16726	19042
16710	19043
16457	19044
23243	19045
11474	19046
28596	19047
1172	19048
6888	19049
25498	19050
18812	19051
9043	19052
18049	19053
29277	19054
24714	19055
23610	19056
3901	19057
22609	19058
28514	19059
303	19060
10582	19061
23870	19062
7574	19063
2180	19064
19810	19065
28121	19066
1247	19067
13596	19068
23149	19069
4137	19070
21081	19071
8968	19072
15142	19073
13595	19074
11864	19075
15058	19076
4854	19077
9234	19078
28874	19079
8115	19080
10604	19081
2201	19082
20899	19083
15787	19084
27560	19085
11452	19086
15704	19087
21035	19088
29159	19089
17363	19090
15626	19091
12430	19092
2368	19093
22033	19094
25124	19095
19171	19096
25136	19097
11055	19098
8533	19099
3730	19100
988	19101
265	19102
21752	19103
5280	19104
10999	19105
14838	19106
5518	19107
12495	19108
27617	19109
8843	19110
24065	19111
14404	19112
19176	19113
27888	19114
11462	19115
22615	19116
22526	19117
19241	19118
2374	19119
2618	19120
7533	19121
1165	19122
5279	19123
20756	19124
24530	19125
26711	19126
4986	19127
44	19128
306	19129
7997	19130
3785	19131
4607	19132
6632	19133
7571	19134
13290	19135
15220	19136
4720	19137
27458	19138
25252	19139
22799	19140
27015	19141
3361	19142
5680	19143
12512	19144
28303	19145
11306	19146
13866	19147
9725	19148
6468	19149
21251	19150
8630	19151
11117	19152
23076	19153
15306	19154
8397	19155
15807	19156
28573	19157
10621	19158
25586	19159
13459	19160
27359	19161
20454	19162
15003	19163
15550	19164
23381	19165
19942	19166
3783	19167
3933	19168
24755	19169
622	19170
10804	19171
15235	19172
18537	19173
8727	19174
777	19175
3138	19176
26761	19177
27266	19178
7316	19179
7023	19180
23652	19181
12642	19182
14150	19183
8017	19184
14694	19185
17142	19186
14771	19187
7	19188
23976	19189
18522	19190
8354	19191
18915	19192
517	19193
26176	19194
9123	19195
22252	19196
5861	19197
20539	19198
18969	19199
3143	19200
29354	19201
22582	19202
28742	19203
25151	19204
15521	19205
5662	19206
8066	19207
38	19208
5214	19209
19305	19210
10753	19211
19267	19212
1637	19213
7089	19214
13226	19215
4300	19216
10290	19217
1826	19218
17619	19219
22572	19220
7749	19221
437	19222
29369	19223
19330	19224
21366	19225
5629	19226
25173	19227
4933	19228
592	19229
11247	19230
12446	19231
23840	19232
6010	19233
21116	19234
18618	19235
19388	19236
3860	19237
22353	19238
1102	19239
12937	19240
13636	19241
9015	19242
15586	19243
19006	19244
13082	19245
11641	19246
14565	19247
5720	19248
29493	19249
16271	19250
19808	19251
24301	19252
27835	19253
18504	19254
23	19255
59	19256
9286	19257
14788	19258
15851	19259
3899	19260
25435	19261
1292	19262
27611	19263
5894	19264
15457	19265
26365	19266
6515	19267
7929	19268
22706	19269
1753	19270
8644	19271
24795	19272
19631	19273
20675	19274
21482	19275
28839	19276
18803	19277
25852	19278
12426	19279
13535	19280
11503	19281
6094	19282
12620	19283
8229	19284
20894	19285
14187	19286
6799	19287
15023	19288
8993	19289
16139	19290
697	19291
12697	19292
14851	19293
18840	19294
26334	19295
11596	19296
6076	19297
5735	19298
252	19299
28	19300
12301	19301
19584	19302
19157	19303
22737	19304
17467	19305
2337	19306
27411	19307
23588	19308
2307	19309
24235	19310
18252	19311
9447	19312
18246	19313
10568	19314
2916	19315
22334	19316
2421	19317
26343	19318
26913	19319
17594	19320
6386	19321
5610	19322
9982	19323
11929	19324
15203	19325
7857	19326
25225	19327
17409	19328
21602	19329
17185	19330
8269	19331
13145	19332
10249	19333
7774	19334
4781	19335
13126	19336
982	19337
4463	19338
3270	19339
327	19340
5627	19341
17651	19342
13624	19343
19450	19344
16788	19345
25802	19346
11365	19347
25483	19348
15935	19349
5948	19350
26866	19351
24168	19352
26639	19353
16261	19354
21295	19355
28150	19356
2044	19357
14068	19358
10976	19359
9604	19360
240	19361
29042	19362
683	19363
19845	19364
21767	19365
3210	19366
11951	19367
1706	19368
25459	19369
23306	19370
19772	19371
23004	19372
23972	19373
28291	19374
627	19375
1281	19376
24715	19377
21167	19378
199	19379
294	19380
7522	19381
10379	19382
15340	19383
55	19384
22003	19385
18855	19386
22029	19387
11832	19388
4186	19389
15973	19390
20647	19391
27115	19392
27277	19393
7985	19394
27276	19395
14096	19396
22830	19397
12017	19398
266	19399
15328	19400
13689	19401
10299	19402
4297	19403
22993	19404
18084	19405
9617	19406
8270	19407
16859	19408
26108	19409
6794	19410
22213	19411
26187	19412
10713	19413
162	19414
17239	19415
2137	19416
3912	19417
28023	19418
18264	19419
6217	19420
14327	19421
16441	19422
17088	19423
19750	19424
3274	19425
14066	19426
17824	19427
21360	19428
29303	19429
575	19430
11703	19431
21289	19432
2862	19433
16275	19434
10603	19435
3892	19436
11409	19437
5884	19438
16467	19439
4579	19440
11145	19441
29021	19442
22207	19443
7918	19444
13562	19445
27060	19446
128	19447
3718	19448
17591	19449
17174	19450
25671	19451
27983	19452
18669	19453
6163	19454
23759	19455
24951	19456
3237	19457
21690	19458
18553	19459
23842	19460
7277	19461
28877	19462
13835	19463
2000	19464
165	19465
8932	19466
14764	19467
29293	19468
21824	19469
4770	19470
19500	19471
4070	19472
18505	19473
3962	19474
17225	19475
29519	19476
8273	19477
14567	19478
583	19479
11009	19480
15646	19481
10322	19482
11031	19483
10695	19484
25214	19485
605	19486
12086	19487
9883	19488
15050	19489
18467	19490
3288	19491
608	19492
17203	19493
6667	19494
9112	19495
25394	19496
6041	19497
29148	19498
29384	19499
27774	19500
27537	19501
4587	19502
29333	19503
27925	19504
134	19505
852	19506
6563	19507
25871	19508
27876	19509
18410	19510
22919	19511
2237	19512
8706	19513
23970	19514
23809	19515
10781	19516
22378	19517
112	19518
18208	19519
23853	19520
2734	19521
18615	19522
4595	19523
28334	19524
18087	19525
15517	19526
2369	19527
21867	19528
186	19529
20495	19530
11690	19531
11849	19532
16937	19533
6114	19534
26688	19535
25045	19536
22843	19537
6349	19538
25087	19539
7925	19540
21383	19541
19867	19542
2252	19543
3390	19544
14879	19545
20886	19546
1649	19547
15012	19548
7693	19549
18964	19550
11351	19551
2880	19552
5334	19553
8263	19554
22355	19555
17307	19556
27395	19557
10645	19558
26183	19559
14020	19560
6184	19561
15488	19562
23899	19563
94	19564
21286	19565
17558	19566
26223	19567
16220	19568
22161	19569
14043	19570
12265	19571
492	19572
1119	19573
27402	19574
23245	19575
2809	19576
4800	19577
5752	19578
18329	19579
5475	19580
13763	19581
5949	19582
9223	19583
8149	19584
23943	19585
237	19586
10774	19587
21320	19588
18636	19589
1715	19590
20642	19591
26445	19592
6334	19593
29497	19594
18926	19595
29199	19596
2177	19597
9962	19598
1364	19599
24079	19600
3211	19601
8341	19602
25393	19603
3412	19604
18672	19605
12254	19606
24753	19607
26582	19608
23858	19609
27474	19610
25333	19611
18791	19612
16443	19613
9038	19614
19347	19615
16278	19616
27463	19617
12140	19618
18839	19619
1190	19620
27711	19621
17147	19622
25842	19623
27773	19624
10480	19625
11029	19626
18481	19627
9905	19628
26349	19629
18127	19630
28417	19631
9870	19632
9621	19633
1037	19634
24285	19635
26776	19636
22961	19637
21220	19638
18370	19639
111	19640
2310	19641
15793	19642
15114	19643
27603	19644
9387	19645
19863	19646
5725	19647
12128	19648
28354	19649
208	19650
12323	19651
26860	19652
9940	19653
12597	19654
984	19655
10091	19656
4567	19657
2192	19658
9446	19659
7368	19660
11922	19661
28081	19662
8042	19663
27158	19664
25057	19665
1188	19666
21858	19667
8393	19668
3596	19669
17908	19670
28716	19671
24330	19672
26542	19673
23145	19674
20452	19675
26308	19676
23211	19677
6286	19678
231	19679
5898	19680
18103	19681
18324	19682
8726	19683
28925	19684
27383	19685
20590	19686
1555	19687
2795	19688
14364	19689
11041	19690
15409	19691
9578	19692
3479	19693
10365	19694
7714	19695
14554	19696
15694	19697
3656	19698
3332	19699
18558	19700
21521	19701
17290	19702
5728	19703
8696	19704
7941	19705
27790	19706
7188	19707
17084	19708
14412	19709
22986	19710
21613	19711
6354	19712
27642	19713
9106	19714
14839	19715
21134	19716
3328	19717
13159	19718
18718	19719
23402	19720
9426	19721
16246	19722
27382	19723
25779	19724
14862	19725
71	19726
2279	19727
12112	19728
7841	19729
745	19730
24132	19731
15499	19732
8725	19733
26340	19734
16654	19735
26617	19736
17008	19737
16829	19738
14099	19739
3443	19740
6545	19741
17187	19742
12457	19743
2837	19744
23132	19745
1442	19746
3339	19747
14927	19748
21153	19749
8767	19750
118	19751
17284	19752
21159	19753
17387	19754
14085	19755
26148	19756
17278	19757
12838	19758
17630	19759
1643	19760
15722	19761
1412	19762
4765	19763
19920	19764
29542	19765
275	19766
2163	19767
12190	19768
26963	19769
14834	19770
14743	19771
23345	19772
12557	19773
9143	19774
9833	19775
18313	19776
14411	19777
1044	19778
25629	19779
13785	19780
19602	19781
15614	19782
11811	19783
965	19784
14700	19785
7069	19786
16074	19787
14436	19788
22022	19789
16906	19790
13398	19791
9595	19792
21693	19793
27308	19794
1785	19795
10653	19796
13973	19797
2371	19798
6252	19799
28723	19800
24843	19801
15471	19802
8959	19803
3895	19804
10561	19805
21780	19806
15322	19807
19424	19808
8823	19809
10715	19810
7989	19811
2086	19812
21448	19813
18960	19814
26515	19815
23705	19816
24730	19817
10313	19818
28092	19819
4243	19820
14588	19821
20208	19822
4759	19823
828	19824
25467	19825
16659	19826
11497	19827
16289	19828
14986	19829
16833	19830
1525	19831
12172	19832
25863	19833
3250	19834
14782	19835
28828	19836
2646	19837
14946	19838
247	19839
12863	19840
16260	19841
23067	19842
2109	19843
15154	19844
5377	19845
2153	19846
15683	19847
14417	19848
16114	19849
21859	19850
3439	19851
16403	19852
19831	19853
9420	19854
16458	19855
2884	19856
7078	19857
1491	19858
23986	19859
5992	19860
21527	19861
28452	19862
20975	19863
7525	19864
27570	19865
6040	19866
27182	19867
20852	19868
20489	19869
18816	19870
14255	19871
347	19872
6596	19873
18183	19874
25751	19875
19797	19876
17691	19877
15360	19878
23981	19879
12288	19880
24640	19881
4090	19882
16116	19883
21762	19884
16466	19885
5636	19886
2490	19887
17317	19888
5498	19889
9278	19890
20582	19891
8265	19892
11794	19893
11904	19894
25917	19895
20816	19896
15777	19897
23256	19898
16060	19899
11850	19900
14823	19901
27517	19902
28089	19903
18153	19904
17543	19905
10173	19906
16393	19907
28698	19908
13409	19909
24984	19910
23129	19911
1462	19912
280	19913
25552	19914
18362	19915
26395	19916
26269	19917
24114	19918
283	19919
13928	19920
23648	19921
9682	19922
9695	19923
18418	19924
6584	19925
23826	19926
14546	19927
1950	19928
3057	19929
22917	19930
264	19931
4458	19932
3604	19933
12829	19934
26229	19935
11862	19936
8967	19937
25896	19938
19431	19939
15356	19940
8937	19941
9787	19942
6756	19943
11484	19944
21542	19945
28146	19946
21855	19947
5987	19948
15578	19949
25213	19950
8714	19951
13680	19952
6529	19953
6841	19954
24603	19955
17633	19956
4235	19957
29070	19958
8975	19959
14289	19960
24412	19961
4205	19962
11873	19963
15741	19964
2537	19965
5966	19966
28149	19967
7810	19968
3192	19969
27202	19970
16841	19971
27492	19972
15241	19973
29232	19974
6979	19975
4452	19976
2114	19977
26231	19978
2326	19979
11061	19980
4083	19981
27328	19982
27834	19983
13564	19984
1942	19985
6929	19986
8142	19987
19222	19988
9931	19989
12636	19990
28649	19991
904	19992
6506	19993
19380	19994
25008	19995
28780	19996
15782	19997
406	19998
15332	19999
25674	20000
11738	20001
10812	20002
22212	20003
17588	20004
5045	20005
11431	20006
13732	20007
14729	20008
17505	20009
2860	20010
25611	20011
6908	20012
6327	20013
1357	20014
12061	20015
14420	20016
5583	20017
28067	20018
16566	20019
1058	20020
12921	20021
16054	20022
17204	20023
16064	20024
23083	20025
5137	20026
8224	20027
18921	20028
21301	20029
21744	20030
16317	20031
28965	20032
16689	20033
26477	20034
15435	20035
11895	20036
17374	20037
1595	20038
17907	20039
10648	20040
17947	20041
17455	20042
4138	20043
21126	20044
22606	20045
3657	20046
25658	20047
6619	20048
7309	20049
10233	20050
19874	20051
25212	20052
29237	20053
11675	20054
27084	20055
21135	20056
5261	20057
18334	20058
3474	20059
24844	20060
18108	20061
2775	20062
20912	20063
28772	20064
22407	20065
3276	20066
20961	20067
24700	20068
16803	20069
14485	20070
2292	20071
17523	20072
28738	20073
19849	20074
17257	20075
5836	20076
23151	20077
13617	20078
1904	20079
12274	20080
24576	20081
929	20082
9057	20083
10947	20084
26530	20085
28220	20086
6490	20087
25745	20088
2968	20089
5212	20090
14744	20091
5064	20092
1958	20093
25247	20094
6478	20095
18673	20096
17833	20097
7567	20098
15072	20099
22184	20100
9574	20101
18167	20102
8001	20103
18178	20104
27801	20105
13415	20106
17609	20107
11118	20108
20485	20109
22918	20110
16636	20111
17564	20112
1067	20113
18259	20114
1440	20115
28418	20116
7445	20117
9515	20118
21908	20119
29084	20120
21415	20121
12825	20122
19622	20123
11618	20124
4178	20125
10060	20126
27844	20127
1708	20128
20035	20129
14874	20130
7264	20131
15987	20132
126	20133
5235	20134
18781	20135
7991	20136
16452	20137
20618	20138
14459	20139
16796	20140
1018	20141
19538	20142
16076	20143
13814	20144
1692	20145
10901	20146
13016	20147
11174	20148
14748	20149
9483	20150
1809	20151
200	20152
1204	20153
24461	20154
46	20155
20055	20156
26911	20157
6006	20158
27631	20159
13348	20160
881	20161
2245	20162
1695	20163
11038	20164
1559	20165
2481	20166
5180	20167
8503	20168
14527	20169
4202	20170
22744	20171
27599	20172
17428	20173
6281	20174
29414	20175
21695	20176
21886	20177
28603	20178
2732	20179
17770	20180
4822	20181
27238	20182
16777	20183
6073	20184
17349	20185
25266	20186
4099	20187
10930	20188
27128	20189
2096	20190
12573	20191
7380	20192
28468	20193
2313	20194
8158	20195
4945	20196
24872	20197
17261	20198
12204	20199
9527	20200
3129	20201
8242	20202
5301	20203
920	20204
10813	20205
17929	20206
12251	20207
4152	20208
15569	20209
23578	20210
18940	20211
23561	20212
16540	20213
12761	20214
5239	20215
4409	20216
8496	20217
7145	20218
28457	20219
24408	20220
7193	20221
23534	20222
5740	20223
26265	20224
27324	20225
5216	20226
29386	20227
12117	20228
25006	20229
21766	20230
8010	20231
11847	20232
20586	20233
4	20234
3893	20235
27192	20236
2377	20237
5571	20238
13663	20239
23788	20240
6900	20241
9514	20242
14825	20243
16817	20244
14381	20245
24783	20246
23078	20247
18989	20248
9796	20249
8045	20250
21747	20251
6904	20252
19875	20253
15382	20254
11347	20255
15489	20256
7205	20257
14658	20258
46	20259
18551	20260
17427	20261
7654	20262
32	20263
18393	20264
1851	20265
26614	20266
20825	20267
14240	20268
3565	20269
5335	20270
19959	20271
14369	20272
17761	20273
4804	20274
18227	20275
5120	20276
6356	20277
2105	20278
15995	20279
13622	20280
10671	20281
20498	20282
16379	20283
20770	20284
11806	20285
12148	20286
20332	20287
8062	20288
3140	20289
479	20290
27850	20291
26580	20292
3577	20293
20820	20294
8689	20295
10019	20296
12294	20297
20994	20298
24019	20299
6618	20300
5153	20301
3513	20302
10237	20303
3978	20304
27738	20305
1766	20306
11972	20307
29027	20308
6997	20309
16440	20310
12799	20311
17615	20312
10193	20313
22632	20314
17658	20315
14945	20316
28395	20317
12632	20318
6608	20319
2498	20320
19627	20321
21046	20322
146	20323
13209	20324
24478	20325
14760	20326
17013	20327
6224	20328
13227	20329
13674	20330
8314	20331
23762	20332
4785	20333
7587	20334
12021	20335
23246	20336
24204	20337
28847	20338
23728	20339
14242	20340
23967	20341
10311	20342
4394	20343
22964	20344
20602	20345
10112	20346
6115	20347
6587	20348
6182	20349
19906	20350
8391	20351
4217	20352
11736	20353
25229	20354
14243	20355
19996	20356
10952	20357
1418	20358
27652	20359
4086	20360
22019	20361
20555	20362
23609	20363
13140	20364
12986	20365
22253	20366
10536	20367
8507	20368
6675	20369
21406	20370
14479	20371
1173	20372
4450	20373
8070	20374
10489	20375
27281	20376
26040	20377
18656	20378
2317	20379
9605	20380
20699	20381
15385	20382
29314	20383
22075	20384
12090	20385
25239	20386
11264	20387
912	20388
24875	20389
18291	20390
24674	20391
24236	20392
2280	20393
12417	20394
18602	20395
8124	20396
20285	20397
26751	20398
339	20399
9269	20400
23061	20401
11435	20402
20996	20403
4386	20404
23631	20405
20750	20406
12638	20407
14901	20408
18734	20409
3025	20410
21	20411
26422	20412
23394	20413
4332	20414
1923	20415
6116	20416
27563	20417
11131	20418
22307	20419
5639	20420
27467	20421
1054	20422
10397	20423
22788	20424
21382	20425
27393	20426
21981	20427
2356	20428
21404	20429
23121	20430
15316	20431
2023	20432
27370	20433
2678	20434
27703	20435
24611	20436
20268	20437
50	20438
2417	20439
14487	20440
4018	20441
5969	20442
5478	20443
3595	20444
1539	20445
10453	20446
16708	20447
14806	20448
14953	20449
8596	20450
24232	20451
5198	20452
19092	20453
422	20454
11871	20455
18342	20456
22023	20457
18152	20458
19952	20459
9079	20460
19664	20461
5452	20462
24529	20463
22433	20464
20338	20465
2335	20466
1002	20467
11704	20468
17598	20469
26691	20470
27620	20471
20855	20472
28156	20473
2497	20474
10981	20475
22595	20476
21107	20477
13565	20478
7980	20479
17840	20480
25903	20481
29182	20482
3733	20483
14651	20484
27636	20485
15364	20486
8405	20487
16577	20488
2938	20489
20569	20490
17685	20491
111	20492
12637	20493
413	20494
24426	20495
10795	20496
17949	20497
23524	20498
3683	20499
732	20500
26804	20501
9619	20502
686	20503
13033	20504
25522	20505
27762	20506
6970	20507
18156	20508
29520	20509
11883	20510
17678	20511
6713	20512
24283	20513
27082	20514
11593	20515
25790	20516
2979	20517
15859	20518
18394	20519
25557	20520
14065	20521
24256	20522
11723	20523
7400	20524
18723	20525
22015	20526
8668	20527
10115	20528
4344	20529
3370	20530
1108	20531
29080	20532
20214	20533
20369	20534
7444	20535
9837	20536
8671	20537
9716	20538
6511	20539
22046	20540
23766	20541
16677	20542
21581	20543
13203	20544
2970	20545
3374	20546
19069	20547
24001	20548
11838	20549
19929	20550
29208	20551
445	20552
12910	20553
28489	20554
20516	20555
1164	20556
15562	20557
10869	20558
15900	20559
13522	20560
27745	20561
26286	20562
17779	20563
26285	20564
10012	20565
26756	20566
7412	20567
26222	20568
23163	20569
24258	20570
2331	20571
20525	20572
21618	20573
4666	20574
9422	20575
4268	20576
16541	20577
2158	20578
2265	20579
13721	20580
14189	20581
5395	20582
20550	20583
12631	20584
15373	20585
27218	20586
4435	20587
1142	20588
19313	20589
2370	20590
23786	20591
8586	20592
27967	20593
1733	20594
472	20595
13712	20596
5501	20597
26224	20598
28711	20599
16144	20600
28935	20601
2598	20602
26000	20603
1463	20604
5147	20605
29319	20606
22761	20607
1040	20608
18281	20609
21676	20610
18905	20611
1311	20612
28490	20613
779	20614
21642	20615
7305	20616
21930	20617
71	20618
1970	20619
10590	20620
8454	20621
18284	20622
27336	20623
13077	20624
25402	20625
12235	20626
8730	20627
21533	20628
24893	20629
24228	20630
6895	20631
24087	20632
13	20633
18509	20634
24850	20635
1239	20636
11408	20637
4023	20638
9091	20639
13936	20640
17262	20641
26727	20642
20532	20643
22954	20644
21620	20645
13244	20646
25754	20647
2501	20648
27409	20649
6403	20650
26410	20651
3015	20652
28279	20653
18870	20654
12188	20655
10369	20656
14032	20657
28670	20658
1197	20659
4984	20660
2	20661
14039	20662
28200	20663
10358	20664
8392	20665
6986	20666
25323	20667
24980	20668
8958	20669
11051	20670
555	20671
19888	20672
27614	20673
13299	20674
25564	20675
19280	20676
7385	20677
14432	20678
13028	20679
3947	20680
26482	20681
2525	20682
3536	20683
25938	20684
9504	20685
10180	20686
2852	20687
20305	20688
18792	20689
18760	20690
839	20691
29043	20692
28226	20693
20822	20694
160	20695
14998	20696
3706	20697
21570	20698
13682	20699
13514	20700
12970	20701
19595	20702
6220	20703
1359	20704
5012	20705
1677	20706
25543	20707
13120	20708
20682	20709
11580	20710
1327	20711
14842	20712
19195	20713
28645	20714
19475	20715
26329	20716
11096	20717
3121	20718
27670	20719
17788	20720
20578	20721
28397	20722
9536	20723
13058	20724
19618	20725
15143	20726
14955	20727
23239	20728
15904	20729
6155	20730
13604	20731
3255	20732
28377	20733
8799	20734
29026	20735
3975	20736
28972	20737
28465	20738
9953	20739
23297	20740
12451	20741
6290	20742
13584	20743
6696	20744
27635	20745
357	20746
6840	20747
21973	20748
446	20749
5299	20750
18829	20751
16838	20752
20797	20753
7984	20754
19316	20755
26219	20756
16630	20757
192	20758
25140	20759
14444	20760
559	20761
9369	20762
18737	20763
9	20764
16003	20765
6419	20766
22386	20767
1393	20768
4639	20769
11260	20770
29109	20771
17825	20772
1126	20773
12325	20774
15820	20775
18387	20776
145	20777
26964	20778
23756	20779
18276	20780
300	20781
6682	20782
5712	20783
28194	20784
28819	20785
27198	20786
17263	20787
23659	20788
10619	20789
8219	20790
15689	20791
1576	20792
20749	20793
19882	20794
3655	20795
1725	20796
12741	20797
6738	20798
5243	20799
16950	20800
21071	20801
9277	20802
25016	20803
28643	20804
8788	20805
7044	20806
27735	20807
13218	20808
7509	20809
27207	20810
28837	20811
23009	20812
4905	20813
21401	20814
3598	20815
14445	20816
22648	20817
19047	20818
5291	20819
15213	20820
15392	20821
3426	20822
4535	20823
9690	20824
2988	20825
11124	20826
1377	20827
11646	20828
19075	20829
539	20830
29391	20831
15610	20832
2966	20833
8655	20834
821	20835
9086	20836
19430	20837
7093	20838
15337	20839
16426	20840
29289	20841
2058	20842
3999	20843
21851	20844
13608	20845
8349	20846
17380	20847
24205	20848
27519	20849
14913	20850
19379	20851
11711	20852
27894	20853
27052	20854
13436	20855
22363	20856
28284	20857
5136	20858
5521	20859
27296	20860
12384	20861
20356	20862
27045	20863
7520	20864
8305	20865
12599	20866
4146	20867
13856	20868
4935	20869
29508	20870
5880	20871
16490	20872
23431	20873
5999	20874
12327	20875
17896	20876
17462	20877
28631	20878
28189	20879
2684	20880
11348	20881
1017	20882
1910	20883
28289	20884
5893	20885
25063	20886
12748	20887
20165	20888
45	20889
5059	20890
22129	20891
16717	20892
6789	20893
19062	20894
14924	20895
8054	20896
7695	20897
21739	20898
28721	20899
10	20900
14011	20901
1859	20902
11273	20903
18535	20904
22194	20905
13444	20906
2467	20907
16267	20908
20028	20909
24969	20910
24376	20911
23616	20912
11801	20913
393	20914
24416	20915
16080	20916
17018	20917
736	20918
370	20919
27580	20920
296	20921
11615	20922
10658	20923
4383	20924
723	20925
4738	20926
24474	20927
9067	20928
26857	20929
23861	20930
26138	20931
3403	20932
17991	20933
11518	20934
11	20935
19031	20936
6495	20937
12507	20938
3808	20939
19623	20940
3559	20941
3259	20942
7409	20943
11606	20944
2926	20945
17114	20946
16073	20947
19579	20948
6099	20949
17321	20950
14725	20951
2150	20952
3475	20953
24284	20954
23892	20955
27024	20956
3340	20957
8457	20958
1386	20959
12425	20960
28743	20961
257	20962
22432	20963
29063	20964
73	20965
6901	20966
23150	20967
25504	20968
16712	20969
14722	20970
22626	20971
3937	20972
8764	20973
12038	20974
2352	20975
19093	20976
23739	20977
15664	20978
6821	20979
8930	20980
9692	20981
27105	20982
25788	20983
18590	20984
7780	20985
288	20986
5211	20987
13010	20988
22486	20989
15887	20990
6657	20991
28430	20992
6652	20993
32	20994
16048	20995
19359	20996
18176	20997
2361	20998
1139	20999
15756	21000
6948	21001
28286	21002
6957	21003
7626	21004
17488	21005
2758	21006
18650	21007
5138	21008
28141	21009
304	21010
5773	21011
20662	21012
16764	21013
1179	21014
7709	21015
15351	21016
20194	21017
25383	21018
22085	21019
18266	21020
21449	21021
29036	21022
10762	21023
27555	21024
22868	21025
20033	21026
5196	21027
16364	21028
3888	21029
1167	21030
6683	21031
9989	21032
27132	21033
16151	21034
12584	21035
25431	21036
18223	21037
8194	21038
18437	21039
1252	21040
17055	21041
29267	21042
15245	21043
2729	21044
9929	21045
11245	21046
25640	21047
25627	21048
28836	21049
17716	21050
24209	21051
5044	21052
4693	21053
14675	21054
17922	21055
8897	21056
12250	21057
6561	21058
2182	21059
21647	21060
11355	21061
4055	21062
27326	21063
27268	21064
4561	21065
19150	21066
2710	21067
20875	21068
16087	21069
24583	21070
12956	21071
16303	21072
11067	21073
17211	21074
10301	21075
18151	21076
19543	21077
26348	21078
4679	21079
21338	21080
24176	21081
20965	21082
28257	21083
23988	21084
26457	21085
15198	21086
4531	21087
22583	21088
21871	21089
27720	21090
12926	21091
11008	21092
5199	21093
12480	21094
11274	21095
22470	21096
25875	21097
9625	21098
26493	21099
9248	21100
24536	21101
9140	21102
1986	21103
12803	21104
28145	21105
17458	21106
16336	21107
12186	21108
345	21109
6106	21110
10329	21111
28339	21112
24237	21113
27302	21114
11959	21115
177	21116
17024	21117
13174	21118
21173	21119
17470	21120
1149	21121
27088	21122
137	21123
29200	21124
11861	21125
23269	21126
21923	21127
11080	21128
17242	21129
26401	21130
20425	21131
27903	21132
27299	21133
8755	21134
26501	21135
21235	21136
12511	21137
16683	21138
23073	21139
28515	21140
12492	21141
17746	21142
23034	21143
27512	21144
8376	21145
22911	21146
9308	21147
2602	21148
22491	21149
2079	21150
23182	21151
83	21152
24120	21153
677	21154
16694	21155
26245	21156
27188	21157
13897	21158
23422	21159
19174	21160
12329	21161
890	21162
8474	21163
18298	21164
2527	21165
15369	21166
14856	21167
20795	21168
21664	21169
10686	21170
2793	21171
5461	21172
3427	21173
24405	21174
16165	21175
4315	21176
19209	21177
12855	21178
27965	21179
830	21180
4919	21181
27674	21182
25664	21183
5953	21184
22597	21185
19427	21186
1356	21187
5079	21188
3804	21189
14797	21190
28138	21191
25681	21192
16244	21193
21553	21194
28968	21195
4516	21196
17868	21197
25423	21198
8783	21199
28440	21200
28064	21201
23864	21202
29321	21203
20455	21204
20788	21205
9397	21206
4325	21207
10524	21208
17835	21209
26993	21210
21154	21211
23049	21212
16870	21213
22590	21214
21062	21215
21086	21216
18788	21217
171	21218
15358	21219
19678	21220
12955	21221
1034	21222
28634	21223
16730	21224
14930	21225
1482	21226
28852	21227
22879	21228
22266	21229
10361	21230
25332	21231
7406	21232
9409	21233
17882	21234
672	21235
857	21236
21795	21237
2709	21238
17318	21239
24567	21240
4845	21241
25161	21242
9216	21243
12975	21244
8624	21245
18170	21246
22118	21247
22506	21248
19606	21249
2647	21250
7978	21251
8338	21252
16287	21253
2735	21254
28952	21255
11685	21256
14030	21257
4457	21258
3302	21259
262	21260
8812	21261
25991	21262
2325	21263
15991	21264
17177	21265
6701	21266
12828	21267
6885	21268
19010	21269
3429	21270
4338	21271
18683	21272
3031	21273
5931	21274
24957	21275
10725	21276
139	21277
14756	21278
25587	21279
16485	21280
20615	21281
13551	21282
16141	21283
5766	21284
21817	21285
4562	21286
7553	21287
15511	21288
26703	21289
1886	21290
13220	21291
5224	21292
13673	21293
13991	21294
7399	21295
19523	21296
12661	21297
21120	21298
7000	21299
25937	21300
10566	21301
14164	21302
28784	21303
17194	21304
13216	21305
781	21306
4416	21307
14102	21308
2522	21309
15289	21310
9389	21311
24767	21312
25485	21313
22227	21314
6310	21315
27727	21316
19270	21317
13448	21318
18386	21319
17608	21320
15063	21321
16742	21322
39	21323
4067	21324
9016	21325
20447	21326
12923	21327
26078	21328
25283	21329
24149	21330
17913	21331
12362	21332
4251	21333
8743	21334
6698	21335
22672	21336
26110	21337
27201	21338
20294	21339
9280	21340
20206	21341
1937	21342
534	21343
26032	21344
23048	21345
15653	21346
470	21347
3074	21348
23646	21349
27327	21350
27754	21351
776	21352
29243	21353
2037	21354
12263	21355
7013	21356
11870	21357
11376	21358
1752	21359
12338	21360
595	21361
3852	21362
5234	21363
10144	21364
25443	21365
26132	21366
6846	21367
10182	21368
18916	21369
3935	21370
11113	21371
24554	21372
1710	21373
7579	21374
9465	21375
19156	21376
22422	21377
5747	21378
16878	21379
3188	21380
29059	21381
3638	21382
22396	21383
26257	21384
7897	21385
12754	21386
18693	21387
13809	21388
16932	21389
26868	21390
546	21391
10143	21392
9231	21393
25368	21394
28349	21395
26816	21396
9324	21397
9868	21398
19335	21399
16763	21400
4942	21401
13013	21402
20714	21403
19398	21404
12602	21405
23499	21406
2027	21407
18164	21408
20787	21409
11611	21410
25379	21411
3127	21412
235	21413
14467	21414
17559	21415
13049	21416
17320	21417
16653	21418
4625	21419
15579	21420
26557	21421
13684	21422
22057	21423
20829	21424
27390	21425
24225	21426
11436	21427
16061	21428
18073	21429
10831	21430
12226	21431
16926	21432
1565	21433
11103	21434
6910	21435
15501	21436
24590	21437
26784	21438
16123	21439
997	21440
9458	21441
22446	21442
29066	21443
24965	21444
211	21445
3563	21446
11035	21447
24716	21448
3898	21449
13462	21450
28248	21451
24839	21452
7883	21453
4260	21454
355	21455
5586	21456
17118	21457
22926	21458
20738	21459
23557	21460
1623	21461
4481	21462
17793	21463
22434	21464
14629	21465
10350	21466
22477	21467
10998	21468
17385	21469
13788	21470
20867	21471
9638	21472
18381	21473
9505	21474
16697	21475
7837	21476
16239	21477
23171	21478
18238	21479
3226	21480
9887	21481
21336	21482
10326	21483
3304	21484
6437	21485
896	21486
28363	21487
22042	21488
3534	21489
6621	21490
17627	21491
2751	21492
25919	21493
17196	21494
18856	21495
24485	21496
24979	21497
18	21498
5719	21499
4283	21500
7717	21501
20106	21502
15370	21503
27952	21504
26671	21505
22384	21506
22117	21507
21791	21508
4422	21509
26875	21510
11122	21511
14023	21512
6203	21513
28496	21514
8259	21515
11986	21516
10709	21517
27166	21518
12335	21519
1273	21520
163	21521
14004	21522
22447	21523
2648	21524
6111	21525
24170	21526
12084	21527
26255	21528
16607	21529
3687	21530
2596	21531
19168	21532
20518	21533
3473	21534
21202	21535
29245	21536
8566	21537
7934	21538
6924	21539
9775	21540
21629	21541
26536	21542
19364	21543
4760	21544
18732	21545
18825	21546
6630	21547
22771	21548
11905	21549
26282	21550
12528	21551
22723	21552
3732	21553
1921	21554
4842	21555
1568	21556
17132	21557
2473	21558
14346	21559
15132	21560
25922	21561
19535	21562
14566	21563
28187	21564
12397	21565
8721	21566
18270	21567
10373	21568
7903	21569
20339	21570
2609	21571
16784	21572
8278	21573
12427	21574
259	21575
25456	21576
24462	21577
23697	21578
25053	21579
26492	21580
4506	21581
1207	21582
14195	21583
11627	21584
4142	21585
29239	21586
18550	21587
12537	21588
23918	21589
11589	21590
1150	21591
28204	21592
7143	21593
18701	21594
17412	21595
17541	21596
16236	21597
26339	21598
13333	21599
16626	21600
29291	21601
29376	21602
22461	21603
18992	21604
3149	21605
25174	21606
24195	21607
10950	21608
21047	21609
16690	21610
14054	21611
13998	21612
2719	21613
4423	21614
473	21615
17912	21616
19483	21617
6819	21618
14678	21619
12580	21620
18552	21621
23258	21622
13038	21623
25321	21624
5037	21625
19284	21626
16695	21627
15989	21628
15866	21629
10915	21630
20084	21631
16520	21632
13438	21633
19504	21634
22284	21635
19739	21636
26708	21637
13165	21638
29296	21639
26261	21640
10502	21641
7201	21642
3662	21643
11909	21644
2504	21645
1130	21646
17696	21647
3017	21648
18766	21649
14238	21650
989	21651
22444	21652
21812	21653
11898	21654
20263	21655
10252	21656
18866	21657
28110	21658
2805	21659
2649	21660
4632	21661
20542	21662
21863	21663
2613	21664
20044	21665
12449	21666
21367	21667
11705	21668
2169	21669
21487	21670
15102	21671
26322	21672
8841	21673
229	21674
9432	21675
17322	21676
13350	21677
22288	21678
4269	21679
960	21680
12115	21681
23985	21682
26303	21683
28781	21684
13298	21685
5255	21686
18713	21687
17343	21688
5446	21689
22406	21690
22984	21691
18496	21692
19221	21693
12797	21694
25623	21695
22884	21696
14270	21697
23218	21698
8339	21699
8742	21700
7982	21701
7806	21702
24987	21703
19925	21704
2219	21705
2836	21706
10556	21707
16740	21708
8740	21709
9449	21710
21668	21711
20974	21712
20471	21713
1033	21714
67	21715
11227	21716
6150	21717
8584	21718
22031	21719
22955	21720
26414	21721
20293	21722
7939	21723
22127	21724
9053	21725
21565	21726
26835	21727
12252	21728
21741	21729
23041	21730
16174	21731
28951	21732
22089	21733
23998	21734
805	21735
1940	21736
23915	21737
24517	21738
19008	21739
11534	21740
13329	21741
4428	21742
21127	21743
9344	21744
9632	21745
460	21746
10452	21747
1110	21748
10235	21749
4793	21750
29298	21751
16534	21752
4668	21753
1021	21754
25188	21755
23242	21756
14282	21757
2672	21758
27892	21759
14294	21760
28161	21761
26851	21762
24108	21763
5150	21764
19946	21765
8694	21766
8441	21767
13641	21768
14345	21769
2074	21770
6507	21771
17330	21772
20931	21773
7556	21774
16217	21775
7231	21776
3423	21777
8202	21778
9252	21779
21646	21780
3776	21781
10824	21782
15445	21783
14010	21784
27169	21785
7921	21786
21569	21787
26064	21788
17275	21789
10879	21790
20367	21791
10629	21792
18396	21793
4380	21794
5714	21795
1385	21796
18089	21797
6263	21798
21125	21799
260	21800
11172	21801
4914	21802
10227	21803
20034	21804
10153	21805
17976	21806
10041	21807
22373	21808
29471	21809
5851	21810
28505	21811
19862	21812
9380	21813
26010	21814
11099	21815
5088	21816
18116	21817
14687	21818
4342	21819
12139	21820
25005	21821
13837	21822
21836	21823
12961	21824
24510	21825
20927	21826
18831	21827
22195	21828
4403	21829
23871	21830
20764	21831
15447	21832
26449	21833
3408	21834
10445	21835
16053	21836
15695	21837
17790	21838
28335	21839
14796	21840
29515	21841
4491	21842
9329	21843
11867	21844
22070	21845
19598	21846
5256	21847
26160	21848
27057	21849
25881	21850
26374	21851
10662	21852
19918	21853
7737	21854
9834	21855
7416	21856
25062	21857
20923	21858
4961	21859
18863	21860
2632	21861
24367	21862
24975	21863
16492	21864
23591	21865
26730	21866
3141	21867
115	21868
29236	21869
7273	21870
16706	21871
8016	21872
18954	21873
24143	21874
5717	21875
18521	21876
11173	21877
14979	21878
18302	21879
26621	21880
17921	21881
691	21882
27407	21883
12878	21884
6300	21885
19300	21886
14625	21887
8215	21888
27367	21889
2221	21890
13103	21891
13606	21892
18303	21893
9509	21894
21248	21895
5759	21896
20397	21897
14697	21898
11077	21899
137	21900
9853	21901
12857	21902
6130	21903
28084	21904
29273	21905
7366	21906
23459	21907
18877	21908
2276	21909
19186	21910
1211	21911
26802	21912
23530	21913
27189	21914
9707	21915
23979	21916
4814	21917
22256	21918
12438	21919
17939	21920
27209	21921
6523	21922
25789	21923
24521	21924
9471	21925
14905	21926
22695	21927
13268	21928
5289	21929
11479	21930
23836	21931
14393	21932
17115	21933
9910	21934
3636	21935
11184	21936
28172	21937
26390	21938
18130	21939
3045	21940
7486	21941
12868	21942
1296	21943
23820	21944
4488	21945
18508	21946
9130	21947
22785	21948
164	21949
8095	21950
9037	21951
14570	21952
11876	21953
1136	21954
4256	21955
29057	21956
17843	21957
25419	21958
6735	21959
21990	21960
25744	21961
9198	21962
6156	21963
12293	21964
8207	21965
22895	21966
10098	21967
18336	21968
22346	21969
11901	21970
17655	21971
1466	21972
25581	21973
23215	21974
27901	21975
16699	21976
21568	21977
5722	21978
8458	21979
3746	21980
20617	21981
18843	21982
23053	21983
15767	21984
7515	21985
21185	21986
10178	21987
1717	21988
24634	21989
18595	21990
17852	21991
25572	21992
5534	21993
21545	21994
26347	21995
29477	21996
3002	21997
15938	21998
16175	21999
9706	22000
112	22001
18390	22002
14454	22003
1941	22004
27859	22005
18820	22006
20024	22007
22469	22008
17296	22009
22925	22010
26630	22011
10017	22012
29187	22013
24038	22014
11340	22015
13009	22016
11251	22017
21280	22018
205	22019
229	22020
29263	22021
6305	22022
21663	22023
786	22024
10270	22025
13093	22026
3615	22027
18817	22028
14200	22029
2289	22030
18700	22031
25099	22032
12720	22033
16892	22034
8052	22035
9133	22036
455	22037
24668	22038
7578	22039
1655	22040
4391	22041
25407	22042
13152	22043
27928	22044
7900	22045
27508	22046
26962	22047
20905	22048
13842	22049
19734	22050
8091	22051
4542	22052
25747	22053
16967	22054
8248	22055
3249	22056
1746	22057
24890	22058
1490	22059
3034	22060
18368	22061
13484	22062
8625	22063
10048	22064
1927	22065
19192	22066
9208	22067
13251	22068
3641	22069
1652	22070
4397	22071
887	22072
5423	22073
4821	22074
551	22075
25577	22076
3227	22077
22173	22078
7221	22079
11745	22080
29306	22081
16787	22082
6766	22083
15500	22084
16030	22085
3594	22086
10158	22087
2229	22088
9131	22089
17049	22090
18132	22091
4426	22092
3444	22093
28549	22094
10469	22095
14507	22096
9267	22097
22755	22098
18719	22099
12834	22100
6339	22101
2990	22102
11825	22103
18447	22104
21675	22105
7403	22106
19225	22107
16713	22108
7882	22109
4879	22110
8356	22111
2624	22112
4520	22113
4299	22114
396	22115
23029	22116
3679	22117
11063	22118
17856	22119
6996	22120
23259	22121
7167	22122
17052	22123
18609	22124
12144	22125
29363	22126
336	22127
26058	22128
24686	22129
19302	22130
25589	22131
5567	22132
25455	22133
14747	22134
17884	22135
3866	22136
383	22137
1682	22138
5991	22139
19907	22140
7466	22141
26628	22142
862	22143
29512	22144
17495	22145
14146	22146
10345	22147
9035	22148
5097	22149
5743	22150
5968	22151
4772	22152
247	22153
25710	22154
11308	22155
14669	22156
23884	22157
29349	22158
12	22159
6644	22160
29382	22161
14882	22162
26789	22163
11300	22164
22392	22165
27851	22166
1903	22167
23472	22168
13937	22169
19635	22170
13046	22171
4275	22172
808	22173
21972	22174
562	22175
9752	22176
767	22177
16249	22178
1551	22179
17027	22180
10499	22181
834	22182
8984	22183
21122	22184
7581	22185
17350	22186
29270	22187
28472	22188
9433	22189
12509	22190
8994	22191
2101	22192
289	22193
22047	22194
7270	22195
15940	22196
25834	22197
25873	22198
6424	22199
21344	22200
189	22201
13915	22202
2016	22203
18112	22204
1324	22205
13501	22206
12208	22207
2411	22208
17302	22209
28938	22210
25170	22211
19278	22212
420	22213
24476	22214
9785	22215
5431	22216
163	22217
107	22218
4371	22219
3181	22220
3634	22221
13313	22222
3818	22223
10958	22224
12280	22225
17944	22226
886	22227
22865	22228
17347	22229
3019	22230
496	22231
23598	22232
26699	22233
17940	22234
20348	22235
20244	22236
4177	22237
13833	22238
4998	22239
21847	22240
16590	22241
22002	22242
24709	22243
14153	22244
191	22245
11393	22246
18682	22247
7470	22248
10674	22249
12116	22250
22916	22251
1696	22252
21941	22253
28677	22254
10484	22255
577	22256
20434	22257
9711	22258
1641	22259
19358	22260
14876	22261
18093	22262
7713	22263
3414	22264
23804	22265
12815	22266
23763	22267
1485	22268
23834	22269
2283	22270
22659	22271
26831	22272
2472	22273
506	22274
21181	22275
12808	22276
3521	22277
10318	22278
23525	22279
17642	22280
23992	22281
27116	22282
8736	22283
12893	22284
25375	22285
28560	22286
14197	22287
5918	22288
16384	22289
15799	22290
23883	22291
26882	22292
17643	22293
29195	22294
11595	22295
18414	22296
9847	22297
19219	22298
26847	22299
6758	22300
7219	22301
2358	22302
304	22303
11599	22304
13229	22305
23922	22306
16724	22307
13665	22308
15147	22309
9010	22310
29456	22311
19891	22312
8470	22313
7243	22314
3556	22315
27699	22316
11493	22317
2958	22318
9166	22319
11687	22320
4892	22321
19060	22322
9564	22323
24138	22324
7060	22325
19297	22326
2	22327
20267	22328
26297	22329
7949	22330
3459	22331
13007	22332
2621	22333
21898	22334
28288	22335
1849	22336
4999	22337
26271	22338
174	22339
3956	22340
7726	22341
18908	22342
5248	22343
4179	22344
24147	22345
8877	22346
27887	22347
10954	22348
6581	22349
19139	22350
2748	22351
23088	22352
18128	22353
14260	22354
4125	22355
20015	22356
14968	22357
8642	22358
7417	22359
8464	22360
27924	22361
2220	22362
24644	22363
23030	22364
6533	22365
24290	22366
249	22367
2136	22368
21313	22369
16828	22370
10169	22371
4527	22372
12181	22373
26469	22374
7351	22375
26379	22376
8159	22377
2534	22378
11391	22379
18260	22380
25486	22381
20960	22382
12898	22383
20344	22384
20689	22385
27788	22386
24406	22387
1812	22388
6914	22389
4374	22390
14518	22391
16242	22392
15783	22393
19055	22394
28211	22395
24429	22396
707	22397
9316	22398
16837	22399
13715	22400
4036	22401
18680	22402
20937	22403
13668	22404
22248	22405
12366	22406
3863	22407
8769	22408
402	22409
13430	22410
11388	22411
28544	22412
22230	22413
18649	22414
6568	22415
8700	22416
42	22417
14909	22418
28832	22419
9646	22420
27058	22421
7267	22422
28251	22423
11151	22424
10545	22425
11440	22426
26436	22427
20247	22428
27055	22429
24903	22430
14000	22431
26645	22432
28311	22433
28690	22434
22957	22435
25503	22436
629	22437
2382	22438
1997	22439
2683	22440
18188	22441
1957	22442
4775	22443
11222	22444
25839	22445
26507	22446
5813	22447
100	22448
7071	22449
9454	22450
12221	22451
24970	22452
3950	22453
1115	22454
15096	22455
17232	22456
14172	22457
9255	22458
10720	22459
8699	22460
27366	22461
8056	22462
15415	22463
320	22464
2886	22465
26687	22466
19293	22467
8558	22468
2492	22469
21111	22470
11674	22471
27661	22472
24409	22473
17566	22474
24742	22475
14791	22476
17123	22477
3827	22478
3986	22479
26252	22480
4384	22481
12864	22482
28748	22483
28727	22484
10971	22485
25716	22486
356	22487
25895	22488
27567	22489
13060	22490
8518	22491
23927	22492
16922	22493
26752	22494
19605	22495
397	22496
11253	22497
16430	22498
3081	22499
16869	22500
2345	22501
6549	22502
6798	22503
16388	22504
17036	22505
384	22506
28527	22507
27621	22508
8110	22509
8996	22510
4918	22511
27313	22512
14458	22513
16469	22514
7298	22515
5754	22516
5495	22517
11127	22518
20219	22519
1267	22520
4960	22521
23585	22522
2651	22523
21699	22524
9152	22525
26743	22526
24802	22527
15104	22528
88	22529
20984	22530
11562	22531
27507	22532
16873	22533
2217	22534
8978	22535
27425	22536
12883	22537
15048	22538
10808	22539
129	22540
18985	22541
12133	22542
4779	22543
6732	22544
20456	22545
14266	22546
28909	22547
15110	22548
14583	22549
1081	22550
892	22551
8125	22552
22821	22553
6551	22554
10360	22555
18454	22556
16746	22557
4503	22558
28991	22559
2148	22560
16203	22561
20364	22562
3011	22563
9151	22564
3073	22565
5959	22566
3990	22567
13314	22568
23881	22569
3880	22570
16348	22571
25294	22572
14042	22573
5016	22574
24886	22575
2883	22576
7035	22577
10675	22578
20962	22579
22348	22580
21479	22581
27667	22582
14562	22583
18744	22584
13800	22585
22154	22586
4000	22587
12611	22588
8524	22589
23346	22590
27161	22591
4147	22592
6659	22593
2542	22594
12999	22595
22280	22596
5360	22597
24834	22598
4494	22599
188	22600
271	22601
2580	22602
4930	22603
10087	22604
18417	22605
23792	22606
26067	22607
25361	22608
11275	22609
21743	22610
16640	22611
2728	22612
22262	22613
6824	22614
1274	22615
12094	22616
27556	22617
10894	22618
19529	22619
5026	22620
27634	22621
3318	22622
14133	22623
9939	22624
29495	22625
6617	22626
1781	22627
3014	22628
22858	22629
15470	22630
9376	22631
12060	22632
25078	22633
18346	22634
15598	22635
8787	22636
3099	22637
8619	22638
5911	22639
8983	22640
23279	22641
5985	22642
14940	22643
1457	22644
25756	22645
20118	22646
12439	22647
12894	22648
14990	22649
29004	22650
858	22651
10992	22652
12484	22653
8290	22654
21151	22655
7936	22656
8598	22657
23913	22658
7330	22659
15711	22660
18976	22661
17210	22662
350	22663
12722	22664
4191	22665
17715	22666
12498	22667
29426	22668
15148	22669
4654	22670
5031	22671
13775	22672
9705	22673
89	22674
15	22675
15776	22676
27904	22677
13055	22678
23627	22679
28563	22680
23544	22681
15903	22682
17214	22683
7757	22684
15180	22685
20007	22686
24207	22687
27660	22688
28558	22689
1430	22690
28798	22691
19106	22692
29457	22693
7566	22694
1094	22695
12494	22696
18822	22697
19927	22698
24037	22699
23785	22700
5408	22701
28407	22702
302	22703
10141	22704
23911	22705
18830	22706
26351	22707
4875	22708
11560	22709
28570	22710
14006	22711
13536	22712
16615	22713
9482	22714
1548	22715
8221	22716
15223	22717
8759	22718
19041	22719
15038	22720
28883	22721
18099	22722
28042	22723
22642	22724
22956	22725
5433	22726
26570	22727
7283	22728
13799	22729
26342	22730
13883	22731
7415	22732
25007	22733
25399	22734
5201	22735
11068	22736
28441	22737
28373	22738
3686	22739
16301	22740
23947	22741
24349	22742
3590	22743
27987	22744
8588	22745
16665	22746
9948	22747
28134	22748
9809	22749
22376	22750
18927	22751
19054	22752
17528	22753
12877	22754
7594	22755
18456	22756
18024	22757
26103	22758
9478	22759
20132	22760
141	22761
18773	22762
3477	22763
16669	22764
228	22765
21751	22766
23414	22767
18608	22768
16998	22769
20202	22770
18261	22771
16553	22772
11074	22773
14501	22774
12699	22775
6882	22776
10578	22777
23553	22778
27911	22779
16868	22780
1632	22781
29082	22782
28426	22783
6962	22784
16744	22785
17936	22786
7708	22787
23476	22788
8199	22789
4550	22790
5233	22791
6669	22792
20589	22793
12486	22794
21095	22795
27091	22796
23013	22797
28412	22798
6293	22799
2801	22800
7588	22801
8020	22802
8081	22803
3677	22804
63	22805
11330	22806
2573	22807
12830	22808
6967	22809
24444	22810
10157	22811
6297	22812
15522	22813
9895	22814
25272	22815
9973	22816
3425	22817
23084	22818
27241	22819
359	22820
10031	22821
9554	22822
24007	22823
9889	22824
16722	22825
19190	22826
22008	22827
25742	22828
6068	22829
23799	22830
25203	22831
3547	22832
26918	22833
17618	22834
13843	22835
6376	22836
812	22837
25166	22838
10663	22839
29046	22840
6341	22841
751	22842
4114	22843
19318	22844
21207	22845
24657	22846
11142	22847
11697	22848
7637	22849
8534	22850
3520	22851
11753	22852
19838	22853
4638	22854
6899	22855
20295	22856
3531	22857
22225	22858
4131	22859
148	22860
1437	22861
18622	22862
15564	22863
20022	22864
27159	22865
3238	22866
17218	22867
9700	22868
13885	22869
18765	22870
27596	22871
23391	22872
6654	22873
27048	22874
19921	22875
20271	22876
20704	22877
11363	22878
23452	22879
27744	22880
28486	22881
27129	22882
7372	22883
23038	22884
8593	22885
5434	22886
26719	22887
6154	22888
315	22889
6556	22890
28047	22891
1691	22892
4819	22893
8803	22894
843	22895
19742	22896
27442	22897
19994	22898
9128	22899
8648	22900
13388	22901
734	22902
15734	22903
3220	22904
23597	22905
3752	22906
26171	22907
4925	22908
12381	22909
13192	22910
2724	22911
6267	22912
11643	22913
22679	22914
10380	22915
12950	22916
20978	22917
4931	22918
576	22919
26277	22920
16059	22921
26899	22922
6860	22923
27040	22924
20595	22925
14740	22926
14288	22927
14228	22928
6890	22929
29290	22930
8032	22931
4069	22932
3914	22933
2254	22934
215	22935
28739	22936
21607	22937
3376	22938
19392	22939
19600	22940
11422	22941
647	22942
14087	22943
24024	22944
9500	22945
28155	22946
17777	22947
9975	22948
11473	22949
910	22950
4974	22951
24765	22952
3981	22953
6276	22954
21701	22955
29024	22956
6462	22957
20077	22958
12482	22959
28733	22960
2171	22961
8785	22962
16925	22963
24816	22964
1112	22965
5945	22966
28621	22967
12269	22968
7846	22969
18670	22970
10668	22971
22635	22972
13225	22973
19065	22974
26736	22975
3973	22976
24178	22977
18963	22978
22370	22979
7119	22980
87	22981
22180	22982
27430	22983
3695	22984
18248	22985
22063	22986
27742	22987
28922	22988
18973	22989
11455	22990
7389	22991
8005	22992
9999	22993
26552	22994
26707	22995
10682	22996
2321	22997
2978	22998
11240	22999
11155	23000
8417	23001
22877	23002
3243	23003
21702	23004
3198	23005
28478	23006
8303	23007
22473	23008
28005	23009
194	23010
23144	23011
12176	23012
12110	23013
21726	23014
14211	23015
12795	23016
7095	23017
16930	23018
27849	23019
21158	23020
5443	23021
28867	23022
13726	23023
12644	23024
1121	23025
5062	23026
13138	23027
26865	23028
7299	23029
20010	23030
11798	23031
17	23032
16830	23033
7027	23034
14585	23035
19877	23036
4304	23037
2488	23038
7858	23039
709	23040
944	23041
27216	23042
25697	23043
29215	23044
9727	23045
7972	23046
20970	23047
2500	23048
11298	23049
16791	23050
20	23051
11924	23052
2967	23053
23103	23054
7094	23055
14689	23056
23737	23057
27582	23058
4056	23059
24500	23060
8078	23061
5151	23062
9897	23063
11807	23064
20904	23065
796	23066
18411	23067
25165	23068
21002	23069
7696	23070
11763	23071
7059	23072
9503	23073
10802	23074
29536	23075
2440	23076
5213	23077
26811	23078
13232	23079
13110	23080
25549	23081
13250	23082
15680	23083
7121	23084
4576	23085
2661	23086
26495	23087
16300	23088
14644	23089
1738	23090
18375	23091
5826	23092
20650	23093
24251	23094
19743	23095
26049	23096
8118	23097
1120	23098
8077	23099
26648	23100
20201	23101
25897	23102
7101	23103
13324	23104
24947	23105
12732	23106
22221	23107
25093	23108
28569	23109
13184	23110
15915	23111
4656	23112
19503	23113
14232	23114
28357	23115
28813	23116
9613	23117
8233	23118
13214	23119
20758	23120
14422	23121
845	23122
25902	23123
24564	23124
8488	23125
15523	23126
17271	23127
26933	23128
10284	23129
3545	23130
1095	23131
4358	23132
8146	23133
16101	23134
17381	23135
2590	23136
6991	23137
27581	23138
670	23139
24321	23140
13149	23141
7826	23142
24681	23143
21711	23144
15516	23145
28912	23146
6108	23147
13941	23148
218	23149
5946	23150
24467	23151
7957	23152
18776	23153
24449	23154
28955	23155
24263	23156
15762	23157
6974	23158
696	23159
19621	23160
10737	23161
13612	23162
26421	23163
23097	23164
8086	23165
17711	23166
16438	23167
20504	23168
20509	23169
22994	23170
3753	23171
3635	23172
18010	23173
14817	23174
28227	23175
20283	23176
29001	23177
7331	23178
4752	23179
21297	23180
2396	23181
13288	23182
8364	23183
13568	23184
24642	23185
9253	23186
29537	23187
4492	23188
3128	23189
13351	23190
28436	23191
3343	23192
26634	23193
18942	23194
15857	23195
25585	23196
14488	23197
20667	23198
24422	23199
21537	23200
12350	23201
23079	23202
7303	23203
12287	23204
15533	23205
19900	23206
26354	23207
1233	23208
22265	23209
24359	23210
27539	23211
3889	23212
26672	23213
2387	23214
3511	23215
3158	23216
19407	23217
5167	23218
28366	23219
13507	23220
8419	23221
18064	23222
130	23223
13599	23224
15426	23225
14580	23226
4345	23227
15856	23228
19137	23229
25026	23230
6786	23231
25378	23232
19458	23233
1434	23234
17729	23235
13334	23236
3219	23237
16194	23238
26578	23239
6003	23240
20677	23241
8404	23242
16047	23243
3676	23244
5117	23245
8949	23246
1416	23247
9945	23248
12663	23249
6573	23250
3253	23251
8353	23252
22333	23253
7688	23254
27440	23255
97	23256
14245	23257
20844	23258
20513	23259
11420	23260
10232	23261
8446	23262
24144	23263
12493	23264
2597	23265
25689	23266
18011	23267
8916	23268
11943	23269
16605	23270
7087	23271
10470	23272
8153	23273
1322	23274
17519	23275
20861	23276
13327	23277
18271	23278
3170	23279
11854	23280
1974	23281
24269	23282
16228	23283
10444	23284
11487	23285
19484	23286
26884	23287
6663	23288
27707	23289
23320	23290
3769	23291
5312	23292
28310	23293
14162	23294
6611	23295
12109	23296
2575	23297
1343	23298
10267	23299
15822	23300
15401	23301
2076	23302
84	23303
10081	23304
20624	23305
3216	23306
13899	23307
25021	23308
116	23309
19733	23310
28518	23311
23493	23312
9204	23313
1125	23314
23473	23315
7919	23316
24667	23317
3646	23318
2677	23319
2556	23320
17983	23321
22542	23322
23656	23323
14766	23324
17314	23325
18353	23326
17872	23327
17666	23328
4006	23329
21566	23330
16548	23331
23513	23332
22521	23333
7272	23334
19884	23335
13888	23336
1562	23337
21713	23338
4464	23339
29459	23340
21759	23341
78	23342
23511	23343
22608	23344
11048	23345
1786	23346
18025	23347
312	23348
13965	23349
15977	23350
4223	23351
1581	23352
120	23353
4411	23354
14587	23355
12453	23356
5711	23357
20086	23358
11740	23359
8734	23360
23207	23361
16154	23362
17131	23363
18759	23364
3196	23365
15263	23366
22966	23367
8673	23368
4424	23369
7106	23370
2231	23371
1557	23372
13761	23373
330	23374
6336	23375
19934	23376
21049	23377
12004	23378
16056	23379
15425	23380
29048	23381
16099	23382
12861	23383
7413	23384
5595	23385
15193	23386
5397	23387
4909	23388
6812	23389
9188	23390
24727	23391
10099	23392
17565	23393
24892	23394
1069	23395
23240	23396
6892	23397
12234	23398
22713	23399
8550	23400
20775	23401
4701	23402
14111	23403
5141	23404
19556	23405
10412	23406
29403	23407
20959	23408
22694	23409
4616	23410
18632	23411
8374	23412
23133	23413
8065	23414
8489	23415
11869	23416
24800	23417
6095	23418
17162	23419
19490	23420
29531	23421
3035	23422
13984	23423
11551	23424
29357	23425
28391	23426
18754	23427
17580	23428
1773	23429
20087	23430
11714	23431
25551	23432
6416	23433
21161	23434
7265	23435
26920	23436
18469	23437
9753	23438
26089	23439
28061	23440
21627	23441
6225	23442
16295	23443
3694	23444
27996	23445
4155	23446
15981	23447
25893	23448
20102	23449
8723	23450
22457	23451
4389	23452
19160	23453
811	23454
9359	23455
15747	23456
18616	23457
10751	23458
14932	23459
1867	23460
2145	23461
7950	23462
8637	23463
26198	23464
13855	23465
2480	23466
1722	23467
29474	23468
8737	23469
28313	23470
28330	23471
3884	23472
16477	23473
25637	23474
8368	23475
11634	23476
13273	23477
4608	23478
16363	23479
21094	23480
22530	23481
2102	23482
4872	23483
561	23484
12703	23485
1833	23486
27427	23487
23220	23488
20316	23489
19107	23490
417	23491
21619	23492
11520	23493
5387	23494
16281	23495
25121	23496
24648	23497
5626	23498
18625	23499
15863	23500
5018	23501
28905	23502
8623	23503
28788	23504
27211	23505
1956	23506
6593	23507
5262	23508
11590	23509
453	23510
13934	23511
4294	23512
27825	23513
1846	23514
18529	23515
28026	23516
13938	23517
3790	23518
381	23519
10409	23520
22662	23521
14026	23522
17858	23523
26428	23524
25693	23525
24544	23526
23085	23527
12634	23528
17712	23529
5830	23530
17649	23531
25691	23532
27706	23533
25824	23534
3293	23535
1288	23536
11577	23537
6770	23538
21488	23539
510	23540
14461	23541
5157	23542
2823	23543
10026	23544
5730	23545
26968	23546
4809	23547
5649	23548
28928	23549
8500	23550
10728	23551
6464	23552
5972	23553
16294	23554
2798	23555
4624	23556
9701	23557
4330	23558
2170	23559
16198	23560
26097	23561
26974	23562
3550	23563
4653	23564
25346	23565
27072	23566
22716	23567
13722	23568
10174	23569
28158	23570
1429	23571
10959	23572
21740	23573
8218	23574
13142	23575
13048	23576
12724	23577
8789	23578
24732	23579
11317	23580
281	23581
6883	23582
20921	23583
19179	23584
19109	23585
21194	23586
6093	23587
21217	23588
14073	23589
11702	23590
16944	23591
14624	23592
10084	23593
22167	23594
6246	23595
27258	23596
17060	23597
28050	23598
4231	23599
12907	23600
20660	23601
27938	23602
19026	23603
22617	23604
16662	23605
20809	23606
27664	23607
8970	23608
18501	23609
20913	23610
3217	23611
16910	23612
16125	23613
13620	23614
4160	23615
22516	23616
6672	23617
21230	23618
2856	23619
26731	23620
12414	23621
7890	23622
27028	23623
17526	23624
4877	23625
27417	23626
21178	23627
500	23628
5878	23629
15292	23630
23329	23631
22504	23632
4350	23633
15582	23634
13400	23635
10403	23636
22083	23637
6661	23638
11000	23639
5104	23640
18169	23641
9494	23642
11668	23643
7098	23644
19237	23645
11047	23646
14167	23647
22257	23648
16215	23649
158	23650
2057	23651
827	23652
8731	23653
23110	23654
26033	23655
3183	23656
4390	23657
2152	23658
7176	23659
28789	23660
18033	23661
9599	23662
15768	23663
15444	23664
29480	23665
2055	23666
7062	23667
16465	23668
2159	23669
19603	23670
9116	23671
14435	23672
26825	23673
28993	23674
25350	23675
29308	23676
5457	23677
662	23678
24604	23679
26718	23680
15380	23681
26646	23682
20168	23683
352	23684
11413	23685
11509	23686
5657	23687
338	23688
23064	23689
25154	23690
20092	23691
18777	23692
20065	23693
16345	23694
28362	23695
9831	23696
16429	23697
8794	23698
19036	23699
406	23700
13173	23701
15841	23702
4617	23703
27712	23704
19634	23705
21903	23706
24669	23707
23930	23708
14214	23709
19080	23710
7584	23711
12774	23712
20393	23713
17316	23714
12826	23715
28212	23716
27970	23717
371	23718
2535	23719
12708	23720
14610	23721
11241	23722
18397	23723
108	23724
4963	23725
21492	23726
22366	23727
14448	23728
2759	23729
1685	23730
1664	23731
390	23732
27558	23733
8161	23734
12407	23735
16602	23736
7744	23737
21119	23738
5060	23739
23311	23740
22025	23741
23416	23742
22908	23743
12941	23744
3107	23745
5405	23746
27469	23747
20930	23748
11090	23749
14718	23750
15750	23751
4448	23752
7261	23753
14298	23754
1141	23755
8434	23756
18990	23757
12376	23758
18384	23759
28028	23760
15217	23761
22584	23762
11053	23763
10638	23764
17599	23765
17063	23766
19403	23767
25676	23768
13124	23769
15668	23770
23875	23771
20679	23772
27391	23773
22816	23774
7229	23775
19648	23776
7020	23777
6827	23778
8220	23779
17000	23780
17688	23781
945	23782
22616	23783
24366	23784
15441	23785
23885	23786
20099	23787
18850	23788
20971	23789
28706	23790
3189	23791
13654	23792
13236	23793
17893	23794
4613	23795
20204	23796
5028	23797
29065	23798
15765	23799
23233	23800
15018	23801
650	23802
29359	23803
13880	23804
25480	23805
6173	23806
26544	23807
4843	23808
25261	23809
11065	23810
17757	23811
14017	23812
25197	23813
9087	23814
8947	23815
22076	23816
28049	23817
8998	23818
16478	23819
17	23820
2043	23821
2944	23822
16725	23823
11252	23824
16342	23825
14239	23826
28017	23827
6366	23828
7142	23829
9039	23830
18692	23831
13779	23832
12135	23833
5647	23834
26939	23835
12452	23836
10705	23837
33	23838
10917	23839
13541	23840
29128	23841
22181	23842
25141	23843
25593	23844
12120	23845
15790	23846
14773	23847
27378	23848
4483	23849
19791	23850
17996	23851
25185	23852
17999	23853
5179	23854
405	23855
6355	23856
6435	23857
25528	23858
15291	23859
1169	23860
23307	23861
5030	23862
14886	23863
9364	23864
8675	23865
28104	23866
23948	23867
9134	23868
22827	23869
16090	23870
9341	23871
9117	23872
5872	23873
9230	23874
9416	23875
26511	23876
758	23877
18258	23878
16200	23879
6833	23880
4713	23881
610	23882
23387	23883
7311	23884
10620	23885
4154	23886
11780	23887
22725	23888
11878	23889
8616	23890
4323	23891
28160	23892
12124	23893
20422	23894
6316	23895
15315	23896
24973	23897
10006	23898
24111	23899
17819	23900
1059	23901
6865	23902
22757	23903
13631	23904
24314	23905
18079	23906
18327	23907
2297	23908
2528	23909
5512	23910
6854	23911
14949	23912
14667	23913
2406	23914
4830	23915
18646	23916
10395	23917
5245	23918
2353	23919
20180	23920
20906	23921
11163	23922
8145	23923
21264	23924
7092	23925
16891	23926
15177	23927
12590	23928
671	23929
9958	23930
4103	23931
1862	23932
3492	23933
2045	23934
4289	23935
17359	23936
25838	23937
14754	23938
2115	23939
5575	23940
2005	23941
13021	23942
4684	23943
22593	23944
16631	23945
15546	23946
26440	23947
16137	23948
9055	23949
4293	23950
27991	23951
21348	23952
10657	23953
16231	23954
24199	23955
16565	23956
18029	23957
204	23958
23358	23959
17449	23960
13451	23961
10043	23962
2998	23963
24188	23964
20066	23965
5744	23966
21881	23967
5622	23968
5960	23969
5598	23970
14213	23971
14057	23972
29116	23973
21856	23974
6043	23975
5420	23976
23548	23977
19089	23978
24891	23979
3329	23980
19908	23981
6059	23982
26750	23983
16913	23984
20476	23985
23833	23986
11776	23987
13869	23988
1842	23989
4213	23990
26574	23991
27961	23992
22570	23993
1450	23994
5181	23995
18341	23996
3714	23997
26644	23998
25046	23999
664	24000
7033	24001
16778	24002
4521	24003
3324	24004
7621	24005
3279	24006
5287	24007
4460	24008
17699	24009
14654	24010
7490	24011
5366	24012
8936	24013
7597	24014
3344	24015
21398	24016
9790	24017
23	24018
362	24019
9502	24020
9135	24021
18893	24022
18946	24023
16618	24024
18697	24025
25654	24026
19210	24027
6036	24028
19173	24029
21975	24030
17456	24031
15040	24032
11129	24033
26321	24034
12504	24035
10589	24036
23613	24037
13092	24038
13473	24039
11820	24040
5554	24041
29069	24042
26902	24043
22228	24044
27583	24045
11157	24046
9961	24047
4820	24048
15606	24049
13872	24050
21243	24051
26715	24052
15617	24053
1376	24054
25152	24055
28217	24056
12028	24057
27259	24058
4732	24059
28801	24060
14502	24061
20427	24062
19591	24063
20883	24064
12088	24065
14396	24066
14394	24067
4748	24068
19566	24069
25463	24070
12180	24071
6406	24072
8414	24073
16886	24074
127	24075
28223	24076
17659	24077
6969	24078
21725	24079
7290	24080
16666	24081
26353	24082
6017	24083
28722	24084
27866	24085
21546	24086
25540	24087
6198	24088
19306	24089
29327	24090
2022	24091
23587	24092
26047	24093
12530	24094
25300	24095
23551	24096
17345	24097
22641	24098
9606	24099
15674	24100
23368	24101
2619	24102
13642	24103
18994	24104
8943	24105
7920	24106
26496	24107
13561	24108
20813	24109
6428	24110
15571	24111
28790	24112
7234	24113
17297	24114
18753	24115
26786	24116
20082	24117
15869	24118
6594	24119
1640	24120
14464	24121
14877	24122
20727	24123
341	24124
24377	24125
8320	24126
26693	24127
590	24128
6514	24129
23958	24130
26135	24131
11526	24132
17838	24133
26692	24134
14425	24135
24506	24136
12118	24137
19230	24138
17393	24139
3348	24140
4257	24141
28856	24142
10214	24143
27810	24144
27542	24145
6404	24146
18331	24147
24650	24148
29425	24149
15960	24150
16437	24151
5098	24152
22394	24153
16031	24154
25913	24155
6034	24156
14996	24157
23878	24158
4082	24159
22893	24160
2195	24161
22620	24162
7829	24163
3957	24164
10883	24165
4551	24166
7135	24167
16927	24168
11301	24169
2149	24170
9947	24171
13845	24172
3336	24173
11443	24174
12860	24175
16320	24176
25523	24177
2329	24178
14053	24179
6084	24180
26746	24181
18101	24182
13544	24183
17287	24184
10037	24185
15309	24186
16701	24187
3806	24188
7353	24189
1667	24190
16644	24191
8438	24192
16988	24193
14367	24194
5724	24195
12460	24196
11507	24197
17298	24198
13255	24199
25982	24200
10961	24201
8352	24202
884	24203
6480	24204
13003	24205
19332	24206
1989	24207
26250	24208
3142	24209
13798	24210
5699	24211
25555	24212
14326	24213
1977	24214
16340	24215
410	24216
11210	24217
27722	24218
26813	24219
15431	24220
6192	24221
8012	24222
28186	24223
18835	24224
10587	24225
14216	24226
7901	24227
24998	24228
20721	24229
26474	24230
24559	24231
1563	24232
4989	24233
28127	24234
14366	24235
9507	24236
12434	24237
19848	24238
21080	24239
20572	24240
18148	24241
17277	24242
9334	24243
23471	24244
17103	24245
19487	24246
1893	24247
16410	24248
19082	24249
1080	24250
14365	24251
13725	24252
21195	24253
3721	24254
24437	24255
27229	24256
4995	24257
2595	24258
837	24259
11989	24260
8060	24261
22103	24262
2232	24263
18959	24264
13373	24265
29122	24266
11840	24267
29132	24268
11622	24269
23130	24270
14219	24271
28981	24272
24113	24273
3204	24274
17821	24275
4958	24276
17870	24277
18720	24278
19003	24279
11491	24280
21102	24281
21399	24282
7442	24283
23667	24284
19817	24285
10540	24286
14262	24287
28143	24288
8826	24289
21445	24290
841	24291
11778	24292
24628	24293
9051	24294
7877	24295
3419	24296
15507	24297
18775	24298
10376	24299
14088	24300
24276	24301
16720	24302
1497	24303
11931	24304
1098	24305
16106	24306
1316	24307
3292	24308
26704	24309
26437	24310
15280	24311
10483	24312
5783	24313
5505	24314
24296	24315
18074	24316
8399	24317
6461	24318
3748	24319
1424	24320
18150	24321
24775	24322
6474	24323
12382	24324
26292	24325
17772	24326
10558	24327
14261	24328
11476	24329
12201	24330
16794	24331
18080	24332
22903	24333
9421	24334
10834	24335
22741	24336
5375	24337
5303	24338
26836	24339
11973	24340
13335	24341
25823	24342
15458	24343
3277	24344
27588	24345
8154	24346
19545	24347
9155	24348
14259	24349
11814	24350
19317	24351
10083	24352
19035	24353
2591	24354
17690	24355
12211	24356
878	24357
8450	24358
16718	24359
15261	24360
9816	24361
10985	24362
10389	24363
21278	24364
9024	24365
24383	24366
21600	24367
24	24368
644	24369
6102	24370
29038	24371
5957	24372
21940	24373
24025	24374
10159	24375
19992	24376
11152	24377
28861	24378
8111	24379
17531	24380
8287	24381
12055	24382
28850	24383
10113	24384
13228	24385
25935	24386
255	24387
26149	24388
301	24389
3297	24390
26316	24391
9740	24392
4245	24393
23035	24394
47	24395
8629	24396
5548	24397
20744	24398
20098	24399
13667	24400
9577	24401
25472	24402
1615	24403
22139	24404
132	24405
25289	24406
22246	24407
14696	24408
7319	24409
20134	24410
19534	24411
14331	24412
28887	24413
21953	24414
3455	24415
4215	24416
28386	24417
4404	24418
6423	24419
12765	24420
27524	24421
350	24422
10145	24423
18210	24424
11335	24425
10610	24426
8462	24427
29056	24428
11660	24429
23608	24430
3495	24431
12045	24432
9336	24433
28114	24434
8908	24435
11761	24436
9186	24437
5236	24438
12856	24439
12927	24440
8966	24441
25870	24442
1378	24443
169	24444
2264	24445
4882	24446
9533	24447
7559	24448
17430	24449
6320	24450
11521	24451
5976	24452
15796	24453
1496	24454
5807	24455
13557	24456
21096	24457
24531	24458
1016	24459
5706	24460
6500	24461
3859	24462
4580	24463
5065	24464
477	24465
21992	24466
19524	24467
12333	24468
24806	24469
12556	24470
29340	24471
8763	24472
23897	24473
20622	24474
248	24475
1338	24476
642	24477
4678	24478
19593	24479
29484	24480
26520	24481
3601	24482
24683	24483
23638	24484
18212	24485
16964	24486
8144	24487
3558	24488
15311	24489
7198	24490
20030	24491
26377	24492
25626	24493
21368	24494
16684	24495
7948	24496
9643	24497
11679	24498
12983	24499
16854	24500
13628	24501
23863	24502
7814	24503
8541	24504
17808	24505
3024	24506
21906	24507
27753	24508
13717	24509
9153	24510
19814	24511
7481	24512
21563	24513
23293	24514
3191	24515
2650	24516
19246	24517
24189	24518
5381	24519
25382	24520
2755	24521
9792	24522
19963	24523
22786	24524
616	24525
29257	24526
395	24527
23568	24528
1428	24529
8672	24530
24503	24531
20230	24532
58	24533
6242	24534
3928	24535
21660	24536
11953	24537
4477	24538
2477	24539
8063	24540
26838	24541
10413	24542
1931	24543
11531	24544
25512	24545
18432	24546
335	24547
3345	24548
20574	24549
327	24550
16505	24551
927	24552
15975	24553
3461	24554
12841	24555
18958	24556
28943	24557
28130	24558
13670	24559
4976	24560
1127	24561
461	24562
6148	24563
28270	24564
6610	24565
21839	24566
4318	24567
23349	24568
5439	24569
62	24570
24102	24571
4461	24572
14643	24573
14878	24574
5171	24575
17014	24576
27826	24577
1111	24578
5961	24579
14824	24580
594	24581
28961	24582
24179	24583
27074	24584
6927	24585
22045	24586
15928	24587
24633	24588
10407	24589
15641	24590
2722	24591
24540	24592
27452	24593
701	24594
1348	24595
11939	24596
1420	24597
8472	24598
18860	24599
6648	24600
17333	24601
9570	24602
14655	24603
27363	24604
3568	24605
13521	24606
27167	24607
1349	24608
16476	24609
22358	24610
27687	24611
11746	24612
17135	24613
4637	24614
16510	24615
11637	24616
13805	24617
13729	24618
13069	24619
20156	24620
20765	24621
15410	24622
14511	24623
21395	24624
5324	24625
12085	24626
14922	24627
28642	24628
29544	24629
2212	24630
26275	24631
11506	24632
337	24633
23974	24634
14048	24635
8117	24636
17719	24637
5417	24638
9626	24639
241	24640
7304	24641
8570	24642
377	24643
26491	24644
28365	24645
23204	24646
6412	24647
2059	24648
27249	24649
11177	24650
6391	24651
2791	24652
7910	24653
4051	24654
2130	24655
976	24656
18761	24657
401	24658
22787	24659
26383	24660
13011	24661
9937	24662
18875	24663
946	24664
5850	24665
20045	24666
21709	24667
15400	24668
10341	24669
5173	24670
23263	24671
5871	24672
20182	24673
18338	24674
6363	24675
10957	24676
27250	24677
28392	24678
17859	24679
20751	24680
22586	24681
4788	24682
28876	24683
22234	24684
22385	24685
7297	24686
24535	24687
12160	24688
2082	24689
14209	24690
15666	24691
10261	24692
24312	24693
23162	24694
25107	24695
18287	24696
26136	24697
14341	24698
3199	24699
10305	24700
14351	24701
21682	24702
20588	24703
12042	24704
28364	24705
19390	24706
26434	24707
11280	24708
2349	24709
5989	24710
29554	24711
10165	24712
409	24713
274	24714
6175	24715
6415	24716
6509	24717
15575	24718
8382	24719
21256	24720
19832	24721
6135	24722
4644	24723
17191	24724
27396	24725
6952	24726
26956	24727
16826	24728
3269	24729
23462	24730
13478	24731
18952	24732
16678	24733
27749	24734
23519	24735
18743	24736
10851	24737
12543	24738
16195	24739
10450	24740
13000	24741
28936	24742
3798	24743
12945	24744
9307	24745
22887	24746
22646	24747
7668	24748
29086	24749
29222	24750
19023	24751
2174	24752
11672	24753
15088	24754
22508	24755
4490	24756
24553	24757
25215	24758
23908	24759
21802	24760
2930	24761
24745	24762
19668	24763
5757	24764
10147	24765
19697	24766
18145	24767
27734	24768
14371	24769
9159	24770
12759	24771
11114	24772
28523	24773
7815	24774
6694	24775
27668	24776
27210	24777
19399	24778
20000	24779
10419	24780
1953	24781
9689	24782
5121	24783
20144	24784
8366	24785
12769	24786
13067	24787
9378	24788
12760	24789
19081	24790
27271	24791
24206	24792
16584	24793
16853	24794
20657	24795
29039	24796
24661	24797
13581	24798
3335	24799
273	24800
7433	24801
20597	24802
3462	24803
4002	24804
14916	24805
1182	24806
19410	24807
1908	24808
10596	24809
19940	24810
7026	24811
9807	24812
12175	24813
25537	24814
7617	24815
13548	24816
27406	24817
22064	24818
10799	24819
20236	24820
2475	24821
10797	24822
23582	24823
17064	24824
14370	24825
29033	24826
20835	24827
20672	24828
1541	24829
12731	24830
11449	24831
13085	24832
21082	24833
24557	24834
6200	24835
7543	24836
14352	24837
27895	24838
13065	24839
12477	24840
28612	24841
3580	24842
16831	24843
6764	24844
3018	24845
15312	24846
10990	24847
7787	24848
16176	24849
3758	24850
13911	24851
25943	24852
21453	24853
17402	24854
24472	24855
23028	24856
2301	24857
15288	24858
21106	24859
26063	24860
9702	24861
16633	24862
9467	24863
7461	24864
2068	24865
13956	24866
8043	24867
14060	24868
10417	24869
1036	24870
23435	24871
15599	24872
24104	24873
25470	24874
17201	24875
569	24876
3620	24877
19196	24878
20673	24879
9456	24880
20684	24881
3931	24882
22696	24883
6723	24884
21326	24885
15736	24886
17584	24887
4790	24888
25012	24889
25147	24890
9141	24891
24469	24892
13653	24893
5393	24894
16435	24895
7478	24896
1534	24897
17426	24898
12464	24899
16330	24900
12097	24901
11663	24902
26533	24903
3618	24904
6218	24905
28410	24906
10451	24907
15453	24908
4212	24909
20059	24910
14304	24911
23522	24912
15313	24913
16321	24914
24191	24915
13926	24916
26904	24917
24389	24918
26189	24919
24121	24920
8394	24921
8429	24922
5106	24923
16756	24924
18619	24925
4591	24926
16417	24927
17879	24928
3266	24929
6077	24930
10977	24931
11108	24932
6350	24933
28684	24934
3543	24935
20736	24936
6296	24937
6866	24938
23315	24939
19126	24940
23584	24941
16982	24942
27837	24943
25428	24944
1619	24945
25462	24946
29166	24947
1772	24948
5283	24949
12015	24950
4769	24951
22456	24952
11220	24953
13223	24954
13982	24955
22183	24956
25679	24957
6362	24958
12534	24959
13422	24960
21534	24961
18685	24962
20090	24963
25727	24964
11957	24965
24598	24966
4592	24967
18354	24968
11764	24969
6096	24970
11417	24971
19961	24972
22988	24973
13272	24974
18640	24975
8956	24976
21540	24977
16425	24978
21754	24979
13825	24980
25089	24981
26367	24982
7783	24983
28463	24984
16250	24985
17169	24986
1573	24987
13099	24988
9615	24989
22778	24990
8829	24991
22200	24992
8347	24993
10865	24994
376	24995
6207	24996
27042	24997
18063	24998
9561	24999
10826	25000
15279	25001
25408	25002
18726	25003
8034	25004
28403	25005
22900	25006
22669	25007
19771	25008
23552	25009
6811	25010
7909	25011
24968	25012
11346	25013
14662	25014
17097	25015
2625	25016
21522	25017
22170	25018
10828	25019
187	25020
27864	25021
13646	25022
20318	25023
16597	25024
9582	25025
26287	25026
10215	25027
10315	25028
191	25029
23198	25030
20385	25031
2285	25032
5185	25033
3052	25034
16619	25035
21200	25036
27230	25037
26565	25038
11673	25039
12051	25040
4445	25041
18703	25042
17492	25043
17871	25044
24927	25045
3275	25046
482	25047
9006	25048
21999	25049
10438	25050
6340	25051
28687	25052
27069	25053
15831	25054
17930	25055
7905	25056
3109	25057
20664	25058
20417	25059
21141	25060
23359	25061
6679	25062
12352	25063
10893	25064
24922	25065
7799	25066
3905	25067
5937	25068
16711	25069
28208	25070
5453	25071
11191	25072
15568	25073
3736	25074
27597	25075
5576	25076
8011	25077
24450	25078
4553	25079
4153	25080
20391	25081
18780	25082
17886	25083
20814	25084
25392	25085
3617	25086
25355	25087
14148	25088
5818	25089
21052	25090
7808	25091
26273	25092
785	25093
17626	25094
24075	25095
25646	25096
9300	25097
18804	25098
27714	25099
19705	25100
15842	25101
2204	25102
25550	25103
23973	25104
13967	25105
27945	25106
7641	25107
4378	25108
5264	25109
16758	25110
25477	25111
9589	25112
1666	25113
19235	25114
4657	25115
7851	25116
8684	25117
17509	25118
10294	25119
13	25120
1783	25121
536	25122
27295	25123
6436	25124
23782	25125
6532	25126
19030	25127
22854	25128
21004	25129
1611	25130
29190	25131
16752	25132
12719	25133
2287	25134
27155	25135
64	25136
23194	25137
19029	25138
21108	25139
15724	25140
20357	25141
13030	25142
92	25143
25032	25144
27975	25145
2904	25146
27639	25147
3930	25148
17020	25149
7471	25150
2695	25151
29553	25152
20246	25153
1636	25154
23478	25155
12615	25156
8835	25157
11710	25158
4291	25159
29385	25160
22835	25161
5146	25162
23905	25163
17	25164
222	25165
13475	25166
5746	25167
20480	25168
16150	25169
4145	25170
384	25171
24528	25172
13446	25173
12766	25174
2834	25175
18677	25176
25661	25177
6331	25178
16036	25179
24060	25180
23803	25181
15234	25182
19248	25183
11342	25184
19363	25185
6912	25186
24255	25187
20186	25188
1373	25189
5437	25190
10010	25191
27143	25192
25168	25193
19540	25194
24763	25195
18934	25196
16528	25197
24279	25198
21718	25199
29521	25200
118	25201
4247	25202
26984	25203
12474	25204
21500	25205
22556	25206
3757	25207
6913	25208
16935	25209
12200	25210
1282	25211
5990	25212
47	25213
10256	25214
8608	25215
24282	25216
29285	25217
19488	25218
2516	25219
9585	25220
3458	25221
999	25222
7735	25223
25096	25224
19322	25225
26080	25226
16356	25227
4478	25228
6601	25229
22800	25230
11076	25231
5535	25232
26798	25233
19371	25234
18278	25235
29103	25236
6727	25237
14514	25238
10810	25239
790	25240
16094	25241
7860	25242
13904	25243
19423	25244
22552	25245
5220	25246
13530	25247
17985	25248
3319	25249
16812	25250
6963	25251
20363	25252
24040	25253
26626	25254
27077	25255
2996	25256
23706	25257
10036	25258
13277	25259
4889	25260
13146	25261
20767	25262
15588	25263
23893	25264
19289	25265
20475	25266
753	25267
29170	25268
11334	25269
16589	25270
270	25271
2277	25272
2459	25273
6473	25274
19444	25275
21513	25276
7623	25277
19998	25278
19132	25279
7886	25280
2812	25281
7852	25282
7377	25283
19973	25284
13263	25285
6342	25286
15986	25287
9088	25288
17161	25289
2536	25290
157	25291
24914	25292
12805	25293
746	25294
25441	25295
26803	25296
24772	25297
16235	25298
17577	25299
12560	25300
14045	25301
1467	25302
14931	25303
14961	25304
21692	25305
29525	25306
10973	25307
12619	25308
21525	25309
24602	25310
21443	25311
29168	25312
10325	25313
22779	25314
8316	25315
18627	25316
14237	25317
3295	25318
7501	25319
19304	25320
21187	25321
13143	25322
261	25323
21827	25324
9266	25325
13059	25326
26230	25327
1325	25328
19436	25329
12914	25330
16552	25331
9900	25332
14781	25333
13981	25334
15647	25335
10942	25336
23099	25337
12948	25338
11478	25339
9653	25340
3643	25341
16849	25342
21905	25343
2116	25344
2392	25345
3726	25346
21283	25347
28346	25348
10760	25349
15025	25350
19187	25351
16861	25352
15133	25353
3681	25354
9828	25355
24820	25356
9484	25357
12639	25358
231	25359
10416	25360
28438	25361
9435	25362
6328	25363
5480	25364
12635	25365
28265	25366
29526	25367
8552	25368
27748	25369
18021	25370
6479	25371
26462	25372
25340	25373
24219	25374
2308	25375
11250	25376
604	25377
20466	25378
28750	25379
14231	25380
6801	25381
21830	25382
16334	25383
8925	25384
14688	25385
6937	25386
7689	25387
7678	25388
18569	25389
13914	25390
7893	25391
24936	25392
18237	25393
12432	25394
10446	25395
20374	25396
23629	25397
588	25398
21926	25399
12424	25400
21654	25401
22020	25402
16874	25403
9624	25404
7479	25405
7350	25406
19263	25407
6542	25408
16770	25409
9408	25410
25998	25411
959	25412
52	25413
6880	25414
25653	25415
33	25416
29207	25417
24918	25418
3351	25419
25180	25420
80	25421
6864	25422
3551	25423
9075	25424
21548	25425
24375	25426
22625	25427
26048	25428
8848	25429
2260	25430
9031	25431
877	25432
4897	25433
26914	25434
4997	25435
27471	25436
5792	25437
331	25438
17480	25439
19803	25440
18209	25441
28904	25442
2847	25443
18221	25444
4511	25445
1093	25446
24348	25447
26869	25448
11037	25449
24830	25450
25592	25451
15076	25452
15743	25453
20614	25454
26054	25455
15420	25456
27195	25457
21150	25458
3597	25459
9149	25460
14641	25461
9050	25462
10611	25463
16474	25464
16509	25465
3177	25466
4837	25467
20083	25468
27663	25469
16169	25470
15744	25471
1493	25472
18187	25473
9649	25474
13087	25475
14923	25476
13537	25477
7021	25478
913	25479
14884	25480
27405	25481
2233	25482
28568	25483
4035	25484
7189	25485
17186	25486
18459	25487
29507	25488
27516	25489
23201	25490
3812	25491
8531	25492
20579	25493
6013	25494
16583	25495
14528	25496
10970	25497
2563	25498
10892	25499
26742	25500
3828	25501
22120	25502
15176	25503
14579	25504
12670	25505
7206	25506
10316	25507
26426	25508
9803	25509
4855	25510
40	25511
2273	25512
4519	25513
15265	25514
9968	25515
18030	25516
10411	25517
4714	25518
24682	25519
26631	25520
24008	25521
7561	25522
15210	25523
18714	25524
26096	25525
11039	25526
3654	25527
19939	25528
25561	25529
13241	25530
11415	25531
7291	25532
6387	25533
5342	25534
28918	25535
7247	25536
26951	25537
10357	25538
525	25539
21206	25540
29548	25541
97	25542
27217	25543
10126	25544
24118	25545
24509	25546
3640	25547
18443	25548
26754	25549
17527	25550
1736	25551
17830	25552
2009	25553
20748	25554
19001	25555
12428	25556
26957	25557
23195	25558
5666	25559
12187	25560
17562	25561
6826	25562
9132	25563
23347	25564
28378	25565
15440	25566
13848	25567
18899	25568
12831	25569
3966	25570
29325	25571
16406	25572
25135	25573
11171	25574
18039	25575
4977	25576
17732	25577
3809	25578
24542	25579
11256	25580
19938	25581
25546	25582
18982	25583
20040	25584
17745	25585
28824	25586
24074	25587
8075	25588
10918	25589
15054	25590
1397	25591
11471	25592
11137	25593
14312	25594
4514	25595
16954	25596
28763	25597
15933	25598
5070	25599
26760	25600
5669	25601
1221	25602
29075	25603
19788	25604
25819	25605
28960	25606
27823	25607
21347	25608
21750	25609
16329	25610
13271	25611
19271	25612
25714	25613
27479	25614
28786	25615
24435	25616
4201	25617
11647	25618
27315	25619
25091	25620
8422	25621
27319	25622
14123	25623
19136	25624
21271	25625
27036	25626
14274	25627
23999	25628
14985	25629
27930	25630
6485	25631
18348	25632
25732	25633
18491	25634
18998	25635
7535	25636
18292	25637
7031	25638
12523	25639
11106	25640
6367	25641
26466	25642
79	25643
28681	25644
1925	25645
106	25646
27775	25647
1594	25648
13182	25649
6489	25650
28674	25651
4985	25652
4675	25653
4066	25654
25606	25655
7124	25656
6702	25657
11445	25658
10140	25659
25721	25660
3919	25661
1774	25662
19694	25663
12558	25664
14849	25665
9884	25666
6205	25667
16209	25668
140	25669
18242	25670
11792	25671
15404	25672
5510	25673
24358	25674
6711	25675
10463	25676
21013	25677
1260	25678
26540	25679
1749	25680
21875	25681
13476	25682
14893	25683
9069	25684
12612	25685
14828	25686
17058	25687
3230	25688
17047	25689
22327	25690
28794	25691
15487	25692
18530	25693
1743	25694
13479	25695
10142	25696
1276	25697
21862	25698
16864	25699
20215	25700
2365	25701
5779	25702
1741	25703
28500	25704
17156	25705
28021	25706
5390	25707
3393	25708
28635	25709
28806	25710
9218	25711
19885	25712
22513	25713
19753	25714
28744	25715
15642	25716
22897	25717
22425	25718
11940	25719
29514	25720
6169	25721
6289	25722
1203	25723
6021	25724
22751	25725
28996	25726
23136	25727
7965	25728
25950	25729
23760	25730
14732	25731
12966	25732
11075	25733
23082	25734
15398	25735
23312	25736
17516	25737
124	25738
27385	25739
4455	25740
16660	25741
9288	25742
17395	25743
20626	25744
23520	25745
20768	25746
18920	25747
17730	25748
6139	25749
26455	25750
15993	25751
21293	25752
6960	25753
19654	25754
2167	25755
22452	25756
3994	25757
28263	25758
20988	25759
21262	25760
2864	25761
7552	25762
13629	25763
16055	25764
12207	25765
4204	25766
12240	25767
21308	25768
24050	25769
26086	25770
2992	25771
1590	25772
5140	25773
2914	25774
15296	25775
23856	25776
1596	25777
9191	25778
29127	25779
5352	25780
26290	25781
13131	25782
13613	25783
5988	25784
17483	25785
15854	25786
1821	25787
19402	25788
8638	25789
16121	25790
3584	25791
24150	25792
19624	25793
7040	25794
23963	25795
14229	25796
238	25797
3871	25798
2259	25799
12942	25800
6916	25801
15371	25802
2240	25803
11517	25804
23713	25805
19985	25806
6631	25807
18483	25808
1461	25809
23295	25810
23945	25811
16923	25812
28667	25813
2051	25814
831	25815
5676	25816
336	25817
25947	25818
1790	25819
24155	25820
26972	25821
19637	25822
18597	25823
331	25824
15525	25825
15032	25826
21721	25827
1839	25828
13649	25829
14699	25830
18518	25831
20337	25832
26912	25833
28320	25834
21707	25835
8771	25836
442	25837
14872	25838
2653	25839
24594	25840
21193	25841
17440	25842
20444	25843
24663	25844
295	25845
15813	25846
26476	25847
10733	25848
18580	25849
11827	25850
26213	25851
24653	25852
18707	25853
10841	25854
19207	25855
27666	25856
18450	25857
12295	25858
12940	25859
28910	25860
23420	25861
28359	25862
2151	25863
22360	25864
20484	25865
22998	25866
17820	25867
10782	25868
3691	25869
5440	25870
18461	25871
12043	25872
18729	25873
27243	25874
20522	25875
15628	25876
23463	25877
26637	25878
27886	25879
23669	25880
15735	25881
12134	25882
17816	25883
16442	25884
23108	25885
1976	25886
22818	25887
5438	25888
19277	25889
885	25890
7296	25891
11289	25892
24574	25893
3104	25894
7577	25895
9844	25896
29169	25897
5490	25898
399	25899
13708	25900
18725	25901
9719	25902
23637	25903
24779	25904
6223	25905
20104	25906
23768	25907
18028	25908
13578	25909
27439	25910
5828	25911
2835	25912
2270	25913
458	25914
5637	25915
2507	25916
25182	25917
895	25918
4157	25919
2521	25920
764	25921
19355	25922
17346	25923
23509	25924
12359	25925
29111	25926
6357	25927
28893	25928
10079	25929
17035	25930
4634	25931
19722	25932
950	25933
15343	25934
1395	25935
22930	25936
25663	25937
21591	25938
17663	25939
10342	25940
21840	25941
27174	25942
7244	25943
22687	25944
15667	25945
26610	25946
9867	25947
19949	25948
23277	25949
28356	25950
25967	25951
13490	25952
15208	25953
27739	25954
27222	25955
8728	25956
3514	25957
14614	25958
18687	25959
11357	25960
5038	25961
8421	25962
26216	25963
8833	25964
1660	25965
1680	25966
10192	25967
692	25968
21485	25969
19835	25970
641	25971
24703	25972
3067	25973
870	25974
11734	25975
5763	25976
26681	25977
10425	25978
14606	25979
23889	25980
12570	25981
6685	25982
14423	25983
5244	25984
16366	25985
7314	25986
11196	25987
29178	25988
8871	25989
5558	25990
28501	25991
26999	25992
13755	25993
12390	25994
18949	25995
2444	25996
22143	25997
2111	25998
23166	25999
19866	26000
15139	26001
4546	26002
12990	26003
17906	26004
16241	26005
28898	26006
9808	26007
22215	26008
17304	26009
9699	26010
6537	26011
26600	26012
20606	26013
5883	26014
859	26015
22726	26016
2213	26017
11213	26018
28034	26019
19193	26020
17695	26021
27419	26022
4074	26023
27505	26024
10803	26025
236	26026
18724	26027
16463	26028
6953	26029
14328	26030
20548	26031
24593	26032
4586	26033
17292	26034
6724	26035
19076	26036
18767	26037
15019	26038
22644	26039
14609	26040
17303	26041
5517	26042
21868	26043
15618	26044
11619	26045
12179	26046
6377	26047
2112	26048
2300	26049
28986	26050
25859	26051
9328	26052
4566	26053
6822	26054
15583	26055
18309	26056
26824	26057
784	26058
6670	26059
21198	26060
4504	26061
2185	26062
9532	26063
532	26064
29446	26065
17222	26066
5734	26067
17941	26068
26051	26069
12987	26070
4839	26071
29482	26072
2918	26073
12169	26074
10276	26075
29220	26076
29077	26077
10462	26078
15697	26079
18768	26080
27459	26081
15297	26082
7628	26083
14541	26084
27323	26085
11620	26086
22357	26087
1650	26088
24512	26089
18095	26090
4239	26091
20934	26092
20549	26093
26679	26094
19140	26095
20502	26096
12082	26097
18036	26098
26546	26099
25193	26100
28980	26101
7126	26102
4623	26103
18239	26104
20017	26105
9518	26106
6079	26107
26128	26108
9671	26109
372	26110
20703	26111
6990	26112
11013	26113
19860	26114
28296	26115
18162	26116
5716	26117
24174	26118
21088	26119
19439	26120
10723	26121
13380	26122
17444	26123
7315	26124
3946	26125
16879	26126
2178	26127
2599	26128
28106	26129
17107	26130
6244	26131
7497	26132
25858	26133
12576	26134
8802	26135
27980	26136
1861	26137
11579	26138
13826	26139
5194	26140
22922	26141
18288	26142
20179	26143
14660	26144
6432	26145
13935	26146
1060	26147
15381	26148
4121	26149
28192	26150
20493	26151
20832	26152
16253	26153
540	26154
7362	26155
2685	26156
26859	26157
14163	26158
29052	26159
19345	26160
98	26161
16693	26162
18691	26163
9185	26164
10209	26165
2610	26166
1038	26167
18947	26168
18865	26169
21183	26170
15008	26171
15712	26172
10008	26173
18200	26174
29374	26175
4284	26176
22122	26177
24524	26178
26486	26179
3261	26180
3959	26181
1193	26182
9427	26183
24023	26184
402	26185
869	26186
28517	26187
7529	26188
19469	26189
24310	26190
9683	26191
10921	26192
24728	26193
18979	26194
5285	26195
13873	26196
12374	26197
9672	26198
11920	26199
20457	26200
21331	26201
11793	26202
6032	26203
26881	26204
11345	26205
1360	26206
2898	26207
24218	26208
2828	26209
14933	26210
11665	26211
14280	26212
1302	26213
28471	26214
7660	26215
17641	26216
26661	26217
23106	26218
17144	26219
18332	26220
24190	26221
5499	26222
17752	26223
1546	26224
7580	26225
22052	26226
2338	26227
5149	26228
28169	26229
8076	26230
2957	26231
15039	26232
22727	26233
16863	26234
7073	26235
28425	26236
964	26237
19904	26238
23491	26239
25815	26240
10058	26241
142	26242
18925	26243
12466	26244
7248	26245
15913	26246
28962	26247
14362	26248
26888	26249
16097	26250
10300	26251
10077	26252
16912	26253
5350	26254
7164	26255
12271	26256
2384	26257
12676	26258
18815	26259
28461	26260
28074	26261
26152	26262
224	26263
6075	26264
25488	26265
12161	26266
24374	26267
12111	26268
25288	26269
21371	26270
17274	26271
24654	26272
11707	26273
13734	26274
28575	26275
15178	26276
2737	26277
27958	26278
2013	26279
12418	26280
1261	26281
15982	26282
572	26283
3503	26284
27521	26285
5616	26286
5314	26287
22959	26288
766	26289
23296	26290
17573	26291
26039	26292
8237	26293
19666	26294
11383	26295
28672	26296
27540	26297
19025	26298
20423	26299
17827	26300
15795	26301
11529	26302
12960	26303
2262	26304
9428	26305
29172	26306
3564	26307
15081	26308
181	26309
22048	26310
4151	26311
16146	26312
20966	26313
8383	26314
12525	26315
21893	26316
4262	26317
20324	26318
3940	26319
23051	26320
15225	26321
3228	26322
11303	26323
14639	26324
26666	26325
14269	26326
15592	26327
13014	26328
27412	26329
18647	26330
27208	26331
25999	26332
3161	26333
16516	26334
27125	26335
17903	26336
28216	26337
22555	26338
22148	26339
8948	26340
14524	26341
10652	26342
21346	26343
8466	26344
12285	26345
19096	26346
21258	26347
4349	26348
27422	26349
4013	26350
6329	26351
19413	26352
29407	26353
29194	26354
8579	26355
10162	26356
11833	26357
27223	26358
12375	26359
21176	26360
23176	26361
25347	26362
17644	26363
15094	26364
17016	26365
27494	26366
29092	26367
2831	26368
288	26369
12963	26370
14041	26371
9943	26372
19548	26373
29206	26374
9241	26375
27347	26376
7317	26377
3554	26378
6871	26379
16570	26380
18950	26381
17077	26382
8323	26383
20277	26384
29150	26385
16187	26386
14204	26387
29126	26388
5539	26389
14521	26390
9371	26391
3134	26392
6092	26393
9655	26394
26376	26395
9273	26396
20488	26397
17176	26398
13592	26399
18404	26400
3079	26401
12178	26402
15167	26403
12296	26404
18219	26405
7180	26406
24981	26407
9571	26408
10916	26409
26668	26410
12007	26411
25201	26412
21498	26413
29307	26414
9795	26415
12555	26416
17295	26417
9105	26418
5500	26419
2890	26420
4900	26421
28771	26422
18742	26423
5246	26424
24543	26425
1881	26426
29545	26427
6600	26428
15962	26429
18142	26430
13895	26431
20300	26432
17324	26433
4888	26434
22151	26435
27880	26436
24410	26437
5003	26438
4279	26439
7611	26440
15251	26441
14292	26442
1396	26443
25137	26444
22673	26445
15060	26446
9994	26447
24584	26448
15660	26449
10495	26450
1414	26451
14685	26452
4230	26453
9221	26454
3527	26455
10530	26456
7122	26457
21254	26458
5001	26459
156	26460
10448	26461
20279	26462
24128	26463
25853	26464
7830	26465
2782	26466
1874	26467
2539	26468
3150	26469
27882	26470
19147	26471
10226	26472
27985	26473
17553	26474
5195	26475
26145	26476
5532	26477
10836	26478
20382	26479
25736	26480
180	26481
26787	26482
6769	26483
70	26484
3153	26485
2461	26486
5514	26487
9566	26488
25302	26489
4168	26490
5309	26491
27050	26492
11602	26493
3605	26494
28882	26495
26446	26496
22316	26497
8448	26498
3106	26499
20049	26500
7750	26501
19037	26502
752	26503
1847	26504
8572	26505
9798	26506
127	26507
21224	26508
7576	26509
85	26510
15803	26511
8505	26512
968	26513
22342	26514
27070	26515
9480	26516
18026	26517
6966	26518
7976	26519
2583	26520
6195	26521
16098	26522
11683	26523
26104	26524
11291	26525
28552	26526
2963	26527
6398	26528
16760	26529
3524	26530
9041	26531
22337	26532
15118	26533
6982	26534
23964	26535
16543	26536
16774	26537
22269	26538
17834	26539
25499	26540
4363	26541
28999	26542
10213	26543
2917	26544
994	26545
6936	26546
7766	26547
87	26548
4195	26549
1346	26550
1698	26551
11874	26552
28626	26553
19657	26554
447	26555
27026	26556
22186	26557
22362	26558
3232	26559
5793	26560
5926	26561
10997	26562
825	26563
13481	26564
8830	26565
3840	26566
6884	26567
4946	26568
9145	26569
16049	26570
11919	26571
4841	26572
1878	26573
26173	26574
7656	26575
24459	26576
5643	26577
7691	26578
10554	26579
18970	26580
2187	26581
14702	26582
5305	26583
11980	26584
24289	26585
3341	26586
7254	26587
10936	26588
2585	26589
21577	26590
6689	26591
14003	26592
14539	26593
17741	26594
18576	26595
16638	26596
17634	26597
22426	26598
19188	26599
3257	26600
7007	26601
14015	26602
13594	26603
2579	26604
23753	26605
29451	26606
22960	26607
5021	26608
16201	26609
24327	26610
27705	26611
27256	26612
6772	26613
23621	26614
1918	26615
26673	26616
5751	26617
14441	26618
17514	26619
2780	26620
1805	26621
5288	26622
7373	26623
13767	26624
4898	26625
24468	26626
24447	26627
24774	26628
18038	26629
12219	26630
3299	26631
20508	26632
26728	26633
8006	26634
13871	26635
24	26636
25156	26637
17090	26638
1980	26639
4621	26640
23545	26641
23987	26642
16909	26643
15268	26644
19114	26645
10508	26646
14880	26647
9950	26648
25729	26649
15191	26650
12801	26651
2634	26652
6245	26653
230	26654
4896	26655
23419	26656
5109	26657
29106	26658
8080	26659
28250	26660
10784	26661
25813	26662
19515	26663
1961	26664
1890	26665
12308	26666
9825	26667
24828	26668
2463	26669
11486	26670
4443	26671
25157	26672
9	26673
5355	26674
9137	26675
13187	26676
10050	26677
498	26678
804	26679
21788	26680
8861	26681
4266	26682
21595	26683
11430	26684
1751	26685
3103	26686
14950	26687
28467	26688
24995	26689
19249	26690
2468	26691
25207	26692
12629	26693
23716	26694
24652	26695
26990	26696
522	26697
28326	26698
1978	26699
27846	26700
11101	26701
28209	26702
24131	26703
20181	26704
7938	26705
2420	26706
8501	26707
15320	26708
26407	26709
25018	26710
8617	26711
15872	26712
11822	26713
24637	26714
5628	26715
13771	26716
12559	26717
16130	26718
931	26719
23846	26720
24581	26721
25731	26722
8377	26723
11845	26724
8473	26725
9441	26726
1764	26727
16845	26728
25519	26729
11164	26730
22529	26731
9383	26732
173	26733
12371	26734
12742	26735
16142	26736
28433	26737
10317	26738
28948	26739
13018	26740
7605	26741
26757	26742
6676	26743
12292	26744
18514	26745
11081	26746
13447	26747
23623	26748
5401	26749
24780	26750
15490	26751
2714	26752
19661	26753
5066	26754
16475	26755
2635	26756
29028	26757
5226	26758
28318	26759
1079	26760
19761	26761
23468	26762
6241	26763
2395	26764
11369	26765
21491	26766
6434	26767
16358	26768
5250	26769
19626	26770
9620	26771
27079	26772
29250	26773
3815	26774
9429	26775
10857	26776
18001	26777
24180	26778
23418	26779
19954	26780
10044	26781
3744	26782
4172	26783
6247	26784
9970	26785
26101	26786
19112	26787
4208	26788
12310	26789
11760	26790
3454	26791
16639	26792
19260	26793
26910	26794
18367	26795
29031	26796
2873	26797
10410	26798
11390	26799
7284	26800
4369	26801
11994	26802
2871	26803
29136	26804
17645	26805
17817	26806
14628	26807
11368	26808
2601	26809
23155	26810
19016	26811
11270	26812
4959	26813
20370	26814
23410	26815
22728	26816
19787	26817
21034	26818
25977	26819
20623	26820
24202	26821
17404	26822
27119	26823
530	26824
2845	26825
14865	26826
28873	26827
15794	26828
16545	26829
19381	26830
26572	26831
6126	26832
7203	26833
22349	26834
17849	26835
25570	26836
6373	26837
21986	26838
13321	26839
7282	26840
1969	26841
15399	26842
13302	26843
1522	26844
28091	26845
2258	26846
14	26847
25767	26848
16029	26849
28003	26850
9338	26851
9681	26852
3413	26853
5921	26854
26127	26855
28043	26856
369	26857
5441	26858
5686	26859
20442	26860
25307	26861
7491	26862
26985	26863
13377	26864
28749	26865
16050	26866
5464	26867
1075	26868
17478	26869
6024	26870
24978	26871
18015	26872
4207	26873
22188	26874
29087	26875
1129	26876
9594	26877
8995	26878
2399	26879
5207	26880
23153	26881
17799	26882
2215	26883
20421	26884
4846	26885
28795	26886
19728	26887
15677	26888
4750	26889
4244	26890
20054	26891
7734	26892
10868	26893
8332	26894
18352	26895
5416	26896
27413	26897
2141	26898
20170	26899
1792	26900
12924	26901
15577	26902
28203	26903
2531	26904
9497	26905
28697	26906
13389	26907
20211	26908
24299	26909
20819	26910
18434	26911
21989	26912
19164	26913
5096	26914
14047	26915
25100	26916
7573	26917
7519	26918
27808	26919
27424	26920
2654	26921
14783	26922
10054	26923
25720	26924
13877	26925
28170	26926
27435	26927
17512	26928
6525	26929
8555	26930
15378	26931
11217	26932
25037	26933
24706	26934
22084	26935
27929	26936
9227	26937
12358	26938
13794	26939
20753	26940
24740	26941
24910	26942
20288	26943
27221	26944
8548	26945
22289	26946
15921	26947
19512	26948
22481	26949
13575	26950
14693	26951
26702	26952
15163	26953
5844	26954
28971	26955
9718	26956
17578	26957
1162	26958
11982	26959
22996	26960
1844	26961
13658	26962
24457	26963
7128	26964
28056	26965
1888	26966
9990	26967
3256	26968
20577	26969
16167	26970
21020	26971
25761	26972
8171	26973
20361	26974
150	26975
1860	26976
24762	26977
23912	26978
27575	26979
8105	26980
14810	26981
22464	26982
11005	26983
1083	26984
21422	26985
8148	26986
15687	26987
28055	26988
6800	26989
18604	26990
5093	26991
19162	26992
28793	26993
22997	26994
19990	26995
23903	26996
25666	26997
656	26998
3600	26999
23571	27000
17233	27001
23229	27002
15908	27003
12343	27004
17952	27005
5232	27006
27791	27007
18538	27008
8922	27009
16899	27010
25574	27011
16066	27012
20198	27013
14545	27014
19695	27015
5319	27016
17472	27017
9108	27018
28740	27019
7343	27020
6911	27021
21547	27022
25847	27023
501	27024
9287	27025
7977	27026
10281	27027
20810	27028
3786	27029
8096	27030
24933	27031
16268	27032
20430	27033
8522	27034
11502	27035
21428	27036
12212	27037
28004	27038
18083	27039
10683	27040
27858	27041
4947	27042
11211	27043
15333	27044
1671	27045
13019	27046
7011	27047
28355	27048
18888	27049
23366	27050
10759	27051
25054	27052
9396	27053
1653	27054
13393	27055
20779	27056
22427	27057
17394	27058
34	27059
12709	27060
3165	27061
26201	27062
4085	27063
7422	27064
27689	27065
5421	27066
1394	27067
28830	27068
15880	27069
7211	27070
19416	27071
5913	27072
1050	27073
7721	27074
22500	27075
14845	27076
26304	27077
2295	27078
21237	27079
4524	27080
11686	27081
10722	27082
14506	27083
18165	27084
27263	27085
15282	27086
20474	27087
25325	27088
4564	27089
19404	27090
19175	27091
16423	27092
28854	27093
25502	27094
7038	27095
23483	27096
788	27097
11268	27098
27868	27099
4366	27100
1887	27101
25613	27102
20847	27103
27344	27104
17234	27105
24566	27106
20386	27107
29228	27108
19805	27109
11456	27110
11279	27111
20563	27112
28131	27113
25191	27114
5928	27115
22217	27116
7600	27117
28163	27118
25009	27119
29393	27120
27622	27121
26126	27122
19144	27123
6128	27124
1202	27125
25167	27126
8573	27127
9342	27128
15740	27129
6472	27130
18945	27131
7280	27132
22774	27133
6375	27134
14222	27135
26409	27136
29347	27137
13765	27138
8987	27139
7555	27140
23523	27141
19879	27142
20933	27143
4322	27144
9539	27145
4302	27146
12009	27147
15030	27148
19974	27149
3850	27150
28256	27151
10181	27152
10703	27153
25580	27154
14234	27155
8093	27156
15346	27157
8626	27158
17675	27159
14128	27160
24734	27161
26035	27162
26790	27163
17173	27164
12510	27165
15798	27166
24196	27167
2416	27168
15330	27169
26701	27170
25344	27171
5376	27172
15168	27173
18502	27174
6954	27175
8281	27176
25331	27177
28164	27178
14114	27179
6083	27180
7838	27181
18077	27182
13739	27183
4343	27184
22350	27185
14405	27186
28607	27187
14543	27188
16427	27189
1580	27190
24068	27191
20503	27192
7582	27193
6153	27194
10128	27195
5229	27196
25518	27197
6512	27198
2749	27199
26874	27200
19141	27201
11384	27202
21838	27203
20116	27204
19274	27205
26153	27206
11040	27207
24495	27208
24940	27209
19167	27210
10195	27211
6730	27212
6933	27213
11102	27214
29351	27215
6164	27216
18228	27217
18105	27218
16856	27219
1512	27220
20080	27221
8372	27222
9726	27223
29202	27224
20406	27225
7937	27226
24588	27227
18837	27228
10118	27229
14704	27230
15559	27231
13105	27232
8387	27233
18628	27234
20093	27235
8893	27236
891	27237
12571	27238
27044	27239
383	27240
10293	27241
26214	27242
11666	27243
16306	27244
2485	27245
10152	27246
18596	27247
971	27248
29435	27249
20739	27250
13806	27251
13378	27252
8553	27253
28927	27254
28764	27255
21421	27256
15107	27257
17767	27258
27863	27259
19339	27260
19528	27261
5080	27262
22317	27263
2989	27264
28413	27265
23227	27266
27203	27267
20112	27268
1317	27269
13989	27270
12410	27271
16192	27272
1606	27273
24496	27274
23448	27275
6018	27276
29112	27277
7306	27278
26966	27279
21182	27280
29105	27281
13379	27282
7369	27283
6858	27284
3832	27285
22614	27286
366	27287
16222	27288
18999	27289
19811	27290
9013	27291
718	27292
358	27293
1415	27294
3428	27295
5866	27296
22804	27297
18096	27298
23369	27299
9029	27300
22705	27301
14029	27302
26416	27303
8568	27304
10613	27305
10239	27306
1701	27307
1004	27308
19712	27309
27141	27310
17924	27311
12220	27312
26	27313
18941	27314
4190	27315
17980	27316
28347	27317
24707	27318
24898	27319
2817	27320
12344	27321
19377	27322
21441	27323
14196	27324
29449	27325
22305	27326
5889	27327
9451	27328
1713	27329
21341	27330
26988	27331
28578	27332
22043	27333
21043	27334
5017	27335
13090	27336
10673	27337
21466	27338
14887	27339
29014	27340
4686	27341
12918	27342
5528	27343
12591	27344
28213	27345
26717	27346
20593	27347
6987	27348
29441	27349
13394	27350
11967	27351
20958	27352
13695	27353
19981	27354
978	27355
13270	27356
19816	27357
26072	27358
19044	27359
17660	27360
28122	27361
11329	27362
18710	27363
20717	27364
25596	27365
11116	27366
29011	27367
29297	27368
3406	27369
17379	27370
27530	27371
4130	27372
9356	27373
3173	27374
25447	27375
4924	27376
22179	27377
22867	27378
18439	27379
10370	27380
5618	27381
15540	27382
3671	27383
11224	27384
14978	27385
19194	27386
24356	27387
16302	27388
25609	27389
1592	27390
24799	27391
13966	27392
8344	27393
19587	27394
11902	27395
25465	27396
12199	27397
9904	27398
6842	27399
22565	27400
15881	27401
29361	27402
23237	27403
16178	27404
13023	27405
6301	27406
6773	27407
2298	27408
7942	27409
12215	27410
25177	27411
12750	27412
4393	27413
5253	27414
28811	27415
4181	27416
23268	27417
8418	27418
14852	27419
2304	27420
9214	27421
9985	27422
802	27423
12095	27424
4189	27425
10891	27426
16288	27427
14854	27428
5733	27429
22636	27430
5602	27431
17092	27432
20791	27433
20527	27434
27089	27435
8658	27436
12888	27437
3519	27438
4534	27439
21324	27440
291	27441
26091	27442
18880	27443
17569	27444
1312	27445
13364	27446
12305	27447
25129	27448
20632	27449
8007	27450
20117	27451
26622	27452
20014	27453
22819	27454
7181	27455
2664	27456
13408	27457
11600	27458
23382	27459
4756	27460
19746	27461
8902	27462
4396	27463
6364	27464
6280	27465
3061	27466
21825	27467
1872	27468
9673	27469
8449	27470
3703	27471
12448	27472
20583	27473
2744	27474
9593	27475
9246	27476
11573	27477
16323	27478
27025	27479
28637	27480
7049	27481
3089	27482
4526	27483
25963	27484
1242	27485
9773	27486
10449	27487
15531	27488
19412	27489
9563	27490
8226	27491
8521	27492
22499	27493
1255	27494
5126	27495
25142	27496
7536	27497
1465	27498
17724	27499
16124	27500
27140	27501
28254	27502
24071	27503
25940	27504
17463	27505
311	27506
3865	27507
5805	27508
3856	27509
2808	27510
694	27511
27806	27512
17739	27513
25953	27514
25994	27515
28736	27516
17436	27517
22325	27518
22095	27519
26373	27520
8682	27521
24320	27522
7563	27523
11653	27524
24400	27525
6070	27526
10277	27527
24963	27528
1857	27529
14253	27530
22794	27531
29324	27532
8508	27533
25505	27534
14557	27535
13957	27536
25369	27537
4073	27538
15095	27539
17355	27540
9384	27541
11552	27542
7009	27543
18351	27544
1134	27545
10919	27546
7295	27547
19258	27548
28843	27549
1795	27550
15739	27551
29337	27552
24095	27553
7210	27554
25195	27555
1419	27556
25112	27557
21006	27558
22009	27559
21197	27560
27364	27561
12852	27562
4964	27563
6000	27564
241	27565
11921	27566
8190	27567
1505	27568
29329	27569
14335	27570
17224	27571
14698	27572
4267	27573
9969	27574
27612	27575
906	27576
22435	27577
3491	27578
18898	27579
10746	27580
17636	27581
28892	27582
11236	27583
2565	27584
15123	27585
15673	27586
4994	27587
16439	27588
6202	27589
27049	27590
9633	27591
27341	27592
27342	27593
6956	27594
13147	27595
26627	27596
2019	27597
15393	27598
23686	27599
20674	27600
8090	27601
17241	27602
29104	27603
17101	27604
24861	27605
7262	27606
3581	27607
1264	27608
1201	27609
405	27610
2692	27611
26657	27612
29412	27613
10636	27614
29213	27615
19239	27616
5679	27617
11448	27618
15116	27619
17489	27620
20521	27621
28561	27622
1133	27623
3290	27624
10076	27625
9052	27626
28964	27627
21952	27628
10481	27629
19039	27630
918	27631
26675	27632
26315	27633
4866	27634
16077	27635
22243	27636
319	27637
15122	27638
16052	27639
16023	27640
182	27641
6710	27642
16332	27643
19682	27644
21700	27645
4296	27646
11640	27647
20418	27648
20216	27649
24853	27650
28633	27651
5594	27652
22743	27653
1003	27654
1914	27655
25471	27656
7109	27657
21816	27658
22580	27659
28611	27660
12385	27661
15658	27662
4216	27663
13091	27664
2341	27665
1668	27666
6536	27667
7537	27668
13102	27669
26366	27670
3405	27671
10430	27672
25210	27673
9568	27674
20576	27675
23754	27676
24036	27677
26861	27678
29157	27679
5419	27680
2274	27681
7804	27682
7070	27683
18211	27684
7891	27685
21213	27686
15788	27687
17942	27688
3700	27689
24208	27690
26423	27691
3236	27692
4489	27693
543	27694
9040	27695
623	27696
24585	27697
1330	27698
1286	27699
7345	27700
21988	27701
6162	27702
6949	27703
11066	27704
21943	27705
1047	27706
49	27707
9517	27708
8814	27709
28759	27710
17025	27711
20659	27712
14272	27713
9232	27714
7005	27715
13401	27716
6555	27717
11407	27718
7619	27719
5445	27720
21987	27721
22203	27722
10632	27723
26864	27724
351	27725
9326	27726
26402	27727
27726	27728
28915	27729
6802	27730
12174	27731
26467	27732
28522	27733
7968	27734
10693	27735
2807	27736
22126	27737
27098	27738
18474	27739
24234	27740
6981	27741
15237	27742
10592	27743
24399	27744
19775	27745
28924	27746
10071	27747
2816	27748
25209	27749
2702	27750
22478	27751
20110	27752
211	27753
23572	27754
13939	27755
28230	27756
19752	27757
24015	27758
22138	27759
21551	27760
9708	27761
29225	27762
28228	27763
14568	27764
21061	27765
15980	27766
24896	27767
23827	27768
419	27769
3116	27770
19217	27771
8359	27772
10338	27773
18749	27774
10496	27775
15737	27776
22074	27777
13024	27778
29433	27779
4944	27780
15271	27781
28557	27782
28984	27783
386	27784
19713	27785
12391	27786
17710	27787
1517	27788
25017	27789
26146	27790
23749	27791
7388	27792
4970	27793
10437	27794
19496	27795
7428	27796
18712	27797
18207	27798
26280	27799
22815	27800
9991	27801
26551	27802
11626	27803
19740	27804
18629	27805
29479	27806
25955	27807
24849	27808
4670	27809
24929	27810
27470	27811
26013	27812
14758	27813
23649	27814
11338	27815
1431	27816
22277	27817
16483	27818
26674	27819
10605	27820
21400	27821
21594	27822
14353	27823
1279	27824
19088	27825
24428	27826
7287	27827
25004	27828
19079	27829
3420	27830
11802	27831
7975	27832
24438	27833
20499	27834
21190	27835
9102	27836
20381	27837
16045	27838
22828	27839
27303	27840
6072	27841
27394	27842
21419	27843
13089	27844
8621	27845
5748	27846
3088	27847
19972	27848
16936	27849
410	27850
13878	27851
27813	27852
2892	27853
21072	27854
5687	27855
17727	27856
19083	27857
24453	27858
21733	27859
17731	27860
28913	27861
11944	27862
8951	27863
27527	27864
25835	27865
12718	27866
1818	27867
14469	27868
13735	27869
22274	27870
3907	27871
10199	27872
21269	27873
13860	27874
11966	27875
29401	27876
16608	27877
729	27878
6861	27879
1361	27880
14778	27881
5217	27882
207	27883
16612	27884
20041	27885
8997	27886
18495	27887
26221	27888
1815	27889
3447	27890
4991	27891
203	27892
25317	27893
27453	27894
18174	27895
21724	27896
7239	27897
459	27898
18764	27899
23142	27900
871	27901
15412	27902
1526	27903
27205	27904
16650	27905
2543	27906
9437	27907
5277	27908
23050	27909
863	27910
16341	27911
487	27912
3263	27913
27184	27914
25353	27915
20544	27916
22658	27917
8652	27918
28118	27919
24879	27920
25457	27921
1732	27922
20009	27923
168	27924
28246	27925
19873	27926
18996	27927
12255	27928
6825	27929
2699	27930
12666	27931
13081	27932
15923	27933
23332	27934
2659	27935
13907	27936
20926	27937
10871	27938
15774	27939
26891	27940
3499	27941
23040	27942
13406	27943
25318	27944
14726	27945
13532	27946
22772	27947
1600	27948
7232	27949
7004	27950
4043	27951
27615	27952
7476	27953
24931	27954
6147	27955
26548	27956
27377	27957
24726	27958
4773	27959
25874	27960
12971	27961
25242	27962
19651	27963
14812	27964
22969	27965
13132	27966
1670	27967
22604	27968
100	27969
10460	27970
10870	27971
9189	27972
8304	27973
21008	27974
25492	27975
3451	27976
27629	27977
11025	27978
19997	27979
9488	27980
25027	27981
19373	27982
26697	27983
8241	27984
13903	27985
28429	27986
19917	27987
3713	27988
7227	27989
26658	27990
24018	27991
1427	27992
6140	27993
15115	27994
14631	27995
15463	27996
10543	27997
2238	27998
25501	27999
10745	28000
9906	28001
7544	28002
26175	28003
14373	28004
15984	28005
11843	28006
20552	28007
13633	28008
3244	28009
7724	28010
13197	28011
27021	28012
14250	28013
23839	28014
13171	28015
93	28016
28718	28017
2126	28018
3132	28019
2275	28020
25010	28021
12938	28022
17784	28023
16277	28024
20020	28025
16610	28026
3416	28027
4188	28028
27490	28029
29366	28030
183	28031
4707	28032
16324	28033
27802	28034
9838	28035
26585	28036
21457	28037
19628	28038
15988	28039
21139	28040
41	28041
25614	28042
13412	28043
17319	28044
29156	28045
27828	28046
9556	28047
13583	28048
21132	28049
2922	28050
10024	28051
26429	28052
4276	28053
20365	28054
25146	28055
7856	28056
21732	28057
27694	28058
26272	28059
22347	28060
26947	28061
11907	28062
18438	28063
380	28064
27671	28065
3760	28066
27389	28067
28834	28068
28741	28069
26698	28070
5536	28071
23632	28072
15295	28073
20688	28074
26812	28075
17339	28076
26317	28077
4334	28078
11651	28079
317	28080
25796	28081
23780	28082
326	28083
11886	28084
11851	28085
14558	28086
24722	28087
6741	28088
28792	28089
2196	28090
17117	28091
8635	28092
1681	28093
8886	28094
24756	28095
5799	28096
1827	28097
17909	28098
19068	28099
15806	28100
24589	28101
18488	28102
9876	28103
351	28104
10948	28105
25411	28106
27206	28107
25584	28108
614	28109
17657	28110
24752	28111
2031	28112
25737	28113
14356	28114
13577	28115
4311	28116
28659	28117
20846	28118
16472	28119
21779	28120
8169	28121
9157	28122
5704	28123
15596	28124
5936	28125
13650	28126
29500	28127
17454	28128
28060	28129
24479	28130
25901	28131
11230	28132
16810	28133
26528	28134
22592	28135
18017	28136
22983	28137
20438	28138
20952	28139
21511	28140
10785	28141
15924	28142
19511	28143
9693	28144
6396	28145
21475	28146
13390	28147
7794	28148
4659	28149
21808	28150
18256	28151
15836	28152
3877	28153
24738	28154
22605	28155
16578	28156
12363	28157
10588	28158
3666	28159
13949	28160
10731	28161
27254	28162
23380	28163
5798	28164
17133	28165
20737	28166
511	28167
4869	28168
27274	28169
6615	28170
21659	28171
11813	28172
5648	28173
1798	28174
1379	28175
25291	28176
11725	28177
78	28178
17109	28179
18874	28180
10607	28181
28715	28182
24562	28183
16995	28184
3964	28185
1814	28186
12387	28187
11467	28188
7805	28189
556	28190
11470	28191
11810	28192
26052	28193
15246	28194
24294	28195
6486	28196
14938	28197
23289	28198
9636	28199
28838	28200
7427	28201
7325	28202
26862	28203
13681	28204
17078	28205
18796	28206
18041	28207
11544	28208
16377	28209
27432	28210
10202	28211
11356	28212
4079	28213
19183	28214
24491	28215
14516	28216
18539	28217
7889	28218
17596	28219
9165	28220
7719	28221
5896	28222
293	28223
14293	28224
15811	28225
1303	28226
6567	28227
19396	28228
21593	28229
19287	28230
11865	28231
4206	28232
8786	28233
18090	28234
19677	28235
2261	28236
20079	28237
26575	28238
15623	28239
21694	28240
28085	28241
1724	28242
1938	28243
24177	28244
24362	28245
9992	28246
22942	28247
24332	28248
8961	28249
21168	28250
22690	28251
16449	28252
29118	28253
17848	28254
27690	28255
17376	28256
7908	28257
26941	28258
5513	28259
28610	28260
26586	28261
19960	28262
18062	28263
10310	28264
1964	28265
3693	28266
10655	28267
148	28268
6360	28269
24678	28270
29440	28271
4437	28272
21496	28273
16025	28274
20857	28275
27934	28276
11800	28277
10247	28278
24777	28279
28815	28280
8919	28281
7659	28282
22196	28283
24885	28284
18272	28285
18546	28286
10924	28287
21636	28288
8173	28289
3984	28290
10401	28291
21454	28292
14295	28293
24704	28294
7088	28295
13851	28296
21755	28297
21411	28298
29259	28299
7679	28300
23187	28301
28396	28302
23283	28303
25725	28304
21093	28305
9591	28306
7661	28307
20333	28308
24014	28309
9047	28310
3624	28311
18429	28312
20126	28313
11720	28314
20612	28315
5152	28316
14534	28317
27665	28318
22062	28319
24483	28320
21698	28321
20683	28322
27	28323
22442	28324
12698	28325
19806	28326
4545	28327
21104	28328
178	28329
20628	28330
28696	28331
18216	28332
21603	28333
12205	28334
21541	28335
17958	28336
10946	28337
16727	28338
20052	28339
15890	28340
98	28341
17665	28342
16243	28343
5782	28344
18577	28345
22418	28346
17073	28347
6475	28348
19131	28349
8846	28350
4612	28351
21895	28352
18665	28353
28350	28354
29533	28355
11194	28356
15093	28357
20217	28358
10692	28359
10160	28360
9030	28361
12365	28362
26202	28363
2657	28364
25996	28365
16	28366
2311	28367
661	28368
711	28369
2236	28370
958	28371
7754	28372
443	28373
17259	28374
2600	28375
22677	28376
20928	28377
25416	28378
26651	28379
8953	28380
385	28381
24688	28382
22846	28383
5110	28384
17340	28385
16885	28386
11378	28387
19547	28388
10643	28389
13925	28390
27096	28391
20145	28392
29552	28393
22295	28394
22387	28395
21290	28396
12701	28397
7697	28398
235	28399
26209	28400
5084	28401
1215	28402
14682	28403
3130	28404
20551	28405
2833	28406
28000	28407
13413	28408
2281	28409
26579	28410
12901	28411
334	28412
19043	28413
12047	28414
6607	28415
6848	28416
65	28417
1001	28418
17288	28419
12540	28420
3421	28421
27101	28422
5323	28423
29230	28424
13782	28425
7591	28426
11045	28427
26669	28428
17878	28429
3471	28430
22	28431
19463	28432
8745	28433
19015	28434
6832	28435
39	28436
20669	28437
23217	28438
2179	28439
17755	28440
14083	28441
21873	28442
16299	28443
5391	28444
28752	28445
9399	28446
14072	28447
2547	28448
20838	28449
28535	28450
24307	28451
19519	28452
15071	28453
8493	28454
1230	28455
21803	28456
8999	28457
21622	28458
23797	28459
29400	28460
14890	28461
12031	28462
6178	28463
5765	28464
16980	28465
23159	28466
9665	28467
22781	28468
1856	28469
6616	28470
1070	28471
19499	28472
11231	28473
9793	28474
22822	28475
26172	28476
6458	28477
6731	28478
24563	28479
4640	28480
29367	28481
8690	28482
8875	28483
1402	28484
27446	28485
4037	28486
11785	28487
23226	28488
23931	28489
13474	28490
8782	28491
15355	28492
10103	28493
27755	28494
27375	28495
15100	28496
27926	28497
16	28498
23388	28499
24836	28500
5832	28501
22634	28502
11796	28503
20491	28504
13189	28505
1574	28506
10935	28507
11082	28508
23980	28509
28376	28510
15616	28511
14936	28512
18844	28513
10577	28514
6588	28515
10134	28516
4692	28517
22130	28518
9219	28519
9129	28520
8571	28521
3357	28522
11168	28523
21828	28524
14784	28525
21771	28526
20784	28527
2919	28528
26392	28529
15384	28530
353	28531
12122	28532
20212	28533
16501	28534
25803	28535
20111	28536
14302	28537
10548	28538
22093	28539
9741	28540
7931	28541
12508	28542
22782	28543
3272	28544
15334	28545
120	28546
27988	28547
8528	28548
5347	28549
16451	28550
7743	28551
18756	28552
27803	28553
19279	28554
26194	28555
18659	28556
25517	28557
8064	28558
2142	28559
13386	28560
5651	28561
13106	28562
8276	28563
17679	28564
1014	28565
14347	28566
26594	28567
7947	28568
3749	28569
18052	28570
25771	28571
28726	28572
27013	28573
26404	28574
23361	28575
28219	28576
18902	28577
17029	28578
8174	28579
27485	28580
20200	28581
1770	28582
17735	28583
27073	28584
10532	28585
28177	28586
2614	28587
16629	28588
21471	28589
15519	28590
6578	28591
9612	28592
17237	28593
26801	28594
3178	28595
15637	28596
8444	28597
13929	28598
29140	28599
18265	28600
5311	28601
20938	28602
10328	28603
19272	28604
7596	28605
12262	28606
17360	28607
370	28608
4696	28609
26793	28610
10569	28611
5797	28612
28878	28613
1843	28614
25726	28615
5075	28616
2403	28617
11180	28618
2024	28619
18930	28620
1105	28621
24482	28622
13151	28623
11018	28624
1622	28625
26170	28626
26249	28627
9181	28628
16085	28629
27653	28630
17707	28631
26370	28632
4605	28633
15001	28634
12472	28635
7747	28636
12702	28637
20062	28638
17809	28639
28803	28640
20562	28641
11144	28642
286	28643
16135	28644
17327	28645
5515	28646
25854	28647
1189	28648
11087	28649
24407	28650
16223	28651
11519	28652
10835	28653
4635	28654
3084	28655
13531	28656
12920	28657
21123	28658
25507	28659
23280	28660
29504	28661
18520	28662
11060	28663
7328	28664
9759	28665
28261	28666
8591	28667
5559	28668
3418	28669
7194	28670
23593	28671
12321	28672
20362	28673
26259	28674
6792	28675
2767	28676
537	28677
5694	28678
7376	28679
8106	28680
22082	28681
26115	28682
27979	28683
8	28684
3778	28685
20222	28686
22902	28687
5356	28688
741	28689
27149	28690
1554	28691
10726	28692
13862	28693
12340	28694
18811	28695
20709	28696
14268	28697
646	28698
14131	28699
29258	28700
12037	28701
4615	28702
22165	28703
26031	28704
1404	28705
14233	28706
9163	28707
1175	28708
16563	28709
24660	28710
20771	28711
20681	28712
21381	28713
29074	28714
12881	28715
26242	28716
28309	28717
3118	28718
22219	28719
27731	28720
25978	28721
2083	28722
9637	28723
20644	28724
16586	28725
17582	28726
28870	28727
2456	28728
7629	28729
6323	28730
23844	28731
21761	28732
21586	28733
20570	28734
22361	28735
11350	28736
12142	28737
27576	28738
29085	28739
23172	28740
13382	28741
3080	28742
4408	28743
9928	28744
9242	28745
16894	28746
9470	28747
27812	28748
10074	28749
3535	28750
6338	28751
16994	28752
29214	28753
16037	28754
3716	28755
10085	28756
7118	28757
24026	28758
6484	28759
12679	28760
2343	28761
10163	28762
17022	28763
27120	28764
21436	28765
14027	28766
19273	28767
398	28768
8795	28769
16292	28770
25535	28771
3902	28772
15243	28773
7627	28774
770	28775
21610	28776
13437	28777
27066	28778
5394	28779
18492	28780
5154	28781
2921	28782
28956	28783
2197	28784
10796	28785
9414	28786
15785	28787
14013	28788
28093	28789
20428	28790
9579	28791
2176	28792
17499	28793
13472	28794
26656	28795
23210	28796
3903	28797
14248	28798
15877	28799
29287	28800
18075	28801
17420	28802
17240	28803
26004	28804
5584	28805
17230	28806
23087	28807
7393	28808
4929	28809
11621	28810
1160	28811
6146	28812
4472	28813
19198	28814
23362	28815
17167	28816
1508	28817
20646	28818
21349	28819
19850	28820
5092	28821
21686	28822
5632	28823
2902	28824
18115	28825
14031	28826
12810	28827
17846	28828
1144	28829
26332	28830
9032	28831
10082	28832
19667	28833
27097	28834
18382	28835
18286	28836
9819	28837
7620	28838
24133	28839
6138	28840
9549	28841
14175	28842
26796	28843
10073	28844
24254	28845
2415	28846
22012	28847
19995	28848
10116	28849
16038	28850
27717	28851
8929	28852
11259	28853
8396	28854
62	28855
14850	28856
13421	28857
9995	28858
1705	28859
6995	28860
5184	28861
27896	28862
22155	28863
8853	28864
16408	28865
15408	28866
24200	28867
28128	28868
27099	28869
29240	28870
24233	28871
27484	28872
19872	28873
6988	28874
7477	28875
19234	28876
2263	28877
6660	28878
14276	28879
158	28880
28805	28881
11283	28882
16524	28883
17571	28884
772	28885
7687	28886
17059	28887
23671	28888
6626	28889
5237	28890
25891	28891
28297	28892
20155	28893
23458	28894
23688	28895
23802	28896
18254	28897
8585	28898
3469	28899
2920	28900
9473	28901
17677	28902
19435	28903
20261	28904
12866	28905
29448	28906
19901	28907
28196	28908
14376	28909
26819	28910
15786	28911
19792	28912
23724	28913
8492	28914
13186	28915
15165	28916
12717	28917
20920	28918
25786	28919
26943	28920
28600	28921
3139	28922
18731	28923
2950	28924
4148	28925
10155	28926
26842	28927
1892	28928
21624	28929
26828	28930
21067	28931
125	28932
8622	28933
21129	28934
28587	28935
28139	28936
7943	28937
2200	28938
16946	28939
9820	28940
14063	28941
3709	28942
20255	28943
7421	28944
10626	28945
24934	28946
15317	28947
16398	28948
5663	28949
7801	28950
6989	28951
4834	28952
11265	28953
8297	28954
16956	28955
18484	28956
13563	28957
28730	28958
11139	28959
3064	28960
25397	28961
25	28962
2205	28963
1657	28964
28069	28965
12684	28966
27332	28967
1380	28968
11472	28969
8306	28970
27137	28971
15277	28972
16762	28973
26331	28974
8649	28975
12616	28976
4801	28977
1355	28978
8378	28979
10049	28980
15042	28981
20991	28982
22176	28983
22534	28984
12213	28985
13158	28986
10362	28987
16536	28988
466	28989
3484	28990
20761	28991
26196	28992
13908	28993
15084	28994
11608	28995
27795	28996
16459	28997
15824	28998
16269	28999
15512	29000
24789	29001
23914	29002
10631	29003
7761	29004
19976	29005
23965	29006
2713	29007
22946	29008
15690	29009
1007	29010
26678	29011
24675	29012
22040	29013
20458	29014
27191	29015
27123	29016
4948	29017
20411	29018
14350	29019
13572	29020
18294	29021
18377	29022
17205	29023
11616	29024
15703	29025
13768	29026
24614	29027
13662	29028
10109	29029
26114	29030
8944	29031
19955	29032
22133	29033
7896	29034
15492	29035
13983	29036
4698	29037
4894	29038
14475	29039
15886	29040
9367	29041
8266	29042
28408	29043
23100	29044
13002	29045
11946	29046
27278	29047
28402	29048
23069	29049
14749	29050
9603	29051
10719	29052
9894	29053
125	29054
5078	29055
1145	29056
21966	29057
11226	29058
1410	29059
10526	29060
28096	29061
22577	29062
21092	29063
4571	29064
9976	29065
16156	29066
17969	29067
6508	29068
22889	29069
28884	29070
7182	29071
18255	29072
4236	29073
17342	29074
27914	29075
21489	29076
4203	29077
970	29078
26609	29079
1945	29080
10980	29081
21143	29082
18806	29083
7959	29084
9864	29085
6837	29086
28157	29087
26989	29088
13070	29089
15467	29090
10156	29091
12992	29092
12368	29093
3766	29094
24477	29095
18498	29096
3000	29097
6906	29098
10829	29099
9988	29100
25286	29101
20853	29102
16916	29103
462	29104
15318	29105
22790	29106
26781	29107
135	29108
7634	29109
7455	29110
4829	29111
253	29112
20529	29113
4703	29114
18882	29115
25352	29116
25110	29117
110	29118
13416	29119
18846	29120
6190	29121
14897	29122
18317	29123
20160	29124
28322	29125
11059	29126
5681	29127
20592	29128
4028	29129
4523	29130
4641	29131
6451	29132
18094	29133
20603	29134
2952	29135
22717	29136
16191	29137
693	29138
20745	29139
25966	29140
8469	29141
22393	29142
11911	29143
24057	29144
18657	29145
22106	29146
8243	29147
19715	29148
29331	29149
20856	29150
16658	29151
25601	29152
28901	29153
7335	29154
2452	29155
8463	29156
2391	29157
22483	29158
22574	29159
21606	29160
7990	29161
28880	29162
25961	29163
15772	29164
26823	29165
15324	29166
4938	29167
11373	29168
25466	29169
24329	29170
332	29171
20680	29172
3976	29173
14512	29174
1332	29175
18027	29176
3724	29177
21342	29178
23449	29179
13953	29180
3213	29181
21000	29182
25573	29183
8762	29184
19129	29185
20519	29186
2433	29187
17860	29188
4182	29189
21550	29190
21948	29191
4317	29192
9193	29193
22886	29194
8157	29195
3795	29196
27012	29197
25764	29198
16560	29199
17589	29200
4667	29201
22482	29202
11941	29203
15833	29204
17681	29205
17154	29206
7545	29207
20436	29208
25475	29209
17074	29210
654	29211
5978	29212
24643	29213
15527	29214
26134	29215
5909	29216
13704	29217
6574	29218
7365	29219
29498	29220
21728	29221
14789	29222
22732	29223
5208	29224
1564	29225
20747	29226
2512	29227
22007	29228
2725	29229
22510	29230
27062	29231
23600	29232
6370	29233
9074	29234
4525	29235
16621	29236
16002	29237
12441	29238
7085	29239
9780	29240
11056	29241
25316	29242
12953	29243
27839	29244
4818	29245
18562	29246
15475	29247
29370	29248
8681	29249
282	29250
6935	29251
14840	29252
23612	29253
7988	29254
5975	29255
29299	29256
29326	29257
6775	29258
9000	29259
16775	29260
15037	29261
14954	29262
14194	29263
25183	29264
330	29265
7677	29266
13453	29267
11625	29268
24030	29269
27944	29270
3095	29271
15685	29272
27260	29273
2616	29274
27548	29275
6087	29276
17486	29277
6891	29278
29196	29279
15276	29280
682	29281
3626	29282
9927	29283
27339	29284
200	29285
19924	29286
20231	29287
6971	29288
24507	29289
2515	29290
25067	29291
6337	29292
11287	29293
29139	29294
5606	29295
7711	29296
13909	29297
3285	29298
6592	29299
24645	29300
10664	29301
24827	29302
21136	29303
91	29304
9911	29305
21835	29306
3773	29307
27604	29308
6810	29309
8888	29310
3650	29311
6171	29312
12652	29313
16522	29314
18123	29315
21605	29316
16858	29317
10102	29318
4429	29319
22359	29320
521	29321
11639	29322
18217	29323
29165	29324
24698	29325
9254	29326
22610	29327
161	29328
4745	29329
7532	29330
6635	29331
23274	29332
9124	29333
4515	29334
21575	29335
6763	29336
22733	29337
14038	29338
17704	29339
11083	29340
7864	29341
409	29342
22090	29343
28260	29344
17469	29345
6844	29346
807	29347
21155	29348
28446	29349
19527	29350
17193	29351
10724	29352
21036	29353
9600	29354
19790	29355
10306	29356
8580	29357
22202	29358
289	29359
21279	29360
4362	29361
11969	29362
2965	29363
23116	29364
5677	29365
4513	29366
25657	29367
2077	29368
11842	29369
25821	29370
13896	29371
22611	29372
816	29373
23444	29374
24059	29375
28013	29376
10707	29377
29217	29378
22698	29379
15910	29380
8847	29381
14005	29382
25034	29383
3395	29384
9934	29385
17533	29386
8467	29387
3358	29388
27593	29389
5902	29390
12272	29391
4677	29392
17375	29393
25270	29394
23415	29395
10528	29396
20396	29397
25276	29398
3202	29399
3740	29400
7051	29401
14858	29402
19203	29403
25077	29404
12342	29405
28180	29406
24759	29407
12121	29408
16976	29409
19840	29410
23752	29411
18490	29412
20693	29413
22465	29414
25801	29415
24591	29416
22963	29417
2639	29418
3184	29419
6459	29420
1243	29421
28135	29422
17151	29423
22290	29424
22153	29425
27381	29426
21474	29427
17094	29428
22682	29429
6344	29430
1540	29431
6787	29432
22108	29433
26705	29434
17004	29435
2869	29436
27298	29437
6262	29438
5919	29439
13647	29440
122	29441
28745	29442
8384	29443
7392	29444
16369	29445
19386	29446
18661	29447
25924	29448
15079	29449
11432	29450
13990	29451
16224	29452
13267	29453
8715	29454
27499	29455
6269	29456
28896	29457
12985	29458
7516	29459
21960	29460
28521	29461
22086	29462
16446	29463
6992	29464
15631	29465
18107	29466
9233	29467
179	29468
23936	29469
20935	29470
15075	29471
20147	29472
2642	29473
14599	29474
5673	29475
13545	29476
12692	29477
15240	29478
23141	29479
9281	29480
22163	29481
22864	29482
18516	29483
18641	29484
2953	29485
23850	29486
2131	29487
9335	29488
5761	29489
16719	29490
17364	29491
5685	29492
8485	29493
12364	29494
12726	29495
13703	29496
25840	29497
13381	29498
16900	29499
21877	29500
22941	29501
4192	29502
11897	29503
27877	29504
23681	29505
10488	29506
21882	29507
12713	29508
20157	29509
23904	29510
29045	29511
21899	29512
28566	29513
18433	29514
25830	29515
25228	29516
15860	29517
15230	29518
6613	29519
15478	29520
497	29521
10064	29522
22383	29523
21380	29524
21870	29525
17053	29526
15514	29527
26924	29528
27728	29529
26061	29530
5125	29531
9445	29532
7958	29533
7670	29534
1993	29535
24505	29536
20827	29537
25833	29538
16258	29539
20964	29540
19180	29541
6609	29542
14556	29543
5161	29544
18581	29545
24431	29546
14246	29547
19586	29548
27236	29549
12456	29550
12339	29551
20414	29552
22958	29553
17072	29554
18699	29555
22389	29556
26386	29557
245	29558
28899	29559
16753	29560
19342	29561
25233	29562
5477	29563
27832	29564
2094	29565
24876	29566
21781	29567
6145	29568
12010	29569
16773	29570
24363	29571
3913	29572
19098	29573
14977	29574
4200	29575
89	29576
23595	29577
15171	29578
14974	29579
5732	29580
6046	29581
26167	29582
9869	29583
15146	29584
23787	29585
22913	29586
16941	29587
16211	29588
13951	29589
6062	29590
3881	29591
18489	29592
5119	29593
3176	29594
12247	29595
16721	29596
14939	29597
22633	29598
21250	29599
26867	29600
15972	29601
11318	29602
9849	29603
5069	29604
22495	29605
10086	29606
17520	29607
3152	29608
9111	29609
10517	29610
23426	29611
21890	29612
7869	29613
10591	29614
22134	29615
4771	29616
7616	29617
27643	29618
61	29619
25524	29620
14176	29621
22102	29622
860	29623
26523	29624
1480	29625
876	29626
17632	29627
12814	29628
22306	29629
5036	29630
12780	29631
22375	29632
25409	29633
12237	29634
8678	29635
23601	29636
18513	29637
23723	29638
1532	29639
23925	29640
16455	29641
2825	29642
25405	29643
10738	29644
28280	29645
14611	29646
5219	29647
20534	29648
25620	29649
13694	29650
3422	29651
25304	29652
24465	29653
15424	29654
16568	29655
11749	29656
25763	29657
16148	29658
23539	29659
8697	29660
4766	29661
11169	29662
26561	29663
19481	29664
10303	29665
21616	29666
3540	29667
16374	29668
29161	29669
12674	29670
615	29671
5240	29672
18251	29673
5362	29674
19513	29675
17494	29676
11954	29677
21446	29678
22808	29679
25422	29680
27655	29681
1777	29682
11199	29683
13269	29684
21504	29685
11841	29686
28652	29687
7208	29688
23579	29689
8774	29690
4957	29691
266	29692
10979	29693
25292	29694
7768	29695
4685	29696
15141	29697
5777	29698
715	29699
26384	29700
6	29701
23626	29702
5831	29703
11828	29704
17736	29705
3007	29706
12595	29707
8791	29708
16823	29709
22976	29710
27640	29711
16997	29712
19415	29713
23066	29714
8258	29715
15156	29716
4646	29717
20320	29718
28720	29719
17750	29720
12227	29721
10479	29722
7650	29723
24216	29724
12107	29725
8375	29726
12309	29727
14329	29728
5002	29729
12662	29730
22848	29731
15428	29732
6405	29733
3953	29734
6835	29735
8321	29736
20842	29737
7457	29738
7356	29739
15264	29740
23005	29741
1253	29742
9923	29743
23641	29744
22340	29745
9121	29746
23636	29747
21764	29748
24391	29749
23645	29750
25816	29751
1697	29752
24626	29753
10408	29754
10258	29755
3885	29756
11421	29757
7359	29758
15917	29759
9320	29760
28195	29761
7443	29762
9642	29763
5384	29764
16011	29765
352	29766
18836	29767
27805	29768
26306	29769
21296	29770
22915	29771
11501	29772
287	29773
29188	29774
26538	29775
6577	29776
10937	29777
25158	29778
17054	29779
19567	29780
632	29781
20113	29782
10527	29783
3175	29784
9118	29785
11322	29786
4119	29787
20245	29788
2425	29789
3046	29790
13233	29791
10551	29792
23120	29793
21980	29794
10886	29795
21562	29796
3837	29797
17080	29798
26024	29799
6210	29800
12677	29801
25198	29802
2290	29803
10136	29804
10046	29805
5879	29806
28190	29807
10845	29808
25772	29809
11636	29810
23367	29811
9394	29812
23	29813
6597	29814
681	29815
23642	29816
18570	29817
18913	29818
24475	29819
7733	29820
29162	29821
11299	29822
2437	29823
8345	29824
20924	29825
8238	29826
7793	29827
25749	29828
15709	29829
24888	29830
27190	29831
11671	29832
28111	29833
9804	29834
21635	29835
10914	29836
26092	29837
25453	29838
24833	29839
8272	29840
25101	29841
18738	29842
6394	29843
18472	29844
2146	29845
23146	29846
16428	29847
24390	29848
18968	29849
17254	29850
16473	29851
25960	29852
1509	29853
21192	29854
8048	29855
11541	29856
24336	29857
23386	29858
20273	29859
53	29860
22448	29861
14382	29862
20308	29863
29524	29864
24812	29865
19590	29866
10544	29867
28314	29868
24801	29869
11410	29870
15367	29871
3922	29872
17334	29873
3653	29874
29549	29875
20896	29876
12625	29877
17065	29878
4628	29879
5776	29880
24865	29881
19847	29882
19	29883
20286	29884
1383	29885
15953	29886
10382	29887
25075	29888
4620	29889
5770	29890
10468	29891
25119	29892
21209	29893
10944	29894
18406	29895
10183	29896
28409	29897
126	29898
24525	29899
19084	29900
5739	29901
26597	29902
4811	29903
13345	29904
12782	29905
28689	29906
29030	29907
15656	29908
16316	29909
23888	29910
20287	29911
12355	29912
4813	29913
22645	29914
23123	29915
25844	29916
7268	29917
1922	29918
28451	29919
278	29920
26050	29921
26481	29922
11533	29923
10007	29924
3066	29925
19049	29926
10197	29927
19782	29928
2608	29929
15164	29930
2012	29931
6873	29932
9956	29933
21089	29934
13517	29935
6649	29936
10093	29937
22468	29938
26506	29939
1198	29940
14470	29941
7598	29942
13728	29943
27956	29944
3453	29945
25784	29946
14285	29947
16230	29948
16286	29949
5432	29950
4120	29951
12067	29952
2060	29953
24020	29954
9162	29955
15090	29956
18179	29957
4117	29958
18426	29959
26818	29960
19085	29961
26488	29962
9898	29963
25942	29964
13542	29965
27086	29966
19411	29967
24029	29968
26739	29969
19111	29970
16168	29971
11549	29972
7971	29973
12216	29974
25417	29975
16132	29976
7655	29977
1399	29978
14853	29979
19315	29980
21138	29981
9226	29982
20976	29983
8213	29984
3296	29985
23550	29986
22241	29987
1952	29988
22055	29989
23781	29990
2214	29991
21589	29992
20464	29993
10131	29994
6665	29995
7492	29996
16159	29997
25293	29998
3645	29999
5209	30000
