2311	102	4	9.74
102	3833	3	8.95
4537	216	3	30.78
102	7547	5	31.27
5592	101	7	44.7
350	85	7	27.81
102	6096	3	12.62
101	2494	6	20.44
178	1173	4	27.67
151	120	22	27.31
927	103	6	11.47
12	7644	3	10.56
105	6776	3	19.16
11384	12	3	14.19
5619	1984	4	69.2
59	115	50	60.82
105	211	65	244.93
101	1690	4	7.04
1779	12	8	17.94
128	202	7	9.56
7543	125	5	50
208	1642	3	22.99
2825	14	7	18.72
5090	14	3	6.63
110	118	167	398.2
173	3436	3	25.77
4764	101	3	9.88
102	15344	3	21.98
839	146	3	12.59
748	12	34	118.41
2782	104	3	9.57
120	3663	3	17.41
112	203	13	16.81
9266	101	3	17.27
228	12	29	8.78
137	426	4	11.41
7684	103	6	47.26
399	148	3	7.97
117	1020	4	14.03
647	16	3	6.75
232	105	8	4.25
119	1051	4	14.28
120	668	21	129.34
463	12	11	4.72
5270	14	4	11.42
397	136	4	10.78
308	161	3	7.65
2109	12	4	5.3
102	249	22	17.83
104	1036	5	10.7
7345	125	3	24.94
2835	624	3	36.37
102	2491	4	10.52
101	1996	7	22.62
605	103	6	6.68
1327	135	5	28.77
244	202	5	19.5
16	285	14	43.48
1091	187	4	28.22
8	742	9	46.47
9	103	132	141.65
302	2419	3	29.49
108	8928	3	22.2
101	482	9	7.66
190	526	3	14.74
12	5095	3	7.69
190	789	3	17.54
821	130	7	36.16
10	10	3	28.65
101	2951	6	22.8
7463	12	4	17.34
4429	101	3	9.88
140	747	8	44.59
117	750	63	609.68
117	6421	4	31.69
137	189	6	8.01
502	146	3	9.12
1345	535	3	30.4
327	138	4	8.72
136	1201	3	13.68
134	415	3	6.51
162	212	4	8.08
137	162	7	6.19
106	775	6	18.09
6975	6177	3	60.29
1898	101	4	7.82
115	2028	4	18.51
494	116	5	11.57
108	806	19	106.64
196	201	3	6.69
828	14	9	7.06
7181	14	5	23.73
3533	113	8	62.15
676	122	8	33.81
109	3246	3	14.56
3380	12	3	5.06
2373	103	3	7.39
10529	124	3	28.58
10948	14	3	13.03
169	272	5	17.77
2382	103	4	12.12
612	127	3	8.03
194	295	3	10.37
13218	107	3	28.81
102	1094	12	37.44
697	9	11	59.93
1299	14	14	33.96
104	2727	4	15.15
2427	12	5	9.89
123	627	9	41.77
244	2871	3	28.88
689	117	5	15.46
109	9991	3	24.44
2533	125	5	33.6
2944	12	3	4.35
102	1740	3	4.21
104	1461	4	9.61
219	460	4	22.65
1840	109	3	10.48
549	911	3	28.01
189	123	7	7.3
101	505	58	272.15
104	1645	4	10.55
1106	137	3	13.16
12	139	105	20.87
274	326	14	111.8
122	13321	3	31.67
115	889	3	7.13
1721	413	3	30.2
109	706	4	8.67
271	13778	3	45.43
435	127	3	5.87
8135	101	3	15.09
3387	125	3	18.77
379	116	12	39.74
8	2703	7	54.37
101	231	72	185.35
104	1915	4	11.66
6488	341	3	37.96
386	123	3	4.57
311	199	3	10.77
104	3558	3	11.24
102	1946	8	28.15
155	380	4	13.91
8525	12	4	19.89
339	204	5	24.81
493	839	5	49.91
153	177	5	6.55
3176	141	3	20.21
5009	8465	3	59.98
103	2633	3	8
101	4088	5	21.36
127	765	6	27.07
177	110	13	10.64
214	185	3	6.64
124	1346	8	50.29
2526	12	4	6.62
492	104	6	6.48
138	1026	4	19.24
950	666	13	171.47
107	4634	5	34.24
115	3976	3	16.53
2125	12	6	12.36
143	407	11	54.16
118	389	4	6.02
1658	111	3	10.28
320	912	4	33.8
347	215	3	12.79
1588	12	9	20.47
471	144	3	8.31
143	5242	3	24.16
206	526	6	39.06
114	745	3	6.08
3620	110	3	15.38
111	742	29	190.93
8717	114	5	49.74
102	4807	8	52.38
102	566	23	67.09
128	12	137	30.37
59	876	3	10.2
160	146	12	23.71
252	400	3	15.73
582	111	5	11.43
176	764	4	23.59
212	180	6	20.05
626	195	5	32.01
59	8196	3	26.68
3695	14	4	8.19
129	387	7	22.85
1468	8	4	20.03
1054	12	6	4.9
148	250	6	15.49
456	16	12	49.45
472	321	5	36.8
112	397	7	14.75
402	144	7	28.16
1100	8	3	11.42
115	392	16	60.37
169	314	6	25.62
1252	106	4	13.11
614	121	6	19.94
1857	240	3	25.53
2090	113	3	12.24
112	3020	4	21.49
108	1230	11	59.38
4113	2604	10	205.04
438	108	4	4.8
111	1654	5	22.31
106	4691	3	16.64
5074	14	5	17.11
140	500	4	13.03
739	108	3	5.21
1755	106	5	22
137	120	15	4.96
197	535	5	30.17
485	59	3	6.45
101	7161	4	21.42
823	146	4	18.8
2766	104	3	9.57
102	1448	7	18.11
5773	14	8	46.44
2194	167	3	21.98
101	730	10	17.98
190	772	5	34.12
121	1651	3	12.15
961	12	13	25.71
3618	122	4	26.27
272	111	6	5.55
2497	101	5	15.05
101	6196	3	12.37
102	6858	3	13.81
355	146	3	6.68
131	1225	6	34.79
631	16	10	44.82
151	426	18	116.99
238	228	6	27.67
129	2772	3	17.92
101	767	13	31.11
10625	14	3	13.03
270	156	11	49.05
364	2063	3	29.96
461	162	7	37.55
105	2348	5	23.51
479	259	6	42.86
215	162	3	4.81
57	3653	3	19.74
101	3555	3	8.21
101	1193	4	4.75
124	1814	9	65.01
272	127	4	5.31
4657	125	3	21.07
107	3927	3	15.46
146	360	5	15.92
120	1574	6	32.52
2440	125	4	24.42
3045	12	3	4.69
164	3188	3	23.98
198	1758	3	23.03
4342	12	4	11.02
117	2901	3	15.62
1512	14	8	12.7
200	104	24	25.54
120	2865	3	15.66
1214	14	18	50.85
111	1621	5	22.31
139	177	7	9.1
5152	103	3	12.41
128	137	47	121.23
3885	12	3	5.93
478	116	5	11.18
104	4502	6	36.61
383	378	11	99.01
183	6426	3	31.55
866	14	9	7.49
59	165	25	65.09
127	812	5	21.35
101	4135	6	28.54
211	732	4	26.46
214	116	7	5.78
148	225	7	17.52
1018	122	5	20.94
102	6178	3	12.62
154	396	6	25.71
1679	952	24	427.06
155	644	3	12.51
131	999	5	24.77
102	1172	11	33.89
101	310	97	409.73
104	3806	6	33.49
1330	101	7	16.41
416	153	6	25.42
213	6098	5	62.99
107	347	18	58.94
118	342	6	11.06
1221	122	6	29.88
143	1333	3	14.94
1856	109	3	10.7
142	1630	3	15.91
143	2026	3	17.61
1903	102	3	4.58
118	228	12	22.59
107	225	9	7.81
645	516	3	25.16
2032	114	7	40.91
111	3160	3	14.55
197	424	13	97.1
1314	101	5	8.62
1829	104	3	6.89
324	378	4	25.57
133	159	17	34.86
132	544	3	7.95
1786	560	3	32.57
168	116	11	7.67
2864	12	3	4.05
9551	3127	3	58.65
12	1464	7	11.31
447	231	6	39.62
1641	355	3	28.4
14590	12	3	18.6
2912	12	3	4.35
847	185	4	25.63
575	1467	4	44.22
515	9	4	10.97
865	101	15	44.08
1842	188	5	43.21
102	2882	4	11.93
103	776	5	6.25
12	2426	4	6.26
103	1174	10	33.92
129	226	8	15.4
1380	14	6	5.77
1135	218	4	30.97
102	4040	3	9.5
101	4566	3	9.88
101	6287	4	19.56
389	107	7	13.01
115	1083	3	8.31
413	162	3	10.31
165	290	4	12.28
981	1401	3	34.88
3024	103	3	8.7
328	116	6	10.16
116	373	6	11.99
10568	14	3	13.03
6394	14	3	8.3
1191	107	5	18.2
3534	12	3	5.48
136	917	12	82.28
163	198	14	57.67
807	122	7	30.53
113	1614	3	10.65
421	1933	4	43.85
12	6469	3	9.41
102	3739	7	35.24
14408	14	3	17.41
8	13	20	28.28
365	4856	3	36.65
1198	14	7	6.99
103	1475	3	4.7
102	1352	5	9.23
484	110	5	9.26
186	256	3	8.54
102	608	13	25.71
217	134	8	16.89
12	7610	4	17.34
101	5501	3	11.4
2046	14	9	22.18
309	117	7	12.61
354	123	4	7.17
184	289	12	70.19
281	114	9	15.5
12	597	11	8.81
102	1319	13	48.51
57	8	31	42.89
1747	12	4	4.04
8747	14	4	18.33
488	130	3	7.13
2793	14	5	9.78
850	141	3	11.66
108	13269	3	28.89
2215	162	4	30.93
628	1049	9	110.97
121	2041	4	20.41
101	861	41	225.27
102	3756	7	35.24
4088	3075	3	50.26
12	1220	5	3.91
102	434	31	88.98
160	224	8	26.92
124	1975	5	30.71
2496	14	4	5.35
8	1514	13	100.56
105	2509	5	24.08
101	3995	3	8.71
12488	113	3	29.77
111	6345	3	19.88
705	163	6	36.23
1241	2	3	8.86
192	438	3	13.45
135	400	3	6.46
133	3128	4	28.48
1015	59	5	23.7
113	2401	3	13.1
653	203	3	16.78
8451	114	4	34.8
113	6873	3	21.5
201	901	3	18.79
6396	168	3	29.93
1513	535	4	43.99
2140	9	5	31.83
2	1294	3	9.15
107	835	4	9.82
1179	128	3	12.28
597	16	11	50.42
143	6432	3	26.05
103	752	7	12.27
383	219	4	20.62
2469	262	4	40.68
3965	21	3	24.5
2565	140	3	18.66
121	194	7	5.48
579	108	16	70
101	6048	3	12.37
3544	13	3	22.47
9103	14	3	10.91
102	197	21	6
284	155	3	6.51
188	362	5	24.32
101	654	57	318.06
1670	12	9	21.08
427	205	3	13.81
103	3571	5	22.37
130	1036	4	18.02
101	407	13	14.46
398	163	5	21.65
7019	12	3	10.56
2096	103	3	6.6
2450	9	4	24.78
293	163	11	54.68
324	1232	3	25.73
4887	101	7	41.24
101	8564	3	15.09
119	651	6	20.05
140	689	7	35.7
683	1194	3	31.36
143	1675	4	24.32
13216	1932	3	59.82
570	12	9	4.19
122	12722	3	31.67
135	106	29	15.24
115	7206	4	32.25
129	339	4	7.62
12	233	257	1236.72
102	8243	5	36.63
7367	134	3	26.26
238	156	3	5.05
207	281	9	50.35
102	1808	5	11.9
103	1948	3	6.15
13938	101	3	21.71
101	3494	10	58.5
102	2635	8	34.4
315	402	7	53.33
1195	110	4	13.38
395	308	3	17.38
157	109	19	14.3
3509	7867	4	80.87
102	923	7	12.07
2213	12	6	12.89
145	142	38	110.97
120	5691	6	53.73
1182	14	30	125.25
166	101	37	13.23
111	4392	6	45.37
472	107	4	5.35
946	139	5	25.76
108	1260	9	45.04
192	110	35	98.52
260	452	3	16.99
3147	240	3	29.1
1543	14	8	13.16
147	171	6	7.68
1391	122	3	11.52
2030	14	11	32.21
111	1816	5	23.43
108	365	9	19.18
255	21	4	9.51
1701	14	5	5.07
1298	101	22	108.41
279	14	22	4.43
273	890	3	22.05
6205	646	7	122.69
105	2725	4	18.27
102	4841	4	17.2
1086	137	10	68.62
544	218	10	79.1
1560	616	3	32.43
1401	104	6	18.78
101	4371	6	30.19
105	8064	3	20.72
4389	538	5	71.3
1224	9	18	144.25
180	2569	4	35.36
510	116	4	7.95
312	375	3	16.89
12	2237	16	73.97
792	102	6	7
801	110	3	5.98
3700	224	4	41.64
195	199	3	6.65
107	4767	3	16.71
146	323	9	35.61
142	1835	5	33.02
110	220	15	25.72
349	101	10	4.63
165	275	4	11.65
4225	12	4	11.02
4618	1047	4	60.92
112	1426	21	161.44
228	276	4	17.19
7479	12	3	10.56
197	152	8	20.14
1556	12	7	12.08
116	2049	5	26.81
843	161	33	344.02
107	1212	6	24.06
1718	148	3	17.32
1719	523	3	31.86
2957	2276	8	142.66
413	120	3	3.9
111	2361	13	101.56
2268	122	3	14.63
222	8	8	13.95
110	255	7	6.76
3146	109	4	21.35
113	258	12	23.72
2686	14	12	47.42
102	2353	3	5.95
1334	128	3	13.04
12	1110	10	17.55
11277	125	3	28.74
59	260	4	4.8
239	1020	3	21.55
85	106	25	18.87
4054	700	3	40.17
897	138	3	11.82
155	14148	3	37.97
172	3438	5	48.92
3015	14	5	10.39
974	103	4	5.31
192	128	40	177.61
107	1653	12	75.18
136	1325	4	21.4
323	237	4	19.53
2542	137	8	67.45
107	5901	4	27.39
2	205	11	12
111	959	4	11.69
1763	12	5	6.84
680	1364	4	45.36
106	630	8	24.89
1244	12	8	12.52
136	2278	15	149.61
227	184	3	7.19
4244	14	4	9.59
1308	148	3	15.66
342	141	3	5.57
105	1225	3	6.87
101	671	8	10.13
284	143	3	4.55
102	8208	4	24.35
482	718	3	25.4
105	1870	12	74.07
102	3238	5	18.05
3989	14	4	8.84
101	5289	3	10.58
581	16	3	6.15
104	213	82	286.55
157	129	13	17.25
102	2805	3	6.86
930	12	6	3.95
176	59	7	6.24
214	537	3	15.83
101	1291	7	16.05
105	2961	7	42.23
1434	161	6	45.74
101	6896	3	13.56
4230	114	3	17.06
720	12	8	5.27
178	1120	6	46.05
392	16	7	19.17
239	129	4	4.09
113	9731	3	25.29
115	12213	3	29.9
1264	166	3	18.24
246	815	24	274.37
279	1442	4	36.27
311	118	117	910.14
102	561	39	158.08
105	2766	3	11.86
824	113	3	6.58
153	150	9	11.6
123	143	14	8.95
1228	103	4	6.91
160	965	3	15.85
116	8943	3	23.98
120	2005	3	13.49
4319	14	6	20.23
101	9565	4	28.95
111	766	6	19.28
2956	127	3	18.16
9045	1704	3	52.14
110	182	12	10.24
191	194	3	6.4
116	802	9	40.75
1067	173	3	18.08
230	136	5	8
685	103	7	11.13
138	329	4	8.86
106	243	20	47.47
111	1192	3	8.49
109	454	4	5.22
345	121	8	19.97
140	237	10	29.34
104	222	159	823.09
157	296	4	11.44
395	105	29	122.42
3452	14	3	4.11
16	227	15	37.36
244	148	3	4.05
1800	1084	3	37.15
122	7036	6	63.35
3412	109	7	48.21
3882	14	7	24.89
898	12	10	13.39
130	2878	4	27.51
105	3716	4	20.69
101	2134	4	8.73
5709	14	4	12.58
109	155	23	22
163	587	4	19.22
1494	200	3	22.03
119	774	4	11.73
146	348	5	15.54
193	663	3	16.54
887	3967	3	41.16
443	1348	6	67.25
374	108	5	6.23
145	321	5	13.54
101	10389	3	17.27
118	107	53	26.71
171	1713	5	40.42
111	5611	6	49.8
139	185	15	41.94
1150	14	6	4.25
110	1305	4	13.97
143	880	3	12.27
203	608	5	32.28
501	460	7	65.09
133	279	22	104.51
1905	450	3	31.32
410	114	10	29.39
106	3848	3	15.39
2361	2514	5	80.77
104	8470	4	28.32
466	123	3	5.77
142	5328	3	24.7
447	119	12	46.01
131	1890	3	15.74
101	1202	12	38.87
104	1071	10	36.2
105	680	12	44.39
459	116	5	10.89
2405	128	3	16.83
1289	123	5	25.43
3103	2167	3	45.63
5391	3843	3	54.08
102	1436	5	9.74
577	14	42	121.53
3646	12	3	5.48
6529	14	3	8.3
303	721	3	21.55
896	162	4	22.93
795	137	4	16.92
12	878	25	78.75
2133	482	5	59.87
115	2800	4	21.49
111	594	15	67.33
110	199	15	21.23
509	167	4	18.68
165	164	12	35.26
773	107	5	13.47
144	209	4	4.61
5952	8	3	23.6
621	114	7	22.21
345	147	4	10.64
7321	14	4	15.8
106	264	25	77.08
343	174	3	10.14
143	427	5	17.38
119	1024	6	26.03
13867	157	3	38.2
102	5349	4	18.42
178	3811	3	27.02
601	486	4	34.68
103	4328	3	11.05
103	853	6	10.37
186	137	12	28.72
59	206	9	15.95
101	1439	6	13.26
6879	113	3	21.5
119	2700	3	15.3
5703	14	6	26.05
256	146	3	4.21
2362	107	14	110.14
2501	10341	4	82.36
120	7072	4	34.19
3464	102	3	8
4074	122	3	18.86
120	346	8	20.18
7774	103	5	39.38
7052	2743	3	54
882	12	13	23.02
136	1631	4	23.15
110	138	49	70.51
509	113	4	6.94
346	412	13	121.45
147	543	3	9.6
113	135	33	29.86
811	12	10	11.75
103	2613	3	8
124	6084	3	23.54
177	121	35	106.18
16	548	7	24.29
1052	2729	3	39.88
59	133	32	53.56
1468	175	3	20.29
102	1137	8	19.11
105	1795	4	14.38
553	628	4	36.18
7039	160	5	58.99
2014	118	3	13.07
125	215	18	56.48
124	3110	12	117.34
1356	12	5	4.84
285	108	10	16.93
103	1826	4	9.76
105	1562	3	8.28
156	276	7	25.45
110	370	5	6.51
108	1156	13	73.02
108	3654	13	125.24
132	3056	3	19.32
133	245	4	5.11
132	361	48	348.45
704	12	9	7.01
107	3171	4	21.2
1631	141	6	40.43
115	462	12	43.08
430	163	3	10.58
2465	13244	3	61.59
141	4360	3	22.98
840	113	3	6.75
575	152	6	29.95
483	108	4	5.55
487	2	4	6.44
13669	4468	3	65.95
208	755	4	26.29
1540	12	7	12.08
154	184	4	5.02
667	187	5	31.93
102	2684	4	10.96
149	3264	4	32.24
16	338	7	16.18
123	607	3	7.39
420	512	6	52.56
103	4819	3	12.41
101	1164	12	38.24
104	2715	11	69.68
1335	16	9	54.3
101	494	7	4
1568	122	7	41.04
963	104	4	6.6
124	2571	8	63.55
1768	14	6	8.21
102	1683	10	36.88
731	104	4	4.62
1235	14	6	4.85
3281	103	3	9.51
7337	14	4	15.8
104	300	37	113.19
697	57	3	9.12
402	169	3	11.14
368	153	7	29.25
1282	101	7	16.05
112	641	4	8.41
323	153	4	10.93
2446	103	4	12.12
124	11431	3	33.07
683	1235	3	31.51
1667	114	8	45.11
120	1505	15	111.54
945	14	13	20.92
111	1691	18	138.03
136	732	3	10.54
3986	12	4	10.26
5072	103	3	12.41
102	9847	3	17.53
10782	14	3	13.03
171	1466	5	38.7
102	2942	3	7.21
2165	12	8	22.05
177	147	24	91.2
8	1674	3	14.05
178	560	8	53.01
763	117	3	7.07
101	1393	7	17.16
101	1060	4	3.93
1060	101	4	3.93
277	117	7	10.86
212	1537	3	22.89
9	377	3	4.67
634	101	8	9.2
1653	14	9	17.96
294	162	3	7.5
10125	9394	3	69.17
108	2490	6	34.3
1660	107	3	9.75
193	1780	4	32.97
292	137	12	46.65
318	156	14	75.35
138	259	6	13.68
203	1808	3	23.43
118	416	4	6.56
2336	1364	5	73.1
113	102	785	2198.58
3169	12	3	4.69
39	2773	3	23.94
775	122	4	12.57
471	169	5	25.35
134	198	10	21.91
110	14	264	13.86
13003	4962	3	66.71
111	840	17	95.67
3630	12	3	5.48
593	14	17	19.69
2139	250	3	27.04
193	1910	3	23.36
642	107	3	4.32
133	1868	4	23.62
333	57	4	7.5
141	289	7	20.25
646	110	3	4.74
173	341	36	303.91
142	693	4	16.18
119	383	8	21.31
116	1763	5	25.14
536	107	5	9.63
1720	468	4	43.96
122	12629	3	31.67
234	404	21	189.79
204	142	7	12.88
114	104	145	107.59
939	9	7	36.39
112	580	3	4.36
133	110	161	546.35
223	1055	4	30.21
2605	12	7	20.35
243	677	9	77.47
186	552	4	21.7
126	102	311	654.8
1112	107	3	7.46
105	756	9	30.32
12	3385	7	24.63
557	102	12	19.51
867	137	3	11.57
153	578	4	16.86
121	112	59	51.45
3104	103	3	9.09
3520	16	3	17.74
85	388	3	7.95
8	406	4	8.94
188	455	3	13.5
102	1487	10	33.97
105	1890	8	41.39
312	132	3	4.03
7942	8076	4	91.91
2296	12	4	5.92
106	3206	4	21.1
132	264	10	30.4
133	404	7	25.36
230	5923	3	34.2
938	246	3	21.43
1630	124	6	36.32
116	642	5	14.3
127	8847	3	26.79
433	104	8	10.22
134	297	3	4.03
1756	112	8	45.43
132	1417	3	13.99
202	505	4	22.08
111	3520	4	23.26
550	122	4	9.69
180	162	5	9.24
6257	1576	5	89.4
285	239	6	32.36
3789	12	3	5.93
102	2073	5	13.48
182	132	5	3.94
749	14	15	20.91
722	156	3	13.31
150	672	4	17.87
660	122	4	11.34
458	183	57	619.73
102	2373	4	10.12
101	5571	7	44.7
251	112	15	32.9
127	644	4	13.29
4272	217	4	43.1
5524	109	3	18.42
1565	141	7	49.06
180	189	4	9.03
14180	5756	3	67.58
11666	13332	3	78.16
2468	157	4	31.44
185	409	3	12.5
604	150	3	11.02
59	235	8	16.01
315	16	5	7.57
101	3272	5	18.43
101	1536	4	6.36
688	12	8	4.72
2069	3335	6	102.49
4856	14	3	6.63
2710	109	4	20.23
116	464	16	70.72
115	6894	3	21.62
1514	250	3	24.67
224	160	4	8.45
411	166	3	10.73
322	1512	7	75.4
161	194	5	10.63
137	553	3	8.64
7588	12	3	10.56
888	8	3	10.06
111	7688	6	58.77
107	562	42	271.89
138	152	23	53.89
163	108	13	5.47
3878	112	5	32.94
176	948	13	116.85
867	12	7	5.21
159	213	3	4.49
183	113	22	42.26
104	2878	6	29.09
126	135	114	468.82
103	805	4	4.03
4337	114	4	25.47
394	412	3	20.13
16	154	34	74.88
391	106	7	12.95
340	12	16	5.96
103	6153	3	14.22
220	143	6	11.54
130	222	17	57.29
131	346	12	50.01
102	3940	3	8.95
865	3183	3	39.44
304	111	7	9.71
106	440	10	27.3
380	187	25	208.23
1048	128	5	24.26
2339	14	9	24.91
269	141	6	14.48
119	725	3	6.91
333	108	12	28.97
143	1101	7	44.36
2416	14	4	5.01
406	141	3	6.94
197	397	8	50.4
1904	12	5	7.48
133	128	34	62.35
500	121	5	12.65
3907	107	4	23.27
113	816	3	6.58
616	229	4	26.09
8699	14	3	10.91
1827	12	4	4.27
120	1361	4	17.03
171	202	4	8.97
5170	14	3	6.63
12908	8	3	33.13
10659	114	4	39.79
1918	468	4	44.94
1443	14	7	9.1
130	300	9	28.2
105	7553	3	19.16
1467	109	4	14.42
105	3831	6	38.32
122	6190	3	22.15
148	404	4	12.9
10273	103	4	31.5
243	660	12	110.13
273	678	3	20.22
781	101	8	12.31
127	117	27	16.89
183	167	3	3.87
928	101	7	11.57
242	289	7	40.35
424	419	8	71.23
733	14	11	9.63
134	486	4	12.05
168	132	6	4.08
135	124	13	5.65
192	159	12	43.92
146	491	5	19.8
941	112	5	16.73
9029	130	3	27.35
468	284	5	35.1
526	132	4	12.43
114	865	3	6.9
111	4322	3	16.61
110	2965	3	14.03
133	212	12	31.93
444	14	37	71.7
344	145	4	10.15
163	629	3	13.12
106	667	3	4.56
115	5439	3	19.38
3524	3508	4	69.82
141	272	7	19.17
227	102	73	187.35
139	308	3	4.6
335	21	3	7.85
102	7012	3	13.81
102	414	64	282.37
105	1069	7	25.24
1621	14	5	4.81
184	326	39	340.73
159	360	3	8.94
127	380	8	27.26
102	3147	3	7.59
1438	122	11	73.59
150	408	4	13.36
658	107	3	4.55
1677	109	4	15.7
6946	101	4	21.42
2110	14	5	6.97
3138	744	4	53.98
274	394	6	41.24
751	114	7	25.2
155	765	3	13.69
101	4301	3	9.26
548	110	6	14.69
1563	112	4	15.87
12	743	9	7.89
85	196	9	23.49
852	137	4	17.55
1416	217	4	32.68
1758	123	3	13.99
3201	12	3	4.69
140	102	146	193.37
172	140	5	4.03
559	183	6	37.41
109	569	6	14.54
6481	14	4	14
107	1114	13	71.29
111	655	20	107.46
39	328	3	9.31
1099	109	10	49.33
1317	57	3	13.14
2660	108	3	12.92
115	1058	4	13.1
119	1583	5	24.54
120	1213	3	10.3
2963	3623	7	130.65
111	406	11	32.61
105	9651	3	22.94
3902	102	3	8.95
115	4102	4	25.54
140	135	44	125.45
174	213	4	9.85
3941	14	5	13.51
139	537	4	13.47
198	727	4	25.42
195	118	47	185.21
133	623	3	8.86
110	313	11	23.54
107	7511	3	20.54
3404	14	10	41.74
142	5800	3	24.7
3395	14	5	11.79
39	307	5	19.14
133	438	6	20.81
8	3253	5	37.05
149	1173	3	15.27
575	1178	9	111.75
317	108	8	12.31
4665	14	6	21.82
354	2	7	12.93
1862	661	5	62.44
505	13996	3	50.69
1258	240	3	22.99
2857	14	4	6.13
207	490	64	759.42
5186	14	3	6.63
156	202	4	6.53
101	899	6	8.01
105	3355	10	74.72
1170	113	3	8.7
2733	277	3	29.71
12	2136	11	37.46
109	11097	4	38.57
623	1150	3	30.39
180	120	9	7.78
193	474	6	36.63
166	189	5	11.07
506	12	32	73.55
116	148	15	7.18
114	176	13	12.14
119	1356	5	22.98
470	111	6	13.01
111	180	75	301.81
1210	194	4	29.76
132	764	3	10.09
135	143	20	32
107	245	16	32.79
108	609	16	72.26
672	12	10	8.52
132	1189	22	193.44
436	129	3	6.01
115	1166	3	8.82
140	367	5	14.63
646	170	4	21.56
115	1941	3	11.85
712	106	3	4.88
2242	413	3	32.04
5850	14	5	18.78
106	4673	3	16.64
3059	101	3	7.35
102	1580	13	54.01
3758	101	4	14.11
2734	14	6	13.99
154	258	4	9.19
131	610	3	8.65
219	517	5	31.8
1359	113	5	21.05
238	130	4	4.47
2525	14	5	8.7
420	445	3	20.97
1267	3255	14	270.72
101	1345	11	36.67
105	526	5	7.65
157	197	5	10.08
543	152	4	16.2
2246	14	5	7.78
244	219	3	9.76
5531	101	4	18.08
418	174	5	24.57
8	1555	5	27.7
150	357	16	90.79
124	1918	5	30.26
9606	10	3	48.9
148	1560	3	16.91
335	110	12	30.53
315	107	12	26.32
104	627	5	6.1
105	994	4	9.63
103	223	71	208.38
1593	137	3	15.41
574	139	3	9
156	114	85	297.27
598	226	12	103.77
101	933	10	23.03
428	326	6	45.37
182	117	10	9.76
105	1640	4	13.53
142	2796	3	19.49
120	2227	8	54.93
141	4772	3	23.73
3860	111	3	16.02
107	3012	3	13.58
106	908	3	6.22
197	119	32	103.34
120	4505	3	19.21
174	124	12	19.1
1694	123	3	13.77
3393	12	3	5.06
234	140	7	15.85
120	3642	3	17.41
4159	12528	3	65.27
2	619	3	4.8
111	3078	6	38.71
349	102	22	36.56
144	225	11	33.86
103	8492	3	16.98
6729	109	5	42.82
2011	14	5	6.6
101	366	25	47.96
123	1915	3	14.44
101	695	12	24.34
12	1086	40	212.97
131	365	3	5.22
2318	125	6	41.47
101	3497	4	13.39
10322	57	3	29.22
16	4353	3	18.87
8	6069	3	23.6
1475	216	3	22.92
967	157	5	30.93
890	123	3	9.79
481	104	12	25.99
2523	12	5	10.39
248	3254	4	42.53
772	159	5	28.93
299	267	3	13.66
169	14	53	7.51
109	1724	3	10.26
165	478	4	17.58
166	102	68	81.92
134	761	4	16.06
3895	125	6	49.89
3669	340	5	61.93
135	169	7	7.54
440	1096	5	51.41
508	14	35	75.36
115	770	3	6.28
107	2433	7	41.54
540	333	3	20.33
2992	1921	3	44.38
197	378	6	33.35
229	132	5	7.1
255	159	3	6.15
233	137	26	122.19
173	281	3	8.43
205	777	3	17.88
168	163	26	117.13
3256	127	7	58.83
166	135	11	17.89
225	283	3	11.3
735	12	38	142.06
122	10365	4	42.23
2781	101	4	11.11
102	8381	3	15.35
8200	103	4	26.54
431	412	10	93.96
117	632	3	5.96
120	268	13	34.7
196	1008	6	47.3
378	148	3	7.51
107	2410	6	33.42
101	10459	3	17.27
1482	103	3	4.7
297	148	3	5.58
114	1845	3	11.34
118	301	5	6.15
141	1010	3	12.73
101	676	16	40.44
1265	12	9	16.43
180	615	6	38.13
274	187	21	145.19
212	1150	3	21.06
3646	306	3	32.4
1445	12	5	5.28
103	1135	4	6.42
126	120	39	45.84
756	2	5	14.58
124	5906	3	23.54
2978	14	6	14.79
3478	246	3	30.39
105	4443	3	15.34
101	1292	4	5.23
3203	14	4	7.06
200	551	3	15.37
116	1309	4	15.75
6479	12	5	22.81
111	3507	8	61.11
197	148	6	11.08
3624	102	3	8.45
4132	14	4	9.59
202	1936	3	23.83
262	113	7	8.14
349	135	17	86.13
193	337	3	11.53
222	16	11	20.64
111	2362	8	51.62
4945	101	5	24.04
147	415	3	7.89
714	554	3	26.42
117	7443	4	33.6
12804	103	3	23.63
122	249	10	20.58
123	1036	5	22.82
16	653	3	6.88
178	610	4	21.74
624	103	5	4.5
16	420	8	24.84
3691	101	11	68.57
1270	125	5	25.79
105	2391	3	10.86
3154	101	5	17.64
2131	14	4	4.11
9154	14	3	10.91
176	1263	5	37.54
5413	101	5	25.77
274	645	3	19.84
2467	1973	3	43.25
362	219	5	27.14
101	973	7	12.27
155	520	4	17
1140	106	5	17.62
1593	12	5	6
2334	125	4	24
205	4240	4	41.96
10167	1577	4	78.08
138	5782	3	24.45
4858	12	3	7.69
108	1775	3	10.23
2027	14	5	6.6
3534	103	3	9.98
111	2012	16	126.33
106	142	177	657.46
227	352	6	35.05
117	2630	3	14.86
496	4538	6	87.87
533	107	14	53.78
101	8314	4	24
101	884	5	5.01
3379	638	4	53.11
512	102	7	4.77
6375	14	4	14
221	325	20	159.38
102	4572	4	16.15
12	1907	4	4.5
190	1771	3	22.71
417	5993	3	39.7
686	14	14	15.65
178	680	3	15.31
128	236	13	38.26
104	3054	5	22.84
420	159	6	28.31
420	2518	3	32.74
618	167	8	52.25
319	110	6	7.21
107	226	23	54.8
111	3159	7	47.96
608	134	5	19.85
1361	109	3	8.81
116	1830	5	25.53
3563	4973	3	52.66
2491	9258	4	82.36
169	199	6	17.05
109	4124	4	24.26
470	9	3	6.12
1853	109	3	10.7
132	776	3	10.18
564	21	3	11.6
5243	1488	4	65.18
5937	3107	3	53.59
358	385	3	18.53
869	14	21	49.37
11449	104	3	24.97
59	539	7	27.65
102	3151	3	7.59
302	112	10	19.87
1408	107	16	105.74
393	109	4	4.2
3134	130	3	19.14
149	325	4	10.63
513	272	4	26.61
389	112	4	4.58
103	1926	5	15.15
102	4311	5	21.78
1110	108	5	17.41
111	8276	3	22.68
3350	13719	3	63.62
121	195	29	91.03
122	2172	3	14.34
105	849	3	4.78
3187	14	4	7.06
59	744	4	14.48
105	1120	4	10.58
101	661	22	68.91
719	180	4	23.65
7510	252	4	51.96
101	2262	3	5.47
190	456	5	28.06
172	359	3	10.48
321	155	6	22.41
255	121	6	7.47
2649	14	6	13.27
137	258	7	17.69
227	120	14	31.78
109	1036	4	11.59
111	1761	13	88.91
1725	170	6	50.97
141	1057	5	26.98
436	121	5	11.17
1102	103	4	6.12
105	15365	3	27.41
115	4535	3	17.78
11716	8465	3	71.43
9416	57	3	29.22
142	7911	4	42.02
2147	14	5	7.36
838	155	3	14.35
57	16	20	9.37
923	111	7	27.62
8919	114	5	49.74
1541	166	3	19.46
935	106	4	10.63
207	510	10	75.01
212	1634	4	33.5
105	8121	4	31.57
548	125	3	7.1
574	200	5	31.25
103	301	20	30.77
102	433	10	8.88
105	2638	3	11.51
4773	246	3	32.97
130	1228	5	26.88
103	1023	7	16.6
185	356	7	37.85
251	195	5	19.7
217	12	78	125.42
3795	6875	3	56.35
105	4981	4	24.29
4287	14	6	20.23
193	224	27	185.44
107	1969	9	54.03
111	425	7	15.51
108	3205	4	21.31
4999	122	5	40.46
115	1043	4	12.93
145	630	8	42.67
2814	14	4	6.13
346	1939	3	29.39
107	487	11	35
138	4321	4	32.3
1010	351	3	25.19
140	120	31	40.16
6329	12	3	9.41
108	3866	5	31.97
8843	1391	3	50.96
147	268	4	7.91
170	356	8	42.32
114	302	9	17.17
13102	12	3	18.6
5580	14	3	7.39
110	423	4	5
135	265	8	22.22
133	1020	4	18.39
196	135	24	91.89
107	125	51	48.17
164	158	5	6.15
1210	1455	3	36.41
1936	103	3	6.15
4778	183	3	29.66
732	103	5	5.91
154	136	55	225.9
117	11155	3	26.42
12	866	8	7.47
187	128	6	5.68
149	211	28	141.24
2436	1354	3	40.61
863	332	9	91.7
4239	14	3	5.43
8808	11698	3	71.43
127	273	5	8.44
101	3858	3	8.71
4606	14	4	10.43
1045	111	3	7.61
10675	12	3	14.19
3674	14	3	4.5
294	135	7	19.73
119	283	9	18.46
330	129	4	7.37
9470	10735	4	101.92
107	387	6	9.48
109	651	3	4.53
409	125	4	9.11
111	581	12	47.51
734	113	3	5.94
107	7639	3	20.54
146	106	23	12.15
527	148	4	15.21
236	265	4	17.33
204	764	4	26.05
816	130	3	10.45
176	559	3	13.85
418	266	5	32.63
102	4429	3	10.12
158	39	4	4.37
102	573	16	35.5
104	851	9	25.79
355	345	5	34.24
239	121	6	6.35
181	464	3	13.06
285	160	8	33.65
131	2391	3	17.39
1082	108	4	12.03
154	372	9	43.81
12	410	13	5.86
216	1443	15	168.75
221	211	3	8.39
1571	162	12	114
520	214	3	15.72
7785	112	4	34.32
178	493	5	26.89
1192	122	7	36.78
6164	103	3	14.22
104	6348	3	15.53
101	5946	4	19.56
102	542	9	10.02
103	157	27	5.33
667	675	3	27.4
1845	14	11	29.16
102	773	5	4.28
2247	113	5	26.79
8058	1102	3	49.39
341	185	5	23.09
2398	12	5	9.89
57	1089	3	11.84
392	107	4	4.09
381	102	11	8.57
107	344	5	5.17
289	2090	4	40.1
294	102	16	12.18
119	320	11	29.9
2754	8	5	34.72
1722	9	4	21.45
254	145	4	6.87
107	1241	7	30.67
116	2232	4	20.27
101	9552	3	17.27
369	290	3	16.27
14365	9	3	33.16
111	534	8	23.54
180	839	4	25.13
105	3486	5	28.53
187	110	13	13.3
2555	12	5	10.39
253	1143	3	23.01
1171	14	7	6.74
154	101	259	797.47
12	177	133	235.76
105	2099	6	28.78
101	555	23	63.78
1704	14	15	48.48
178	1069	3	18.28
2007	112	6	32.25
102	4202	4	15.25
102	2714	5	16.65
12	1785	4	4.27
280	117	5	5.37
248	1630	5	47.1
105	708	4	6.98
102	336	22	34.29
1559	468	9	113.6
102	5041	4	17.2
2405	125	4	24.42
1016	109	4	11.59
119	1187	3	9.81
171	259	7	29.1
119	3561	3	17.05
1008	14	15	29.93
1239	9824	4	75.91
101	11844	3	21.71
206	248	6	26.22
410	137	9	39.01
3733	106	3	15.39
111	988	22	147.4
476	14	36	73.08
111	5935	6	53.04
670	290	3	20.68
8196	57	3	27
2955	8	3	17.79
682	287	3	20.63
118	145	14	4.44
200	14	38	6.37
175	198	3	5.3
196	102	28	16.29
122	9436	4	42.23
633	111	11	43.63
101	1105	4	4.18
2109	103	9	40.65
131	1120	4	19.04
605	12	9	4.99
103	679	16	49.74
271	492	5	35
3690	14	3	4.5
898	168	3	16.12
9	12	172	62.7
511	148	3	9.61
3604	109	4	22.67
991	230	3	21.12
142	15352	3	35.26
189	143	9	19.53
188	2142	4	34.4
3644	14	3	4.5
106	568	5	10.22
8	11132	3	28.64
119	2941	3	15.69
2631	109	3	12.95
122	10237	3	27.18
138	1112	5	27.19
116	286	9	18.09
4738	2299	3	48.72
120	3227	8	62.97
142	1993	3	17.29
116	4216	3	17.89
2120	106	4	17.38
223	121	14	30.9
5295	183	3	30.53
101	1041	15	50.75
104	1228	11	45.42
131	2638	3	18.07
102	3615	5	19.72
12371	59	3	33.39
2460	101	11	54.2
214	163	4	8.15
123	213	18	53.4
5834	14	5	18.78
584	16	5	14.85
492	138	3	8.01
2526	134	3	18.09
728	106	3	5.02
102	835	6	7.59
126	495	5	15.44
145	8912	5	59.56
954	111	3	7.18
1779	103	5	14.01
128	203	10	19.71
966	106	3	6.62
107	2044	6	30.93
133	828	8	44.57
113	120	125	267.49
1159	16	3	10.33
142	3402	3	20.77
5125	14	6	23.71
103	10760	3	19.17
133	2221	3	16.95
323	701	3	21.84
6127	104	3	15.53
111	1126	7	30.56
197	219	3	7.66
117	1021	3	8.87
203	1526	3	22.37
463	103	13	24.28
101	8476	3	15.09
141	645	3	9.87
230	184	10	47.5
4255	14	7	26.66
1012	507	4	39.84
2897	697	10	156.69
195	314	3	10.78
163	224	8	27.39
164	348	4	14.25
132	2633	3	18.13
132	142	53	163.78
111	796	4	10.15
368	391	3	18.86
432	352	3	19.35
117	5599	4	30.17
1542	102	6	14.42
2069	1576	5	73.69
292	114	5	4.6
707	110	3	5.31
264	1630	3	25.72
115	5506	3	19.38
120	365	28	143.34
111	7858	4	34.19
855	391	3	25.01
198	380	3	12.64
690	112	4	9.03
654	149	15	106.78
341	116	14	46.25
3542	7016	3	55.8
101	1088	4	4.05
482	253	3	17.01
102	5410	3	11.65
718	14	10	7.02
994	188	3	18.81
8	1614	8	53.75
1230	104	3	4.82
45	193	7	23.24
160	198	4	7.11
102	527	24	67.64
1531	107	3	9.37
104	2148	11	61.41
105	172	22	23.89
3651	143	3	21.6
16	563	5	14.45
151	153	6	4.55
1194	107	4	12.81
108	514	4	6.06
321	246	3	13.34
881	104	5	9.22
474	114	7	18.06
106	547	5	9.78
108	809	3	5.75
136	6175	4	37.01
108	1143	4	12.54
135	323	3	4.69
1342	14	8	11.08
223	147	4	5.74
6086	8	7	77.32
235	142	14	50.13
113	352	11	29.44
114	220	14	24.59
142	1149	3	13.72
205	437	8	52.79
12	11343	4	24.8
120	5526	3	20.82
306	14	33	26.68
361	109	11	27.26
3476	170	4	37.3
633	127	5	18.53
997	122	4	14.82
2467	144	3	19.17
689	116	5	15.12
8	2140	7	49.92
101	6361	4	19.56
103	2115	3	6.6
821	112	14	72.1
101	2911	8	36.16
189	124	20	57.21
127	1469	5	27.98
1143	157	3	16.58
221	358	18	145.09
793	14	15	22.49
12129	9	3	33.16
335	159	4	13.31
104	685	17	62.58
281	137	4	7.1
2106	101	3	4.99
870	218	12	113.77
244	501	5	33.33
588	14	23	38.3
101	6780	3	13.56
1142	110	3	8.12
105	1694	4	13.8
101	875	17	55.12
105	1401	3	7.6
12	746	54	264.01
3172	12	3	4.69
208	140	5	6.6
163	171	4	5.36
706	460	3	25.11
2	3503	10	84.81
1554	14	8	13.16
4768	125	3	21.07
116	1272	4	15.54
561	104	8	14.14
104	10240	3	20.5
140	101	53	5.05
1155	14	18	48.84
162	532	4	18.14
161	2633	4	32.53
2057	172	7	65.1
236	123	5	5.59
203	336	7	39.18
147	386	4	11.86
2091	14	4	4.11
467	9	54	434.91
111	413	27	129.83
429	102	22	47.95
277	578	3	19.13
150	3198	6	53.51
2459	103	3	7.68
101	3121	8	37.56
103	1873	11	51.81
3313	12	4	8.97
57	402	3	5.64
453	112	5	9.06
13	267	6	16.75
6625	14	5	20.87
10785	14	3	13.03
149	3293	4	32.24
126	201	5	3.97
155	1469	3	17.97
1239	5737	7	127.4
101	7740	4	24
928	102	10	23.8
102	212	59	114.1
932	14	24	68.51
754	109	8	28.85
5104	12	5	19
135	123	19	16.08
405	460	3	21.14
9054	8073	5	125.17
300	2346	3	29.43
1765	14	7	11.51
3805	103	4	16.54
772	110	6	19.07
116	5080	3	19.3
255	110	8	9.26
109	300	9	14.77
107	1055	15	85
914	377	3	25.18
4558	1276	4	62.67
1286	109	3	8.5
115	3821	3	16.53
231	104	17	16.73
342	171	3	10.03
319	147	5	14.02
257	196	8	39.65
506	103	6	4.85
319	3241	3	31.74
3467	28	14	276.65
1545	12	6	8.71
562	144	4	14.7
116	152	240	1360.75
114	182	23	46.33
117	2097	4	20.18
2211	14	6	10.85
103	8982	3	16.98
102	9098	3	15.35
261	215	3	10.35
1180	12	8	11.83
136	1248	3	13.98
106	2344	4	18.57
710	197	6	42.66
115	1161	5	19.68
1040	187	4	27.69
743	4958	4	59.01
533	684	17	210.05
344	8	8	24.21
1244	168	3	18.27
1734	103	4	9.48
302	16	7	13.96
1837	1969	3	40.98
1017	106	23	153.11
7062	12	3	10.56
353	118	10	28.52
5637	11903	3	67.58
248	901	4	30.52
1715	482	3	31.03
101	467	20	42.39
131	456	12	59.1
5869	14	3	7.39
338	118	5	7.63
4636	114	5	35.95
429	135	6	21.42
16	929	4	14.24
152	148	9	10.84
845	113	6	21.3
1509	103	3	4.7
102	2538	4	10.52
103	564	7	8.5
928	135	6	32.08
542	523	4	34.3
101	5214	3	10.58
159	962	3	15.79
740	144	3	11.25
197	2570	6	61.12
173	490	7	41.81
5157	14	6	23.71
112	1374	3	9.32
3862	107	3	15.46
171	397	3	11.35
563	224	3	16.69
110	1006	3	7.29
132	321	4	7.56
149	1170	3	15.27
102	623	25	82.67
101	1803	6	15.97
251	175	5	17.19
105	6953	3	19.16
281	12	19	4.78
358	111	7	12.57
105	1366	3	7.45
101	904	7	11.13
130	546	4	12.49
101	2884	3	6.98
103	1462	3	4.55
102	1339	4	5.67
101	2511	3	6.01
895	12	15	31.17
751	148	5	25.25
238	704	3	19.04
125	163	28	75.16
489	492	6	54.36
2589	3310	7	127.06
286	145	12	48.89
2	429	7	16.22
6609	14	3	8.3
114	672	3	5.45
105	8450	5	45.69
170	315	3	9.02
109	1134	3	7.81
4530	130	3	21.9
2	1324	8	40.83
163	127	7	4.08
111	3519	4	23.26
247	289	3	12.53
102	1285	12	41.87
154	541	5	23.08
484	21	3	10.52
4400	3300	8	163.62
105	1447	3	7.77
586	114	6	16.65
2795	12	3	4.05
2466	111	3	13.05
7679	14	5	23.73
556	275	3	18.79
1262	14	8	10.36
104	636	21	82.88
159	442	3	10.52
6283	101	4	19.56
7308	14	3	9.43
102	3029	4	11.93
101	3961	3	8.71
102	669	10	17.05
16	432	5	11.63
121	664	5	15.8
123	300	6	12.25
2494	12	4	6.62
1377	140	4	21.93
406	122	8	24.49
2992	3858	3	49.23
642	112	3	4.85
2636	1206	7	108.99
682	153	3	12.06
143	1061	4	20.32
115	3573	3	15.99
400	162	3	10.11
320	2920	4	44.44
2651	103	3	8
342	127	3	4.24
540	290	3	19.06
111	2583	3	13.39
120	3379	5	34.1
3659	12	5	14.41
468	262	13	114.17
205	558	6	39.6
6423	14	4	14
110	837	5	15.05
902	57	4	16.51
211	2775	3	26.93
16	191	12	19.42
176	142	8	12.39
126	101	136	96.08
105	2173	3	10.28
4401	12	3	7.03
14283	14	3	17.41
103	470	9	11.56
545	104	5	4.9
9305	8	3	28.64
338	164	4	13.91
397	5688	3	38.38
101	688	43	209.12
8051	109	3	22.23
102	8223	3	15.35
2672	12	5	10.93
312	139	4	8.09
178	211	9	36.16
246	1567	10	109.35
104	2881	6	29.09
185	205	3	6.19
357	252	11	82.56
5141	14	4	11.42
16	160	24	45.73
211	956	11	103.39
554	535	3	24.25
122	4506	7	61.72
6175	104	4	23.83
340	103	9	5.9
4638	14	3	5.99
12	215	51	44.77
102	1526	4	6.64
1329	12	12	30.08
351	103	10	8.67
2039	16	4	20.82
3068	122	3	16.78
292	481	5	35.74
293	105	7	5.9
108	346	30	130.06
137	316	5	12.14
107	1457	11	63.22
110	818	5	14.89
834	111	3	6.33
2514	9	3	16.72
169	118	25	52.7
105	10420	3	22.94
204	16	6	4.36
114	138	20	7.5
110	509	4	6.4
9090	14	3	10.91
750	507	5	48.83
1506	106	3	9.13
101	2774	4	11.11
101	921	16	52.26
125	85	12	9.23
122	4296	3	18.86
122	2684	3	15.6
104	7020	3	16.75
2737	109	3	13.31
101	3271	3	7.76
102	2349	4	10.12
1334	125	8	50.24
632	144	4	15.81
104	607	9	19.31
101	1539	10	33.83
103	243	18	15.4
420	128	7	24.13
688	103	9	18.23
260	168	9	39.93
677	106	4	8.09
107	1911	4	16.45
113	230	7	5.85
115	327	16	50.99
39	257	5	16.75
264	901	6	52.38
112	5043	3	18.11
411	163	3	10.29
801	125	7	33.82
107	759	13	59.42
109	528	11	37.37
108	146	19	6.71
399	271	4	24.17
6396	12	3	9.41
268	222	9	51.51
115	3092	3	15.05
141	1570	3	15.6
109	3261	5	30.11
192	1067	3	19.57
165	374	4	15.21
9563	101	3	17.27
1731	12	5	6.84
120	1809	11	78.66
464	311	4	27.03
117	762	43	354.45
855	120	3	8.14
107	894	9	37.51
1212	12	9	15.59
111	3358	5	30.86
108	789	24	146.32
4340	14	9	42.03
331	294	3	15.43
175	108	39	95.57
101	2899	3	6.98
929	2022	24	451.31
575	148	9	50.58
181	12	40	8.03
511	12	37	97.89
12	150	340	830.52
101	2252	4	9.43
2826	217	4	38.98
3457	3528	4	69.12
365	1445	3	27.83
5873	112	3	18.97
2352	123	5	32.38
731	1834	5	63.13
385	118	14	52.26
13399	103	3	23.63
102	4942	4	17.2
256	141	10	32.15
4823	593	3	40.4
1398	12	10	22.42
115	1805	5	24.26
120	2331	4	21.54
2445	14	10	31.45
528	827	3	27.08
535	155	3	11.19
882	103	4	4.52
405	252	5	31.45
102	11194	3	17.53
2846	14	10	35.8
3936	14	4	8.84
520	16	3	5.48
5770	14	4	12.58
8	1468	5	27.38
151	135	8	4.99
2888	104	4	15.68
3887	14	5	13.51
158	16	12	9.18
102	808	19	64.35
9015	114	4	34.8
101	2458	5	15.05
249	914	3	21.24
102	1142	8	19.11
1603	1001	3	35.76
305	106	10	17.95
253	1623	3	25.25
101	1100	4	4.18
6484	14	3	8.3
151	102	38	4.04
755	122	3	7.74
124	7727	3	26.36
490	2531	5	62.32
556	14	30	61.1
1776	1285	5	69.3
105	872	4	8.57
1977	493	3	32.45
102	1982	3	4.98
1056	14	7	5.38
350	132	3	5.08
277	116	5	4.94
2594	7011	3	53.63
149	680	4	17.82
103	1492	5	12.41
12	375	66	202.08
130	685	8	40.18
643	110	4	8.17
2326	138	3	17.89
230	2568	3	27.56
1124	14	8	8.78
1223	145	16	137
260	306	3	13.57
2806	125	12	112.43
111	2194	3	12.14
110	104	78	5.34
106	1668	6	27.85
107	5233	4	26.13
1586	14	6	7.19
4452	106	4	24.96
39	13	5	4.92
14331	14	3	17.41
1159	112	3	8.31
119	4071	3	18.18
104	1649	4	10.55
103	1287	3	4.01
312	233	4	18.93
4022	12	3	6.45
213	5593	3	32.22
106	11123	3	24.25
85	2217	4	28.22
924	109	3	6.58
155	132	10	10.25
1141	9	18	140.85
101	826	6	7.2
1748	101	5	11.17
279	4513	3	33.43
215	102	21	9.41
158	3068	3	23.31
397	153	3	8.49
104	295	10	7.93
357	145	3	6.37
1463	101	4	5.95
119	1966	3	12.89
716	139	3	10.5
115	4887	5	37.52
107	3211	6	37.58
7631	14	4	15.8
133	4982	4	33.47
412	104	13	25.98
2446	12	4	6.26
640	114	7	22.68
108	3614	4	22.62
432	101	33	96.37
115	639	5	13.12
1962	102	3	4.77
741	110	3	5.6
116	1446	9	53.07
380	326	4	25.61
136	6428	3	25.38
139	117	19	9.77
108	2924	5	28.46
165	2123	3	21.33
5072	12	4	12.89
2350	109	3	12.29
102	4182	5	21.78
4870	122	3	20.28
245	520	3	17.3
122	4557	3	19.53
555	215	3	16.29
397	184	3	12.22
2043	118	5	27.17
101	6176	3	12.37
2830	14	9	29.64
101	780	22	77.64
105	1240	8	33.74
1830	12	10	27.97
124	2612	12	109.46
9	161	13	17.12
102	3319	6	25.25
12	166	45	4.57
103	6079	3	14.22
1917	12	5	7.48
6611	992	5	84.28
842	105	9	32.59
3863	109	4	23.42
196	113	9	6.92
108	772	8	29.01
141	6479	3	25.62
120	907	7	31.49
466	143	3	8.15
114	313	12	29.54
301	111	9	15.89
117	3805	3	17.52
107	1828	7	36.65
133	319	3	4.28
674	16	3	7.02
113	620	3	4.91
650	135	4	14.82
241	155	3	5.11
341	205	5	24.87
156	286	3	6.59
388	121	7	18.07
103	5513	3	13.24
3031	14	5	10.39
184	187	34	218.96
2528	14	5	8.7
7585	12	3	10.56
4358	183	3	28.9
155	1311	3	17.26
105	2636	4	17.77
3592	102	4	13.72
108	1623	4	15.39
7383	103	3	15.43
191	195	24	147.03
108	3338	4	21.94
234	2421	3	27
114	551	6	15.71
104	10337	3	20.5
103	9100	3	16.98
685	12	9	6.68
117	245	11	21.95
254	59	12	35.67
290	118	51	282.52
373	16	5	9.84
5853	14	4	12.58
119	340	4	4.83
113	201	32	92.54
204	544	4	22.95
170	132	9	12.32
146	124	18	20.74
3922	6068	4	77.08
112	119	312	1153.54
769	109	3	5.46
112	2597	3	13.48
507	132	13	69.72
773	112	3	5.93
117	1419	3	10.8
119	1649	4	18.05
431	2481	3	32.96
4038	12	3	6.45
531	325	4	28.91
465	14	54	155.81
1479	101	5	9.64
106	1053	5	16.54
5268	12	3	7.69
982	516	3	28.06
108	1022	13	69.12
437	112	5	8.53
7340	14	3	9.43
208	226	5	18.52
179	716	3	16
241	196	8	37.67
784	282	15	158.73
720	134	6	28.24
154	352	3	7.91
102	1224	6	11.9
247	104	10	4.41
666	217	12	105.57
12	2032	5	8.19
101	4139	3	9.26
1781	14	8	15.19
101	5629	4	18.08
5088	12	7	34.05
197	9922	4	55.99
153	117	41	89.25
2965	12	3	4.35
102	4794	3	10.83
128	114	163	547.69
104	2929	4	15.68
6830	104	3	16.75
115	3504	3	15.99
139	188	5	5.2
138	575	8	39.16
6455	14	3	8.3
4455	103	4	18.28
1825	157	4	28.37
430	116	5	10.13
374	127	19	97.02
325	132	7	20.6
111	1025	17	103.78
638	14	19	28.21
323	162	3	8.15
108	1213	5	18.34
376	156	10	52.61
119	3570	6	44.1
103	12812	3	23.63
102	2397	3	5.95
153	380	3	8.06
1027	151	5	29.56
101	3870	3	8.71
104	2492	6	26.65
101	4797	4	16.86
1051	1494	4	50.01
102	3280	3	8
111	12263	3	29.38
148	475	4	14.25
1673	655	6	75.98
4476	12	3	7.03
131	2173	3	16.79
482	104	5	3.88
4332	12	5	16.39
1166	1383	16	259.23
85	151	10	14.04
16	1351	4	17.46
1105	145	3	13.9
105	4116	3	14.69
103	8087	3	16.98
105	7327	3	19.16
102	695	14	33.53
127	613	5	18.19
4206	118	3	18.11
1298	122	4	17
1373	116	6	29.29
178	413	3	11.9
2008	14	4	3.85
184	246	8	36.22
4304	1493	3	45.17
102	2340	3	5.69
113	239	7	6.33
109	1160	4	12.77
222	132	7	12.81
771	216	5	36.19
260	159	4	10.49
675	183	25	246.6
1241	164	4	26.05
224	162	3	5.03
144	236	16	63.66
119	1814	3	12.42
140	2536	4	27.39
122	9809	3	27.18
379	267	3	15.74
1520	101	11	39.58
503	14	12	4.91
1907	114	6	31.88
567	149	4	16.18
163	102	32	6.29
1147	3360	3	41.86
1310	636	4	44.29
174	14	64	23.55
119	917	14	82.7
101	3468	6	24.74
8686	12	3	12.05
159	199	5	10.69
104	900	11	37.49
183	9	25	78.86
863	107	5	14.66
122	505	18	93.37
1674	218	5	45.3
9605	6337	3	64.11
150	126	19	27.8
890	104	4	5.99
131	1233	3	13.12
102	933	8	15.69
991	9	4	16.71
12	223	55	58.33
762	4021	3	40.69
1708	116	3	11.71
121	3935	4	26.63
302	877	4	32.8
284	104	9	5.32
269	153	3	5.34
342	102	13	10.26
6602	917	4	63.69
6666	14	3	8.3
642	132	7	32.43
114	944	5	17.29
473	501	3	22.73
768	181	3	16.5
834	102	5	4.95
193	593	9	67.48
111	2617	3	13.39
857	14	16	28.25
147	162	7	8.13
104	8298	3	18.3
528	122	6	18.47
646	12	9	5.78
229	16	12	26.04
2839	217	3	27.3
3701	14	3	4.5
3568	697	3	39.01
257	118	21	70.01
2086	103	3	6.6
710	148	4	17.97
1350	161	3	18.11
147	189	7	13.28
114	106	73	48.16
115	753	11	50.24
259	268	6	32.94
2605	110	5	27.71
145	105	45	46.25
114	962	6	23.14
2337	217	3	25.93
103	836	5	6.99
126	108	83	143.77
154	1628	6	45.21
1594	12	13	40.09
719	1809	4	48.38
105	6413	3	17.94
221	1126	6	51.46
105	742	4	7.36
3149	101	9	45.28
627	103	14	37.01
238	205	3	8.73
149	1062	4	21.78
340	128	3	4.3
124	6707	3	24.78
2115	12	5	8.57
4882	14	3	6.63
230	5921	3	34.2
104	14431	3	24.97
133	390	8	30.19
324	170	9	47.14
2268	101	3	5.47
1077	113	3	8.2
114	400	4	5.22
117	1748	4	18.52
120	1123	5	21.52
170	322	4	14.43
6665	12	3	9.41
200	546	7	47.69
595	113	4	8.25
202	6352	5	61.87
163	135	8	8.17
2	1317	4	14.64
738	12	20	44.85
7832	103	5	39.38
104	9471	4	33.29
102	1292	12	41.87
102	3518	5	19.72
85	115	20	14.31
9336	101	4	28.95
103	273	24	38.73
104	3117	5	22.84
281	173	9	44.17
10274	1438	4	77.29
4807	2658	4	70.48
2374	3484	13	274.69
1050	120	3	9.39
158	215	4	7.74
102	676	18	51.2
1909	14	9	20.62
2232	125	4	23.59
5507	902	5	80.88
170	264	3	7.71
133	621	3	8.86
110	323	8	13.55
112	226	7	4.83
448	172	4	18.6
317	102	19	21.46
3374	12	8	31.03
104	350	62	293.35
177	305	3	9.23
337	14	62	137.18
8	3251	6	47.21
16	714	3	7.45
5257	12	5	19
154	1132	4	23.43
128	225	5	5.81
3928	12	3	5.93
208	119	56	251.96
488	116	3	4.32
8	4370	4	30.77
149	781	4	19.04
206	101	57	96.09
114	897	3	7.09
796	123	6	26.36
110	2996	3	14.03
2	925	8	34.4
7410	14	3	9.43
3831	161	4	36.3
2536	12	4	6.62
836	114	6	21.24
119	598	6	19.1
1281	1241	4	50.34
1314	122	5	23.81
101	12867	3	21.71
154	248	7	22.09
129	236	25	105.49
784	450	3	25.53
457	137	3	7.5
657	145	7	36.47
184	1887	3	22.58
1678	104	4	10.81
159	14	80	24.42
127	145	11	5.63
1165	142	3	13.86
555	145	3	9.4
519	14	22	28.92
102	884	12	31.16
105	524	14	47.39
102	2872	4	11.93
104	2625	4	14.66
865	122	3	8.53
101	632	6	4.44
218	12	30	8.36
207	4269	5	55.53
457	12	29	54.57
124	1051	4	16.91
1467	103	3	4.55
2487	101	3	6.01
12	301	25	16.61
101	433	8	4.36
105	1977	3	9.77
2937	2898	3	47.28
159	138	7	5.92
12	1451	5	5.28
101	1312	7	16.41
745	108	3	5.29
119	1325	3	10.55
147	120	19	15.76
231	3967	3	30.34
2635	122	3	15.6
1958	12	4	4.75
111	211	34	105.26
112	7181	6	58.97
7474	118	3	22.63
2	8	24	5.42
122	12883	3	31.67
206	136	31	140.66
173	215	5	14.57
143	1021	15	117.89
107	6623	4	28.9
109	2741	7	44.63
227	108	16	28.89
102	2262	8	31.37
281	129	4	5.72
5935	14	3	8.3
159	370	3	9.17
8442	101	3	15.09
317	135	3	4.52
102	661	21	65.38
190	180	7	23.19
155	764	3	13.61
2161	101	5	13.53
102	6043	3	12.62
180	146	7	11.73
2700	419	3	33.47
179	528	5	28.11
1567	103	3	5.02
182	175	4	7.92
305	313	3	15
130	9026	3	27.35
1993	113	3	11.98
174	182	5	11.78
118	479	6	15.78
779	121	7	28.98
6545	144	3	26.13
1116	12	7	8.25
4405	112	4	25.94
2168	109	3	11.71
140	108	60	102.32
142	1582	5	31.53
115	252	9	13.15
1253	113	4	14.4
102	8567	3	15.35
109	1901	8	45.34
2099	12	4	5.3
349	160	3	8.8
324	940	3	23.99
193	2669	4	36.85
1386	59	6	34.95
147	379	12	60.57
8640	14	3	10.91
715	144	3	11.09
115	1072	7	31.07
8073	684	3	46.08
909	163	3	15.59
973	6035	3	45.79
943	125	5	22.65
137	111	27	16.54
3635	14	5	12.6
2683	110	3	13.28
112	387	10	26.63
109	4010	3	16.16
226	1281	5	42.76
106	7841	3	22.04
107	5728	5	37.48
1574	1113	5	66.38
119	3579	3	17.05
614	12	10	7.03
2083	12	5	8.57
5057	172	3	28.84
2497	122	4	22.83
122	407	8	24.49
280	130	9	26.43
101	1891	3	4.37
1299	158	4	25.59
1842	322	3	28.05
988	520	4	40.07
244	121	7	9.44
3997	114	6	43.14
12	194	31	4.42
101	4429	3	9.88
104	1394	4	9.39
101	2972	4	11.61
3618	101	5	19.3
136	8756	3	28.2
2152	109	3	11.71
4790	101	3	10.58
106	7270	3	20.47
3983	14	3	4.93
146	118	63	167.65
940	12	6	4.09
10977	16	3	27.19
1995	2	3	11.85
145	590	3	9.87
6511	125	3	23.71
947	106	24	158.69
320	180	8	41.56
111	3587	5	31.77
6633	12	3	9.41
1003	168	3	16.91
116	1970	8	50.7
713	135	3	10.13
110	3982	4	23.87
195	222	3	7.68
138	296	9	30.52
409	12	14	7.51
102	3858	3	8.95
3511	101	5	19.3
14192	12	3	18.6
275	108	11	19.18
518	136	6	24.32
6822	103	3	15.43
1070	12830	3	55.98
101	4148	3	9.26
103	866	4	4.42
726	103	5	5.81
104	2936	6	29.09
184	155	9	24.57
128	121	22	10.93
5112	14	3	6.63
45	133	8	11.01
720	110	9	34.53
11622	3781	3	64.67
4671	118	5	37.71
2052	102	3	4.98
103	3176	3	9.09
216	1461	3	22.74
4210	16	3	18.87
105	1816	9	48.25
2040	14	9	22.18
1018	101	7	12.76
59	5507	3	22.85
103	5785	4	20.57
1330	122	4	17.22
311	123	7	16.51
208	4993	3	31
8	1722	5	29.13
153	142	10	10.61
2219	12	5	8.98
7609	14	4	15.8
102	2153	3	5.44
128	147	11	6.73
102	555	23	65.62
9066	12	3	12.05
103	177	42	49.11
4300	12	4	11.02
108	9563	4	38.53
1719	419	7	83.77
1221	101	5	7.95
114	758	3	6.16
144	45	6	7.62
143	1359	4	22.51
113	172	14	13.94
170	112	29	57.95
6813	4104	4	79.86
1156	522	3	29.17
59	13290	3	33.39
471	14	41	94.29
260	225	3	10.65
222	315	3	12.04
134	153	8	4.91
3223	111	3	14.55
6388	14	3	8.3
4044	12	3	6.45
197	2750	3	26.17
318	116	6	9.34
1001	14	12	18.84
118	368	5	8.51
232	156	6	16.91
559	339	3	20.79
110	3168	6	38.49
290	124	4	5.44
1275	134	5	27.95
2033	107	4	17.12
150	323	3	6.42
124	1529	10	70.69
4630	12	4	11.89
101	7602	3	13.56
101	3545	3	8.21
238	234	5	21.89
8	514	3	6.6
1162	4495	5	80.64
131	4774	3	22.77
101	542	14	24.78
12	157	69	20.06
13290	57	3	33.71
3890	103	3	10.49
851	104	7	16.7
568	132	18	113.95
108	534	12	42.94
119	7137	3	22.7
14364	9	3	33.16
173	116	27	62.2
14302	1730	3	59.1
119	539	5	12.84
2142	535	3	33.52
5820	175	4	42.69
175	201	3	5.33
118	132	25	17.11
644	218	6	43.51
163	593	3	12.78
139	156	11	15.08
112	721	18	96.79
136	3639	3	20.93
301	102	20	22.33
402	14	43	86.65
143	1563	8	59.65
112	344	5	5.98
325	112	5	5.29
785	12	11	13.79
101	835	8	13.38
104	1442	6	19.13
483	135	3	7.57
4387	9	6	52.91
103	2377	3	7.39
159	313	4	12.28
131	5442	3	23.63
2455	101	3	6.01
155	3248	5	45.07
2288	104	3	8.31
12	1846	18	78.06
102	1041	19	76.27
16	307	4	4.49
2316	101	3	5.47
1456	12	5	5.28
107	1606	7	34.5
258	2198	3	27.45
468	103	6	4.16
119	1975	4	19.91
237	184	4	12.25
5275	101	3	10.58
2474	112	3	13.15
2269	14	5	7.78
1176	135	3	13.35
107	5178	5	35.72
2787	14	7	18.72
371	372	3	18.51
173	166	5	9.23
107	6562	4	28.9
4757	14	3	5.99
1296	995	3	34.48
317	316	3	15.36
891	135	3	11.55
480	146	3	8.78
102	4537	6	30.7
131	1703	7	47.87
103	105	149	20.11
121	484	3	4.73
7268	161	5	59.04
305	138	9	31.13
285	135	8	23.9
101	2488	3	6.01
313	129	6	14.03
2102	103	3	6.6
241	118	11	21.17
228	121	6	5.56
3391	139	3	20.56
371	136	3	5.98
101	8473	3	15.09
330	161	4	13.26
115	1582	3	10.57
142	252	5	9.74
645	187	9	67.54
4016	9	3	20.34
134	184	5	4.31
321	1147	3	25.1
114	476	4	6.44
113	108	176	357.85
2148	112	9	58.89
882	128	5	22.35
377	1101	4	37.64
109	716	3	5.1
133	1144	3	12.85
115	1565	3	10.57
711	117	3	6.7
8900	12	3	12.05
7692	14	4	15.8
2	5358	7	63.15
111	1143	22	156.3
1337	14	6	5.53
6183	103	3	14.22
616	357	7	63.51
117	1635	3	11.72
191	117	13	20.04
136	1461	4	22.1
818	102	5	4.83
101	1360	4	5.58
190	1412	3	21.32
127	544	4	11.8
5178	103	3	12.41
103	931	5	7.99
59	131	20	18.36
826	112	3	6.41
690	116	3	6.29
103	1521	3	4.86
12	349	150	785.83
155	667	3	12.8
102	1956	3	4.77
130	350	6	17.09
285	102	19	17.85
104	3532	5	24.55
277	145	7	20.53
182	267	5	19.37
5235	949	5	79.88
134	466	6	22.21
676	101	12	23.76
110	360	15	47.29
113	365	5	6.96
113	708	4	9.66
263	126	16	57.88
2056	14	8	17.69
704	110	3	5.24
374	204	3	12.78
137	171	6	5.96
115	2002	3	12.1
173	185	8	25.87
142	2904	5	38.96
3561	2	3	15.74
118	177	22	45.21
257	220	4	16
828	123	3	9.41
133	1386	5	28.75
108	796	13	61.46
487	14	36	75.6
104	5930	3	15.53
101	4519	4	15.82
131	2246	6	43.35
156	472	3	10.46
1169	110	8	37.68
155	112	24	27.61
104	4118	3	12.33
101	527	13	20.68
1528	107	3	9.37
16	328	16	60.53
2666	141	3	19.02
126	239	11	28.34
419	162	3	10.35
357	116	12	37.65
985	14	11	15.18
669	109	4	8.21
104	991	21	107.71
2021	104	3	7.54
7072	183	3	32.79
689	112	4	9.03
148	119	18	13.6
8	83	4	16.21
751	109	8	28.62
510	156	4	16.83
4534	1239	4	62.45
101	212	22	9.11
131	862	4	16.7
759	14	12	12.6
155	544	11	70.32
101	4323	3	9.26
12	4447	3	7.03
9	738	4	14.08
3172	125	3	18.32
1803	104	3	6.89
10792	14	3	13.03
552	116	4	8.55
622	124	4	12.4
2315	103	5	16.96
358	153	3	7.6
3310	12	3	5.06
694	137	4	15.8
103	308	14	14.25
104	7083	5	36.24
1438	101	15	62.96
279	169	3	7.98
126	435	15	74.17
667	516	3	25.46
151	298	8	30.51
123	272	4	4.66
1241	14	7	7.26
2	2371	3	12.97
286	177	7	31.7
107	1124	9	42.43
369	174	6	29.59
206	352	9	56.67
120	3852	3	17.95
236	104	13	8.45
260	110	7	7.14
4181	240	3	31.22
136	947	3	12.27
107	4687	4	25.05
120	731	3	7.23
6151	103	6	41.56
172	134	7	7.97
5101	12	3	7.69
2962	106	4	20.52
1722	218	3	24.11
239	1125	8	75.95
781	122	5	18
630	378	6	53.74
126	198	13	29.65
102	875	5	5.32
579	102	32	117.92
764	212	3	18.27
1600	101	4	6.58
149	1673	7	53.72
304	162	3	7.74
637	109	4	7.78
12	281	19	4.78
3666	12	3	5.48
101	421	10	7.78
312	156	3	7.12
453	116	5	10.74
8	3048	5	36.21
899	7071	4	65.46
107	1060	4	11.76
3087	12	3	4.69
267	117	7	10.35
113	1210	3	8.84
2088	14	4	4.11
1066	101	4	3.93
228	735	3	18.82
319	134	3	4.44
2063	385	3	30.56
135	104	44	13.65
2171	12	4	5.6
192	179	5	13.55
115	470	18	80.04
2599	12	4	7.02
1894	137	3	16.5
166	171	9	25.66
112	475	5	9.41
107	219	8	5.39
142	440	11	54.64
2406	14	8	20.87
3059	122	3	16.78
109	314	13	30.71
111	1562	4	15.74
321	187	17	117.75
532	3399	3	36.43
264	707	7	59.51
838	187	9	73.52
115	810	3	6.6
5731	14	3	7.39
122	2134	3	14.06
491	16	3	5.11
8	5301	3	22.59
127	59	47	98.1
159	118	46	129.92
315	409	5	34.86
764	170	6	39.58
127	938	8	44.72
554	515	7	68.55
108	9425	3	24.41
4672	101	7	38.62
3369	14	3	4.11
124	2700	3	17.34
13	221	7	17.18
105	1950	7	34.7
12	322	17	5.53
131	620	4	13.78
221	554	4	24.33
101	623	6	4.25
6897	16	3	23.4
101	4560	7	38.62
124	2452	5	33.33
8	4835	4	31.85
393	12	16	10.25
2035	12	9	25.42
568	1161	13	172.78
134	237	4	4.87
115	1077	3	8.31
717	197	3	17.17
2241	655	3	35.44
39	285	7	30.11
147	701	3	11.37
165	280	7	28.14
111	610	40	272.81
122	13882	3	31.67
1179	12	14	35.91
106	916	7	25.93
107	802	13	61.11
3949	114	3	16.47
230	1092	4	31.41
371	304	4	24.56
1546	12	7	12.08
767	130	3	10
1984	128	3	15.68
149	554	15	100.18
243	1792	11	126.06
246	723	12	113.61
101	2866	6	21.95
103	1617	3	5.19
12	2142	4	5.6
101	2538	5	15.05
103	1481	3	4.7
101	5511	5	25.77
630	914	3	28.94
102	467	9	7.87
16	694	3	7.23
153	240	3	4.37
178	2362	12	135.25
3502	12324	3	64.12
163	153	6	7.07
107	575	5	10.42
115	1431	3	10.03
102	13423	3	21.98
203	1389	3	21.81
1785	493	3	31.7
111	680	14	65.08
613	14	26	51.69
286	132	14	54.7
298	137	20	99.51
3682	12	7	26.01
530	1935	3	32.64
4584	8	5	41.4
1097	14	6	3.89
1019	9537	3	51.09
7965	748	4	66.37
1427	123	4	19.42
136	1583	3	15.37
1132	378	9	101.22
160	331	3	8.33
2673	12	4	7.02
188	1785	3	22.63
104	3137	3	10.33
129	3575	5	38.84
102	688	16	42.11
337	164	4	13.87
518	331	5	38.59
3617	103	3	9.98
1105	112	5	18.34
925	117	13	74.85
156	147	9	12.08
126	1271	4	18.86
528	9529	3	46.48
937	114	5	17.11
124	2168	5	31.68
107	1655	7	35.01
5643	609	5	76.31
114	124	47	48.53
172	3448	4	36.99
7139	14	3	9.43
104	8293	3	18.3
115	583	22	119.12
1763	110	3	10.58
2036	217	3	25.07
2	207	91	462.12
229	112	9	10.05
197	344	3	11.76
1661	114	4	16.59
140	435	3	7.29
118	308	8	16.22
5281	106	5	35.6
119	6242	3	21.47
227	198	3	8.01
220	104	14	8.21
189	220	9	40.55
655	9	4	13.16
240	101	20	11.15
930	110	3	6.88
1639	402	3	29.6
2790	12	7	21.28
245	419	3	15.73
6135	103	5	31.08
102	953	11	29.05
105	594	7	16.64
102	114	126	14.03
121	117	58	68.75
783	107	5	13.61
121	1534	4	18.01
8	610	6	23.25
1329	125	3	12.68
105	1192	5	16.04
799	9404	3	49.45
178	1761	13	137.05
521	103	10	16.46
382	630	3	22.65
864	487	3	26.73
279	666	3	20.21
127	39	8	7.62
101	1258	4	5.06
103	799	6	9.71
102	921	5	5.86
16	178	21	46.36
244	324	4	20.12
1904	121	3	13.02
500	12	16	16.4
377	2380	10	134.2
2931	952	9	144.87
135	176	8	11.28
138	364	3	5.85
3765	14	3	4.93
101	10493	3	17.27
5888	14	3	7.39
291	210	4	16.81
257	937	3	21.82
108	2341	3	11.96
108	4816	3	17.53
984	12	27	99.1
915	322	3	23.62
624	128	5	18.58
724	120	6	22.28
104	4924	3	13.7
155	1135	3	16.35
439	10957	3	45.12
2020	113	5	25.33
124	4770	3	21.66
156	121	25	42.81
547	507	6	56.31
5329	123	3	22.3
248	707	4	28.35
522	121	3	5.22
122	3340	10	88.89
4741	14	6	21.82
8	912	5	22.11
300	1759	3	27.28
174	118	50	176.42
138	129	14	9.62
5715	14	5	18.78
134	316	8	25.34
2001	8	8	57.95
234	148	5	10.34
237	2991	4	40.66
10374	8149	3	66.94
3462	14	7	22.01
144	1	4	5
9208	104	3	20.5
173	205	5	13.52
4693	14	3	5.99
136	774	6	29.8
175	120	15	22.54
1188	118	4	15.24
1926	12	6	11.4
114	229	9	10.85
115	625	4	8.72
146	451	3	8.51
110	348	9	19.23
410	173	6	31.48
165	403	3	10.41
368	108	6	8.77
716	8	13	76.1
680	956	9	111.27
102	4274	4	15.25
3414	14	5	11.79
157	271	5	15.14
111	12365	3	29.38
12048	8575	3	71.43
102	2458	4	10.52
101	1142	4	4.46
101	2918	3	6.98
101	808	23	85.99
2661	616	4	50.5
302	1028	5	45.09
9748	9537	3	69.17
426	364	10	89.47
241	370	3	14.46
577	158	7	39.97
116	562	3	5.05
108	1715	3	10.03
2515	14	8	21.81
111	526	6	14.36
142	243	5	9.13
118	469	5	11.36
707	103	6	8.42
137	459	3	7.55
295	582	3	19.83
4074	101	5	21.36
399	121	5	10.34
860	638	12	150.76
417	777	3	24.79
1383	8	13	97.63
241	937	4	30.46
626	150	6	30.63
864	125	4	15.49
101	3366	4	12.74
5804	156	3	27.44
1440	219	4	32.97
242	343	6	35.88
153	175	11	28.57
3964	116	3	17.3
102	797	8	13.29
127	764	4	14.73
5806	127	3	22.95
987	412	4	37.86
598	119	9	35.78
115	10031	3	25.41
450	14	13	4.77
1060	122	5	21.36
3521	12	4	9.58
122	8217	3	24.96
414	112	4	5.08
7001	122	3	23.38
634	122	7	26.51
635	491	4	35.21
11311	14	3	13.03
102	826	8	13.96
101	4055	7	36.47
782	109	3	5.54
45	165	7	17.25
1111	114	14	83.95
105	862	3	4.86
1435	377	3	28.16
478	156	6	29.09
775	101	8	12.11
119	1414	7	37.59
2475	250	4	39.87
134	204	5	5.65
111	493	25	127.36
1120	122	3	10.19
5069	12	4	12.89
166	514	7	40.3
167	2882	6	57.79
3592	160	3	24.62
4800	12	3	7.69
144	114	77	197.84
1453	14	13	32.6
1249	109	5	18.89
109	394	14	45.08
197	226	3	7.85
196	439	3	13.63
118	422	4	6.65
200	442	3	13.86
205	1550	3	22.41
463	110	4	5.72
6549	239	3	34.51
280	156	5	15.24
334	132	7	21.34
178	988	7	54.13
12	3966	4	10.26
104	4155	3	12.33
189	149	7	14.4
102	5893	3	11.65
721	334	14	151.08
274	295	3	13.76
1568	101	6	14.33
57	2983	3	18.36
103	2081	3	6.6
155	145	6	4.03
130	14	165	46.39
6180	128	3	24.08
118	185	25	62.33
269	270	3	12.8
107	2845	4	20.08
108	2194	6	32.27
132	2082	3	16.57
343	716	3	22.69
173	177	6	14.95
1348	216	4	32.25
143	1494	3	15.64
616	104	5	6.01
2657	12	4	7.02
142	3601	4	31.02
111	1069	7	29.6
1487	697	4	46.43
324	773	4	32.45
12	891	32	122.57
105	1253	5	16.53
3854	9	6	49.75
14973	14	3	17.41
111	9572	3	24.9
5765	114	3	19.33
131	766	3	10.11
1171	106	3	7.77
1499	12	6	8.39
187	1501	3	21.3
105	372	9	15.92
278	211	4	16.3
122	601	15	78.81
2019	12	5	8.19
1538	3225	3	43.24
308	121	6	10.02
1559	461	3	30.41
103	469	6	4.16
105	3061	3	12.65
301	113	14	37.18
1016	12	6	4.73
110	612	3	4.45
106	1166	5	17.85
374	113	11	31.28
230	1247	3	22.65
678	12	32	98.03
117	1163	4	15.24
120	1789	3	12.77
1008	106	3	6.82
141	143	38	108.1
139	896	3	11.85
4561	1007	7	117.81
476	106	32	170.24
139	175	8	11.79
104	13792	3	24.97
118	150	22	23.97
120	886	3	8.33
12	1337	7	10.27
1910	12	10	28.83
1645	1803	6	89.39
45	115	11	8.54
153	130	11	10.09
148	1374	5	31.96
3250	9	6	47.28
186	121	36	120.26
102	780	13	32.5
104	1952	12	65.68
189	428	7	42.51
253	3358	8	100.3
700	8	4	13.62
4671	14	3	5.99
8	1092	6	31.24
148	219	6	13.05
180	263	3	8.38
241	182	6	23.27
8	2450	4	24.74
1409	12	18	64.68
2259	1383	12	205.7
156	299	3	6.95
102	1921	6	17.39
2718	123	6	43.72
330	12	17	6.66
107	2323	4	18.24
164	423	3	10.59
322	7343	3	38.55
1073	129	3	11.79
345	12	19	11.15
642	537	5	47.4
109	448	14	49.15
1388	103	4	7.85
119	5066	4	29
3361	109	3	14.56
111	4471	6	45.37
858	105	3	4.78
3919	14	4	8.84
797	111	3	6.08
3864	109	7	51.28
324	250	6	35.48
107	3715	3	14.93
833	12	12	18.42
134	135	14	11.46
108	1468	7	33.74
114	546	5	11.36
12887	10403	3	73.67
1185	121	6	28.67
146	138	11	10
373	132	6	18.29
1065	14	8	7.95
107	691	51	396.7
162	373	5	20.6
671	172	13	104.63
11666	4163	3	65.27
139	416	3	6.92
945	430	5	49.53
143	421	14	76.67
118	375	5	8.87
105	13647	3	27.41
146	14	92	9.01
115	968	5	17.75
113	198	78	364.01
230	1849	3	25.19
108	3288	4	21.94
1145	104	3	4.46
134	102	119	103.57
3828	113	3	16.4
111	756	3	5.77
165	169	8	19.79
6452	14	6	29.2
167	923	5	32.59
507	145	6	25.65
116	472	3	4.11
300	1097	3	24.32
150	570	11	67.35
2615	12	4	7.02
10	1417	24	391.93
1082	101	5	6.79
3508	2178	4	65.01
101	6708	3	13.56
102	3870	4	14.44
636	107	3	4.32
1094	104	3	4.24
2116	102	3	5.2
124	383	7	21.33
101	2397	3	5.73
421	1323	4	40.5
173	1832	4	31.13
343	1349	4	38.37
107	1515	3	9.37
1786	413	3	30.43
1276	110	3	8.67
438	102	12	13.86
117	1979	3	13.07
171	225	3	6.28
117	7561	5	46.12
778	112	3	5.93
119	732	6	21.75
118	116	78	114.7
107	119	53	27.43
950	14	8	6.75
1555	9	5	27.76
739	102	7	9.04
3799	12	3	5.93
596	119	12	54.45
7523	9	6	66.34
2970	12	3	4.35
155	911	4	22.14
122	6028	3	22.15
8317	12	3	12.05
124	6522	4	34.56
180	514	7	43.75
13	117	13	4.74
787	104	10	28.85
525	57	3	7.26
12	858	7	5.06
352	708	3	22.88
549	117	5	13.01
101	1224	4	4.9
1325	145	3	15.08
397	171	8	45.7
395	142	7	26.98
101	7581	4	21.42
7343	14	3	9.43
101	3867	7	34.64
8927	14	3	10.91
6407	144	3	26.13
9124	109	3	22.23
5415	104	4	22.33
102	4532	3	10.12
186	173	5	12.01
158	85	9	14.16
102	2951	5	17.32
128	197	6	6.59
101	3378	5	18.43
104	4435	4	20.02
1498	170	3	19.96
1799	16	3	13.09
556	2	3	4.18
490	173	18	143.32
85	255	5	12.08
102	1996	4	8.71
104	1206	11	44.82
2554	334	5	57.14
130	6229	3	24.53
2460	122	3	15.26
101	5002	5	24.04
101	249	51	107.71
101	2491	8	32.64
341	130	3	4.66
4901	14	3	6.63
197	245	4	13.87
559	250	7	53.85
435	113	5	8.93
332	138	7	22.68
115	1589	4	16.39
118	409	5	10
108	4249	3	16.13
134	189	9	16.92
109	3502	4	22.67
347	322	6	41.48
775	113	7	25.45
119	1397	21	170.05
565	105	11	33.95
1578	103	6	17.78
144	12	146	96
119	1706	5	25.25
473	148	6	26.08
132	105	58	60.35
1750	121	3	12.57
5083	14	3	6.63
219	659	10	84.12
1171	158	4	24.76
248	252	5	23.8
1748	111	3	10.69
14313	125	3	33.23
102	1690	5	11.21
233	13212	3	43.88
3644	123	3	18.88
207	166	8	26.44
3211	114	6	39.63
107	14717	3	28.81
121	273	10	22.69
102	2494	3	6.23
215	108	10	9.45
159	314	4	12.38
2288	14	10	30.22
158	351	5	19.03
105	425	7	11.66
605	121	3	6.11
101	5450	3	11.4
361	152	3	7.65
1456	103	3	4.55
348	143	4	10.14
1385	144	3	15.36
468	12	12	6.45
496	4039	5	69.24
114	265	22	70.08
113	405	8	19.82
115	637	9	33.75
235	105	46	158.65
199	3905	3	28.57
106	5345	3	18.23
412	106	5	7.12
223	12	27	5.51
917	111	3	6.88
2775	101	3	6.63
142	4698	3	23.08
119	498	6	16.49
143	2805	3	19.82
558	16	3	5.83
10616	14	4	23.22
136	1187	4	20.36
805	1122	6	73.34
7107	14	3	9.43
1034	102	10	25.7
237	2517	5	51.43
199	1213	3	20.66
299	116	8	15.41
173	188	3	4.76
115	3737	4	24.7
175	102	168	539.21
118	181	32	91.3
840	122	5	18.93
494	112	4	6.39
167	3775	3	25.98
164	14	131	132.8
2033	650	3	34.35
244	1560	4	35.28
3355	9318	3	59.12
104	3329	3	10.77
155	107	137	565.09
1501	14	21	79.99
117	8970	3	24.2
189	104	26	27.65
2908	113	3	14.51
9572	103	3	19.17
101	1946	11	46.09
157	256	3	5.88
126	244	5	6.59
102	231	129	506.62
1682	112	15	107.5
121	234	7	8.68
272	167	4	12.05
112	1563	4	15.87
111	3811	5	32.78
119	1097	6	27.07
332	14	27	19.42
1664	134	3	15.23
379	112	4	4.31
4046	118	3	18.11
119	1729	6	33.12
591	159	7	41.1
143	7660	3	27.29
856	102	11	25.96
104	4466	4	20.02
128	21	10	8.78
101	1367	15	60.82
1111	137	3	13.16
101	1740	9	31.02
102	2912	3	7.21
891	101	6	7.84
1356	109	3	8.81
8	994	12	77.78
12	2332	6	13.45
416	171	5	24.35
101	1094	5	6.97
1588	125	5	28.21
734	108	6	17.88
2984	14	7	19.72
147	500	3	9.08
39	160	4	4.71
5095	102	4	17.2
197	324	3	11.19
2453	183	4	35.29
445	108	5	7.99
621	121	4	10.35
142	1018	27	250.5
2304	14	13	48.45
4281	14	4	9.59
292	173	6	25.4
109	645	5	11.8
102	1885	3	4.58
105	1513	4	13.02
12	436	12	5.14
102	6196	3	12.62
1129	120	3	9.89
3613	122	3	17.73
514	138	3	8.26
101	5639	4	18.08
1510	130	3	14.16
139	194	5	5.81
11344	118	4	41.21
107	5092	3	17.45
108	4440	5	34.38
140	846	3	11.65
120	874	11	59.15
980	141	4	19.1
132	2264	3	17.15
500	329	3	19.73
366	130	3	5.16
135	255	5	9.2
322	2131	3	29.07
6451	291	4	51.84
215	210	3	8.14
12	3189	3	4.69
101	6209	3	12.37
102	6702	3	13.81
105	4873	3	16.08
101	1888	5	11.88
3696	14	3	4.5
1233	121	3	10.45
102	2757	3	6.86
1261	8	10	66.3
12	195	324	1455.23
12175	103	3	23.63
101	566	48	218.45
102	1427	11	38.98
101	2172	3	5.22
7462	1174	4	67.86
103	7048	3	15.43
101	1172	20	87.85
102	310	56	170.42
12	3154	6	17.84
252	149	3	4.51
5230	12	3	7.69
359	14	17	5.33
397	198	7	42.35
211	295	10	60.86
176	1016	3	17.93
1830	110	4	16.73
957	145	11	77.62
188	496	3	14.05
102	1632	5	10.89
12916	6036	3	68.6
12	2523	6	14.7
179	124	6	4.23
107	10712	3	24.33
321	289	3	14.84
1847	112	4	17
118	139	15	4.14
380	246	7	46.7
109	900	3	6.39
110	442	7	15.85
4212	106	7	52.7
115	719	4	9.9
117	1144	5	21.05
133	317	6	15.5
111	2732	11	85.77
10974	978	3	50.85
1030	14	7	5.18
303	119	26	111.07
274	516	12	107.64
102	3555	3	8.45
600	149	9	52.43
14256	114	3	29.84
1264	157	3	17.18
12	606	12	11.3
1707	104	3	6.5
10632	14	3	13.03
4359	2269	3	48.72
2016	110	4	17.71
1192	101	4	4.75
102	2154	3	5.44
1138	892	3	32.91
105	4389	3	15.34
102	767	10	19.75
2	529	3	3.9
116	532	3	4.71
117	1386	6	30.09
1880	9837	3	55.07
833	114	15	81.86
108	1485	5	20.54
4343	12	5	16.39
111	560	17	77.72
2517	12	4	6.62
108	989	8	33.77
106	234	9	8.76
107	366	7	11.82
132	1568	12	95.82
231	511	3	16.61
140	244	15	57.13
106	4284	5	32.84
526	112	59	439.11
115	530	3	4.1
410	225	3	14.6
1940	167	3	21.17
135	149	10	8.46
110	558	9	29.05
2	926	3	7.2
147	153	25	70.87
201	649	9	69.79
162	259	4	10.69
107	1088	3	7.34
111	1581	9	51.14
255	137	4	6.16
464	127	3	6.32
5013	106	3	17.38
131	3095	4	28.26
2053	14	9	22.18
238	139	7	16.01
6917	110	3	21
125	613	3	7.8
104	3268	4	16.86
351	209	3	12.58
2013	109	5	23.96
101	4577	4	15.82
124	1719	7	45.85
967	139	4	18.8
302	1844	3	27.57
155	5917	4	41.08
7375	14	3	9.43
250	2423	5	51.8
1201	109	11	58.88
102	2871	3	7.21
142	908	4	18.49
1785	560	3	32.57
5717	12	4	14.08
137	513	3	8.21
116	1241	3	9.82
6053	16	4	32.72
115	1096	6	25
114	441	7	17.03
117	3933	3	17.52
2334	103	3	7.11
260	140	8	22.85
2	724	4	9.7
1147	317	3	24.96
14562	252	3	44.69
317	101	11	4.09
1332	14	16	44.63
101	1793	21	123.75
2428	111	3	12.73
7270	112	6	58.97
211	2271	6	60.45
1375	102	4	5.85
354	104	12	17.75
102	7046	3	13.81
105	2689	3	11.51
694	114	3	5.65
131	1802	8	58.5
103	5591	6	38.34
1539	122	4	18.4
107	11201	3	24.33
11977	10316	3	73.67
178	3520	5	50.2
12	2129	6	12.36
176	469	3	12.66
102	654	7	7.6
190	1782	6	54.45
102	6048	3	12.62
221	304	22	175.2
1142	12	16	44.92
104	2080	3	7.79
2189	14	5	7.36
208	152	4	5.9
362	324	4	24.98
155	559	4	17.62
2162	2087	5	77.5
12	752	47	207.1
1020	332	4	35.36
1980	16	10	73.18
130	7177	5	51.38
118	484	4	7.71
113	5625	3	19.26
105	12356	3	27.41
106	105	214	355.24
108	4302	3	16.13
852	129	3	10.26
531	180	14	108.67
4898	104	3	13.7
119	1759	4	18.62
3319	122	3	17.24
122	12431	3	31.67
113	278	8	11.83
143	1888	3	17.11
301	504	3	18.89
117	7404	5	46.12
4999	101	3	10.58
2105	113	9	58.74
105	1126	7	26.18
155	321	4	11.89
429	108	7	14.72
338	144	3	5.94
149	304	5	14.41
207	215	5	17.81
240	184	6	23.19
153	1135	3	15.52
101	434	27	67.83
102	861	5	5.19
12	1648	7	12.92
131	1320	4	20.46
4754	14	3	5.99
211	155	3	3.99
121	205	12	20.02
131	7741	4	40.58
101	1319	8	20.85
1744	12	4	4.04
8752	14	4	18.33
171	129	9	11.44
115	830	11	52.77
135	118	16	4.58
772	12	12	16.48
329	245	3	13.72
143	1448	3	15.46
15174	282	3	45.74
976	106	20	123.86
2167	1019	4	53.35
212	13588	3	42.76
1934	280	13	163.91
400	146	3	7.69
372	914	6	58.81
105	781	11	42.2
160	593	3	12.6
121	132	19	8.61
178	4322	4	39.59
131	3078	3	19.25
246	172	19	113.76
351	2825	5	59.23
3444	12	3	5.06
1839	660	3	33.83
101	3073	3	7.35
103	9354	3	19.17
1068	139	3	12.98
4220	12	4	11.02
8881	12	3	12.05
139	223	4	4.63
163	391	3	9.9
108	4833	3	17.53
140	439	3	7.33
141	323	5	12.77
1158	137	5	27.58
617	352	3	21.88
117	1333	3	10.48
562	164	3	12.48
2534	118	7	47.26
133	134	24	36.48
2895	12	3	4.35
112	3019	3	14.23
133	933	3	11.51
1896	14	5	5.94
564	134	3	8.45
117	3742	6	45.26
745	171	3	15.68
101	923	34	176.07
103	4090	5	24.46
1085	3788	3	42.49
13347	14	3	17.41
693	411	5	45.4
182	112	15	18.35
6554	14	3	8.3
550	153	3	10.62
873	119	15	89.15
5764	113	3	19.26
102	1252	4	5.33
104	3726	3	11.76
102	4677	4	16.15
59	242	5	6.56
696	14	10	6.48
217	159	15	67.8
360	116	18	71.16
178	655	3	15.16
16	600	4	10.56
121	368	4	5.86
12	1159	16	44.92
105	988	4	9.63
103	4954	3	12.41
7934	109	3	22.23
119	1540	4	17.52
114	360	6	10.05
147	466	5	19.23
136	1579	4	22.88
677	104	6	10.03
229	1243	4	32.37
298	114	11	24.56
1548	14	8	13.16
6368	101	5	27.92
140	171	8	11.76
503	104	12	27.15
223	3634	3	29.22
111	3486	3	15.49
169	348	6	27.79
102	8613	3	15.35
1483	12	8	15.35
4556	109	3	16.82
473	219	4	22.78
2034	782	3	35.68
1243	12	5	4.08
105	8448	3	20.72
4289	109	3	16.16
108	959	4	11.1
10320	103	4	31.5
116	2044	3	12.85
3154	122	7	53.26
102	1291	14	53.8
102	3521	3	8.45
960	106	6	21.05
148	203	12	37.8
1096	271	4	33.63
814	170	11	88.94
3785	228	3	30.02
12	6402	3	9.41
102	5289	3	10.83
103	1692	3	5.36
5808	14	3	7.39
128	296	5	9.58
394	170	28	232.36
102	671	11	20.6
126	405	4	9.06
2691	14	4	5.73
2689	875	8	121.48
378	128	4	8.69
291	160	4	11.73
320	507	3	19.47
670	144	3	10.63
198	243	11	59.45
108	379	8	16.27
6966	103	3	15.43
106	410	14	45.41
1494	240	4	34.47
380	155	4	13.91
201	707	3	17.19
143	249	32	176.91
261	294	3	13.38
508	144	4	13.88
1551	12	10	24.28
9116	14	3	10.91
1763	125	7	46.23
114	2821	4	21.42
127	4308	3	20.67
3638	14	3	4.5
102	972	13	39.31
460	400	12	118.99
121	105	40	4.66
178	180	21	106.13
965	113	3	7.52
491	175	3	12.89
158	2894	3	22.88
315	356	11	89.74
12	5889	8	49.6
451	113	5	9.46
8	646	8	36.53
101	2353	3	5.73
103	3607	3	9.98
103	1110	5	9.56
12	247	23	5.34
3962	14	4	8.84
12	3436	3	5.06
102	2134	4	9.04
5712	14	5	18.78
422	230	6	38.56
394	250	13	106.11
584	163	3	12.66
727	800	4	41.23
247	143	4	6.39
2349	104	3	8.6
994	16	8	40.96
182	301	3	9.72
814	250	7	60.38
5223	14	3	6.63
339	111	6	8.5
101	2731	9	42.07
104	1148	16	77.28
101	993	39	230.3
105	1518	12	67.75
4644	14	4	10.43
620	810	3	28.03
230	141	49	296.05
4217	14	5	14.54
111	1173	22	157.75
569	219	4	24.52
4652	109	8	67.17
294	108	7	8.37
531	304	4	28.11
108	4136	3	16.13
108	1633	6	28.16
8	9654	3	28.64
591	128	3	7.95
170	8	10	12.46
8672	14	3	10.91
131	554	4	12.79
483	189	3	13.96
6553	12	4	15.51
149	180	4	3.88
85	551	3	10.28
1985	130	3	16.12
13	150	12	18.88
485	105	7	13.47
131	769	3	10.11
101	561	16	33.35
104	4948	3	13.7
131	1199	4	19.62
4850	104	6	38.58
244	129	6	10.24
270	163	9	38.94
4870	101	5	24.04
5891	14	4	12.58
1702	197	6	54.49
2432	831	3	37.34
128	364	4	8.18
104	1085	9	30.6
103	462	13	24.28
250	904	10	96.22
4086	109	4	24.26
1023	111	3	7.5
12	5771	3	8.47
115	707	6	19.24
203	407	4	20.22
104	8520	3	18.3
136	3652	3	20.93
1016	103	4	5.57
2067	1350	11	181.86
325	8	14	54.85
115	7056	3	21.62
206	258	5	20.91
39	420	3	11.24
7207	8	4	36.56
3975	1285	3	43.68
1190	12	6	6.07
167	6023	5	57.4
672	2657	3	36.52
132	1348	4	20.77
268	451	3	17.19
175	184	4	7.96
879	121	9	44.58
205	357	6	32.81
119	1881	7	42.23
530	1799	4	45.37
101	9309	4	28.95
136	1966	7	51.95
4593	12	4	11.89
168	223	3	5.59
366	142	3	6.15
101	13626	3	21.71
560	9	4	11.62
115	1280	3	9.39
118	117	37	18.19
197	542	3	15.16
321	326	4	23.45
109	6764	3	20.66
377	1198	3	27
119	2181	5	28.25
596	114	13	56.4
129	119	72	157.35
1746	107	3	10.15
148	501	5	20.63
1602	123	3	13.37
3997	12	4	10.26
1566	117	3	11.52
2822	103	3	8.33
105	1293	6	22.35
12	2844	11	46.68
102	5010	6	32.65
105	677	11	38.75
131	1879	4	23.4
12	3209	6	17.84
1063	116	3	8.9
121	308	4	4.19
207	1832	11	119.18
9256	187	3	36.85
1648	114	24	208.96
101	9245	3	17.27
117	1060	3	9.11
266	114	7	8.38
609	107	5	11.1
163	331	3	8.5
142	282	30	171.67
591	110	6	15.74
111	2173	3	12.14
108	3287	5	30.06
165	174	9	25.32
138	1433	5	30.13
204	765	3	17.88
115	2580	3	13.88
12	5231	3	7.69
11692	1200	3	56.7
59	193	52	257.23
12	2054	13	48.51
186	140	6	7.76
7549	101	4	21.42
123	14	216	74.73
153	112	25	25.1
102	2165	9	36.84
104	2955	4	15.68
105	2816	3	11.86
2615	103	4	12.99
105	3213	3	12.65
102	3873	5	20.69
127	3847	3	20.07
1238	114	33	291.57
1082	102	5	7.13
574	281	3	19.23
388	137	4	10.54
392	132	10	42.2
1058	112	15	89.07
823	355	6	56.5
131	1025	4	18.18
633	1307	3	31.3
102	1202	13	45.47
4167	700	3	40.17
1120	141	4	20.29
146	176	5	5.28
6057	14	3	8.3
133	1163	6	34.5
136	340	3	5.34
5875	14	4	12.58
136	2430	3	18.11
1003	12	9	12.44
142	1076	3	13.32
127	1186	5	25.46
102	1164	12	39.22
1709	12	10	26.39
1320	113	3	9.43
2763	109	3	13.31
102	1939	3	4.77
104	1197	9	32.76
101	2684	3	6.31
350	8	15	64.82
2038	12	9	25.42
5323	101	3	11.4
127	559	6	22.68
102	525	8	7.19
102	7215	4	21.77
4330	102	3	9.5
124	7706	3	26.36
178	742	3	15.97
102	6374	4	19.9
140	543	8	38.36
205	2033	5	45.94
1582	538	3	31.34
377	1105	4	37.64
107	168	78	271.67
136	777	11	68.58
164	118	25	46.29
1926	103	3	6.15
594	138	3	9.27
141	910	3	12.16
165	665	18	150.23
134	453	3	7.11
1011	1281	3	34.48
224	4755	3	31.04
263	143	3	4.01
12	11345	4	24.8
105	2292	9	53.82
12	1826	4	4.27
124	1559	9	62.06
8	1173	4	18.06
1091	155	4	23.78
150	4277	7	71.54
1263	146	3	15.16
1055	224	3	20.87
12	6487	3	9.41
101	807	9	16.41
13	902	11	78.53
181	121	8	5.81
849	103	4	4.32
9	128	31	42.35
15	9037	3	55.21
151	683	3	11.96
16	292	10	25.37
542	419	3	22.35
2704	170	3	24.18
102	1393	9	27.38
963	123	3	10.32
9	110	25	5.35
181	147	7	11.86
587	107	4	7.03
101	2942	6	22.8
1748	122	10	69.28
12	961	25	85.49
141	870	4	18.07
2203	152	5	38.33
108	840	13	63.28
2098	4009	10	198.28
116	1666	3	11.5
101	9390	3	17.27
119	3840	3	17.59
704	140	5	22.38
734	435	4	35.5
136	1208	3	13.68
652	112	4	8.58
147	287	8	27.37
4236	12	4	11.02
486	217	10	76.14
1292	109	4	13.55
626	117	4	9.89
1321	798	14	205.32
241	104	11	5.5
720	21	4	19.97
4609	12	4	11.89
700	157	3	13.34
313	147	4	9.38
104	3857	5	25.54
188	2722	3	25.6
101	1683	4	7.04
158	139	18	40.76
12	3667	3	5.48
5114	12	3	7.69
242	678	3	18.92
755	101	8	11.91
3585	161	5	47.15
111	12647	3	29.38
516	134	3	7.91
253	2382	4	39.65
103	117	76	6.11
763	107	3	5.29
3594	59	3	19.43
3622	118	3	16.98
3842	12	3	5.93
114	491	5	10.29
537	119	24	137.09
191	132	5	4.7
106	1658	5	21.28
107	2030	8	46.54
110	124	34	16.8
573	122	4	10.07
527	159	3	11.71
102	13542	3	21.98
115	1752	5	23.87
101	10932	4	28.95
107	641	4	7.65
165	1827	6	49.64
286	1711	6	62.35
136	1017	21	177.9
256	102	17	9.65
117	2403	8	55.65
1367	334	3	26.76
114	123	47	46.05
2817	12	4	7.45
6844	101	3	13.56
1960	14	6	9.42
225	289	4	17.56
9440	9479	4	101.92
229	107	9	8.62
137	297	5	11.5
1426	14	5	3.9
8727	4208	4	82.49
2919	4198	3	49.83
116	3986	3	17.3
231	4307	4	44.04
434	104	11	19.78
117	427	7	18.74
684	157	4	19.75
145	1517	4	23.67
1284	14	7	7.82
11249	1391	3	53.19
2651	125	5	34.23
106	422	4	4.43
455	14	25	32.33
1943	261	3	26.81
129	1011	3	11.31
12	267	75	165.75
105	7589	3	19.16
101	7093	3	13.56
3307	12	3	5.06
151	486	3	9.67
847	145	6	32.74
273	658	4	29.1
131	1293	4	20.24
157	137	30	94.48
101	2073	6	17.95
697	218	5	35.43
1594	114	4	16.33
890	149	5	27.53
517	132	8	35.29
101	3528	3	8.21
184	516	7	44.65
121	116	61	73.52
141	754	4	16.81
7455	14	3	9.43
143	848	3	12.07
610	6214	3	42.51
539	107	5	9.71
1114	14	14	28.97
9143	12	3	12.05
107	2981	7	45.44
193	331	3	11.35
262	9	9	22.56
117	3182	8	61.79
145	380	4	11.18
8638	12	5	31
144	256	3	3.85
199	1574	3	22.39
617	101	6	4.25
3746	152	3	23.64
112	1033	3	7.59
413	9	8	28.4
557	385	3	21.86
2404	166	10	103.38
188	1786	3	22.63
101	1487	6	13.6
105	1025	4	9.78
632	14	15	16.03
315	132	4	7.37
13769	101	3	21.71
6202	1100	3	46.56
360	132	4	8.87
1639	107	4	15.28
724	153	3	12.54
522	140	3	8.48
8	872	9	49.75
960	124	5	22.58
103	1395	4	7.85
104	1310	5	13.06
925	116	4	13
482	149	6	26.69
6490	14	3	8.3
1599	219	3	23.49
5599	2993	3	52.14
102	3080	3	7.59
279	106	7	7.21
384	111	5	7.15
7608	2283	3	52.62
102	4834	3	10.83
2701	9	4	25.77
253	180	3	8
3372	14	5	11.79
335	12	32	41.25
149	1950	3	18.46
901	111	3	6.78
124	2128	3	15.42
101	2784	6	21.95
5744	14	4	12.58
1878	103	4	10.05
3930	14	5	13.51
546	138	4	13.65
3255	9	14	154.85
136	5161	5	45.86
8704	14	3	10.91
173	597	7	45.22
443	243	5	31.79
259	7851	3	38.27
163	120	9	4.17
111	3723	6	42.22
610	7136	3	43.75
165	1054	3	16.77
234	152	16	70.73
120	1150	4	15.61
328	194	3	11.34
143	3643	4	31.45
262	141	6	14.2
204	673	23	230.62
1307	12	5	4.45
2332	102	9	37.87
349	108	7	11.31
220	138	7	14.16
105	3549	6	37.03
5859	14	6	26.05
16	1572	5	25.68
212	3844	4	41.75
121	150	12	5.03
932	158	3	15.28
521	12	11	6.42
105	769	8	25.33
3574	14	3	4.5
105	7120	3	19.16
102	2779	4	11.43
157	12	69	20.06
176	105	44	99.29
124	1476	8	51.85
834	120	3	8.05
108	2106	4	17.58
7412	12	4	17.34
111	922	31	230.52
166	108	19	18.81
147	885	9	58.64
171	197	17	83.77
810	8	3	9.49
2569	112	3	13.48
1210	105	3	6.74
135	182	14	35.73
108	701	3	4.94
106	469	6	11.82
112	1191	3	8.58
342	120	8	19.78
175	258	4	12.47
297	121	7	13.02
3362	9	3	18.7
2058	111	4	17.85
3077	109	3	14.11
682	108	3	4.74
3021	14	6	14.79
229	130	5	6.86
555	107	4	6.54
2126	12	5	8.57
1110	102	7	14.35
12	1438	7	11.31
104	976	8	23.63
1137	109	6	23.7
101	3417	5	18.43
579	101	20	51.92
1596	14	7	10.22
5775	6534	3	58.02
121	185	19	40.62
2726	148	3	20.71
2117	14	4	4.11
12	1038	8	9.76
310	57	4	6.59
351	21	3	8.27
1081	104	3	4.14
2077	109	4	17.62
103	1200	4	6.75
1715	527	3	31.7
188	698	4	24.25
3666	103	3	9.98
312	157	3	7.29
220	199	3	7.74
246	9	4	3.96
8	3047	5	36.21
5876	180	3	30.22
108	406	36	189.08
1066	102	4	4.18
267	116	9	16.46
115	1987	4	18.51
117	2360	8	55.65
231	124	15	45.18
400	127	4	9.22
196	239	3	8.43
8595	103	3	16.98
161	697	3	13.78
1012	172	3	17.7
122	12713	3	31.67
836	137	4	17.42
147	102	44	4.77
562	14	16	15.15
206	153	5	9.09
208	10186	3	37.95
2065	419	3	31.5
106	1274	4	13.11
111	872	26	175.5
11120	3483	4	85.87
103	1441	3	4.55
104	2068	9	44.57
102	7894	3	15.35
1944	14	5	6.26
5082	12	3	7.69
552	117	4	8.81
8	9	24	21.03
122	6872	5	47.39
152	404	7	31.46
2315	12	4	5.92
7641	14	4	15.8
1268	14	9	13.49
382	142	7	26.08
214	223	3	8.48
150	437	13	75.46
1442	14	5	3.9
1092	9	5	24.2
224	102	27	22.01
369	169	3	10.36
6663	14	5	20.87
403	153	4	13.61
1485	104	3	5.81
1277	107	4	13.2
675	2791	3	36.97
136	950	4	18.64
163	162	10	24.8
107	501	5	9.07
108	862	4	10.17
561	124	3	7.07
1794	107	4	16.14
744	102	15	40.45
1610	114	3	10.52
740	14	28	73.06
8	10756	4	44.18
109	4781	3	17.57
261	510	3	17.83
135	370	3	5.79
134	230	4	4.65
10830	3749	3	60.17
119	1569	3	11.59
1035	12	13	27.22
3138	12920	3	63.15
375	118	84	648.72
224	135	11	30.4
111	609	11	42.85
108	180	15	15.13
3225	14	8	26.5
161	105	89	270.71
102	10284	3	17.53
559	170	17	137.16
172	12	54	21.06
124	531	8	32.57
124	2241	4	23.78
352	1049	4	36.32
8212	113	4	34.71
248	625	3	18.59
21	2	17	12.07
57	85	10	6.4
1504	12	7	11.69
130	1197	4	19.46
101	3164	5	17.64
104	3064	7	37.79
101	1580	11	40.39
1024	2	4	12.45
1641	146	3	16.76
3502	12325	3	64.12
854	651	3	28.7
108	620	5	11.32
108	3108	4	21.31
319	12	31	33.14
5670	14	3	7.39
1350	103	3	4.27
267	150	3	5.07
3360	112	3	15.1
3431	102	4	13.07
708	113	5	14.12
2847	107	3	13.2
216	13008	3	42.98
116	5123	6	49.95
135	138	13	10.65
3893	14	3	4.93
1509	125	7	43.66
1923	12	4	4.75
102	6756	3	13.81
101	6074	4	19.56
184	582	4	22.12
101	2019	4	8.41
1808	12	4	4.27
2836	102	3	6.86
2856	14	5	9.78
8383	112	3	22.78
1323	12	5	4.64
121	1556	3	11.76
129	219	8	14.93
2320	14	6	11.39
101	6294	3	12.37
154	1049	3	15.29
130	314	3	3.97
2346	188	3	24.54
85	451	3	9.07
653	108	7	21.14
114	389	4	4.93
326	128	5	10.74
322	130	27	148.42
134	286	4	6.88
109	5426	3	18.42
1626	12	21	94.38
6023	101	5	27.92
2658	14	8	22.83
236	205	4	13.61
569	184	6	37.71
539	2	8	24.31
320	219	5	25.14
320	1101	4	35.46
196	562	4	22.75
2481	262	5	53.41
2960	122	5	33.03
268	273	6	33.92
4537	142	3	23.08
182	143	10	22.08
149	481	81	855.05
5148	134	3	23.14
107	9028	3	22.11
846	7287	3	46.03
1532	2011	3	40.17
2583	101	3	6.31
105	4158	3	14.69
102	1273	5	8.52
101	1869	9	32.53
360	138	5	14.2
245	213	3	9.54
337	163	3	8.67
2728	1254	7	110.78
105	2757	3	11.86
1647	103	3	5.19
103	4989	3	12.41
8120	141	4	41.88
384	129	5	13.14
2303	14	4	4.69
13098	103	3	23.63
1272	12	9	16.43
136	431	4	11.47
106	645	4	7.65
107	1012	5	16.25
4280	14	3	5.43
2548	216	3	26.43
1104	8	8	46.55
2122	125	4	23.21
264	648	3	19.55
115	582	4	8.17
117	1320	3	10.48
939	103	13	44.92
1940	12	5	7.82
443	1118	9	105.16
1587	125	6	36.21
980	324	3	24.23
3471	246	4	43.21
101	7984	3	15.09
420	376	3	19.62
101	3526	4	13.39
102	2603	3	6.54
965	12	13	25.71
150	16	12	5.71
102	954	11	29.05
131	671	3	9.26
249	849	3	20.71
340	146	4	10.51
2015	128	3	15.68
391	150	3	8.08
363	143	4	10.48
2310	107	4	18.24
304	148	3	5.76
101	6238	3	12.37
103	3820	3	10.49
116	9099	3	23.98
101	2096	3	4.99
157	102	46	20.26
1195	101	6	11.19
16	45	21	47.24
152	172	16	52.36
101	1259	23	114.58
102	2622	3	6.54
187	287	3	9.57
105	1193	4	11.11
155	253	8	28.96
218	162	3	4.94
101	3059	4	12.15
124	2436	12	105.47
124	334	19	87.84
1410	114	7	35
10629	14	3	13.03
663	14	11	7.76
220	132	5	6.38
434	139	3	7.2
333	114	7	12.23
291	209	3	10.86
107	331	76	475.26
108	6269	3	19.4
108	4680	4	25.16
197	4628	5	56.15
119	698	5	15.83
117	4907	3	19.52
102	9768	3	17.53
142	2094	8	64.42
432	226	9	64.85
101	10194	4	28.95
109	1391	3	8.97
472	104	6	6.02
116	171	9	5.39
103	1370	7	20.81
104	5197	3	13.7
1567	4342	4	63.66
848	14	10	9.62
122	4099	3	18.86
482	116	4	7.46
10698	14	3	13.03
104	3111	4	16.24
12	1141	6	5.85
602	159	3	12.68
242	530	5	33.68
16	447	4	8.02
460	145	13	73.15
4955	538	4	55.73
116	439	6	14.24
298	101	12	4.74
1097	936	3	32.96
197	1850	4	33.71
977	9	46	476.84
322	5088	8	118.89
798	386	3	24.45
110	223	14	22.72
115	997	3	7.85
114	342	7	12.67
4550	113	3	17.65
174	117	22	44.21
841	107	10	42.8
1907	102	5	12.26
3896	108	4	23.38
108	933	10	45.29
107	786	13	60.25
198	488	3	14.56
106	900	4	10.36
268	2672	4	41.32
1217	122	13	86.36
172	204	6	18.21
805	104	8	20.36
118	3009	3	15.62
666	128	4	13.71
101	1756	3	4.01
104	392	9	11.63
104	2378	10	55.83
104	4857	4	21.08
490	4282	3	37.59
152	663	4	18.12
121	428	4	7.3
130	1883	3	15.63
102	425	16	25.34
102	2283	4	9.74
183	5204	3	29.66
4471	122	4	28.83
3152	123	5	35.74
102	3771	4	14.44
101	2840	3	6.63
122	5631	8	84.47
5086	14	4	11.42
786	103	6	9.41
208	136	38	189.23
148	120	45	103.03
101	211	72	160.44
105	1690	3	8.66
248	648	4	27.4
2971	14	4	6.58
3189	124	3	18.15
109	590	7	19.65
163	168	6	10.77
107	495	7	16.59
1215	128	4	18.88
320	990	3	24.15
779	111	3	5.84
295	1256	3	25.07
114	436	5	9.03
142	1754	3	16.33
377	180	14	96.38
110	301	10	19.12
703	129	3	9.07
5274	14	5	17.11
224	12	45	34.57
328	143	3	5.66
120	1885	10	70.06
3510	117	3	16.98
101	2254	3	5.47
2642	14	13	54.75
103	1206	4	6.75
129	258	6	11.31
207	232	11	59.15
149	5023	7	76.15
2706	149	5	40.65
154	1074	3	15.55
102	5466	3	11.65
101	3415	4	12.74
149	1672	3	17.53
272	276	4	19.72
3151	104	5	22.84
105	482	21	84.21
2440	217	3	26.24
1581	103	4	8.72
104	14729	3	24.97
3061	10494	3	58.65
117	3507	3	16.98
6453	12	3	9.41
1144	103	9	28.11
115	844	7	27.27
1447	434	3	29.3
3715	14	4	8.19
226	489	5	31.5
1930	110	3	11.26
836	102	5	4.95
1853	101	10	38.61
135	132	14	10.53
2	131	34	27
116	127	19	4.32
206	119	59	270.17
236	368	3	14.12
877	14	12	15.71
530	2398	3	34.08
2386	103	4	12.12
104	12225	3	24.97
331	14	36	41.28
117	2321	8	54.68
389	104	6	4.08
12	2727	3	4.05
125	442	3	5.77
148	352	3	6.97
302	104	8	4.43
124	2699	6	44.16
105	1951	5	21.09
190	427	6	34.83
789	104	4	5.16
1110	137	4	19.86
101	2017	4	8.41
8	1246	5	25.63
8992	118	4	36.22
1600	137	3	15.41
7508	127	4	37.05
159	117	28	54.16
103	536	7	7.75
805	865	5	56.01
173	837	3	16.51
561	145	5	20.64
108	884	5	14.95
193	1709	7	65.84
227	721	4	27.19
1511	110	3	9.62
120	2154	4	21.14
744	137	6	29.53
12	14316	3	18.6
11196	239	4	58.76
132	2439	8	64.52
109	1196	3	8.08
2682	173	4	34.69
1148	3890	4	60.03
12	1188	7	8.78
131	4011	3	21.35
104	3062	6	30.03
1000	101	24	105.93
394	9	6	17.48
781	347	3	23.35
418	139	4	11.35
102	4580	3	10.12
102	603	12	21.76
103	986	4	5.44
12	1915	4	4.5
104	7687	4	25.72
1500	14	12	28.76
479	1271	4	41.27
1170	109	7	30.22
488	104	6	6.4
964	21	3	15.2
125	174	28	87.82
814	9	5	20.97
238	357	4	20.98
208	101	50	74.32
104	1254	9	33.72
794	123	4	14.25
574	174	7	44.44
3339	135	3	20.24
8	7523	3	24.84
252	132	5	8.36
129	1538	4	20.97
131	1193	5	26.82
103	605	9	15.91
493	284	9	75.26
2019	101	3	4.77
7944	101	3	15.09
124	3260	8	69.13
2519	103	3	7.68
155	870	3	14.55
102	1480	4	6.43
6382	14	3	8.3
103	2010	6	20.97
111	1622	4	16.01
196	110	9	5.97
2546	12	5	10.39
1547	14	12	29.57
184	10268	3	36.63
118	918	3	8.23
117	796	3	7.4
2209	12	5	8.98
267	220	6	29.37
137	147	13	14.76
1178	14	10	15.55
1968	999	4	52.06
6690	9	3	24.87
6088	103	3	14.22
8130	14	3	10.91
206	256	3	9.56
113	608	4	8.41
299	199	3	10.62
119	1195	7	35.21
1276	127	3	12.62
1523	284	7	73.53
8	2451	8	62.6
388	102	19	31.79
105	1524	5	18.52
12	3104	3	4.69
12	441	35	75.41
3791	240	4	43.55
6712	14	3	9.43
4984	902	4	60.73
12	4938	3	7.69
303	102	17	15.39
180	262	16	96.8
8	1091	4	17.51
816	14	14	20.45
214	124	8	12.87
518	119	8	27.03
514	116	3	4.58
578	132	13	73.78
221	1566	3	23.53
105	2791	7	41.14
101	3318	3	7.76
132	900	4	17.2
8660	12	5	31
101	9919	3	17.27
170	123	14	23.83
115	939	7	29.03
11132	9	3	28.67
142	1461	3	15.14
1895	14	5	5.94
165	214	4	8.45
107	713	21	115
108	317	5	4.2
290	107	6	5.54
713	114	4	9.74
373	104	9	10.28
119	2722	4	22.91
108	6678	3	19.4
2364	12	7	18.7
9966	101	4	28.95
112	108	123	166.39
115	2574	3	13.88
715	243	4	28.2
1157	12	15	39.96
734	121	3	7.32
111	1891	5	23.83
14508	14	3	17.41
12	15294	3	18.6
144	4008	3	22.82
621	108	3	4.22
445	121	3	4.3
2709	1349	16	306.24
1723	523	3	31.86
109	410	15	51.56
1275	113	6	26.53
10668	12	3	14.19
102	3871	3	8.95
7	4969	3	42.99
3483	122	3	17.73
388	135	4	10.26
12	4596	4	11.89
208	230	3	8.62
4155	14	4	9.59
7163	5868	3	59.26
153	106	17	6.43
128	111	24	6.17
101	1434	7	17.56
104	4534	5	27.91
1975	497	3	32.51
1882	128	4	22.65
3001	114	9	67.72
12	2060	19	93.7
1599	184	3	21.47
16	2195	4	21.57
123	105	205	574.89
137	121	19	11.13
12	14727	3	18.6
1154	125	16	120.8
295	243	3	12.56
156	8684	4	45.68
116	1418	5	22.8
115	3524	3	15.99
269	286	3	13.31
4767	14	5	15.72
474	160	7	37.4
3539	3315	8	156.3
192	311	4	16.23
134	397	4	10.36
116	263	10	19.76
3294	101	3	7.76
402	85	3	8.28
410	108	4	4.45
8	1133	5	24.62
244	111	8	8.47
1353	85	3	16.24
5627	109	4	27.54
101	1870	4	7.82
157	316	4	11.97
1465	2	3	9.79
101	1225	7	15.36
6619	12	4	15.51
3339	102	3	8
455	288	5	35.01
131	4780	4	33.25
101	6435	3	12.37
59	1317	7	42.27
732	111	3	5.62
4369	9	4	30.81
155	910	4	22.14
16	1689	5	26.39
2622	123	4	24.84
163	1125	3	17.04
132	350	7	22.35
259	140	6	13.92
107	5801	4	27.39
113	721	10	42.11
716	124	3	8.69
230	7710	3	37.03
116	6670	3	21.17
10920	14	3	13.03
115	624	10	39.13
1393	101	4	5.76
138	4738	3	22.83
105	10304	3	22.94
268	368	5	30.78
117	534	8	27.29
1577	57	4	21.31
881	112	3	6.68
137	159	7	5.84
320	378	3	17.24
800	14	33	106.41
8	3019	3	17.79
12	126	1852	10809.1
1528	124	4	20.21
102	7277	3	13.81
483	114	7	18.28
12	939	9	11.56
102	1727	8	26.14
127	1645	7	45.76
102	4106	4	15.25
3452	869	3	39.9
4640	12	3	7.03
309	570	4	28.88
334	104	7	4.14
1335	14	15	39.59
102	1099	8	18.41
101	5389	3	11.4
361	101	48	152.46
983	14	16	33.38
2003	101	8	28.23
643	153	9	54.72
136	334	10	39.35
7074	183	3	32.79
1728	101	13	56.25
371	119	19	80.83
103	9766	3	19.17
101	8511	3	15.09
111	1945	11	73.67
6029	12	3	9.41
3408	118	4	24.58
111	2245	4	18.98
147	552	3	9.72
116	2998	3	15.4
10439	1282	3	52.68
6398	14	4	14
122	8349	4	37.24
2401	1133	4	55.29
515	580	4	34.98
1496	112	3	9.82
12	3706	13	80.6
2193	12	5	8.98
104	550	28	117.43
2701	250	3	28.72
128	171	8	8.68
1202	109	8	37.21
5009	8466	3	59.98
520	104	7	9.91
718	107	3	5.01
149	366	3	7.4
305	117	8	16.16
2050	14	4	3.85
285	114	8	12.66
7274	122	3	23.38
12	705	10	9.28
284	824	3	21.89
1681	14	5	5.07
2727	12	3	4.05
149	695	3	11.83
274	547	7	55.64
396	243	7	47.42
4751	14	4	10.43
127	582	3	7.73
104	2175	3	8.04
514	166	4	18.55
101	7259	5	30.84
151	121	19	19.55
125	266	12	36.91
7677	12	3	10.56
105	3995	3	14.1
12	403	16	10.82
102	5435	3	11.65
219	187	20	120.41
103	1838	4	9.76
102	1978	3	4.98
125	1054	4	17.12
124	431	4	9.28
371	148	3	7.34
119	1046	3	9.05
120	671	5	15.9
1285	103	4	7.27
140	296	3	4.49
2692	114	5	28.65
232	106	7	4.42
1037	158	3	15.87
765	250	5	38.78
643	113	3	5.08
503	221	3	15.83
193	168	11	41.98
134	864	3	11.19
593	16	7	25.59
912	170	4	24.79
116	736	3	6.72
3830	14	6	18.87
9099	14	4	18.33
101	2944	5	16.91
104	1677	8	33.09
1303	313	3	25.59
2374	228	3	26.61
178	1479	6	49.78
123	410	8	27.49
2073	12	4	5.3
105	407	14	39.55
101	1983	11	47.23
2674	14	5	9.22
215	121	8	9.71
1235	16	5	23.02
101	6110	3	12.37
105	4591	3	15.34
121	255	5	4.9
424	497	4	31.56
3499	122	3	17.73
299	138	6	16.03
122	8600	5	52.79
109	105	143	153.13
118	2555	3	14.52
114	1697	3	10.91
120	972	3	9.05
1613	103	3	5.02
3653	14	4	8.19
1481	2369	3	41.15
2408	217	3	26.24
292	346	3	15.8
120	7600	4	34.19
403	12	13	5.56
5699	14	3	7.39
110	322	6	7.38
133	620	5	19.63
109	3538	3	15.04
288	12	34	34.4
108	3158	3	14.08
115	1363	3	9.7
118	509	5	12.22
140	129	18	19
114	1342	4	14.9
3977	14	3	4.93
136	59	19	19.3
1846	108	3	10.45
765	170	15	129.12
3911	101	8	42.85
8	4369	4	30.77
5150	14	3	6.63
601	2320	3	34.78
8655	14	3	10.91
387	407	3	19.76
576	128	6	23.38
417	362	3	19.21
104	7962	5	41.62
102	3744	3	8.95
122	5594	7	67.89
1379	105	4	12.1
1375	12	7	10.6
102	7044	3	13.81
1085	545	3	29.05
694	120	3	6.94
160	276	6	21.22
281	108	13	27.08
101	3150	3	7.35
105	219	9	4.84
278	573	4	27.81
102	4568	4	16.15
8	3250	6	47.21
422	152	5	19.54
255	135	9	25.87
267	138	13	49.33
116	1547	3	11.12
119	599	5	14.2
1002	12	9	12.44
257	163	10	43.9
2004	103	5	15.56
1519	2480	3	41.68
109	1481	3	9.31
470	12	16	14.94
114	175	12	9.72
171	111	24	41
1517	103	4	8.49
101	9438	3	17.27
114	896	4	11.56
2	2634	4	20.65
7395	12	3	10.56
101	3733	5	20.27
1808	113	5	24.06
126	173	35	125.24
101	2005	3	4.77
1844	125	5	29.69
101	1358	5	8.86
631	4290	5	71.98
180	1265	3	19.72
101	610	14	28.54
101	4571	10	72.39
101	2313	5	14.01
899	2369	3	37.86
273	1234	4	34.71
121	199	12	19.32
242	282	5	25.06
754	101	6	6.21
5111	12	3	7.69
781	110	4	9.79
176	6755	3	32.08
3004	12	3	4.35
554	493	6	56.11
555	123	3	6.82
629	117	3	5.9
7333	14	4	15.8
457	101	11	11.74
154	226	36	217.93
103	3857	3	10.49
1408	149	3	16.37
4608	12	4	11.89
1073	486	4	40.03
7801	3268	4	80.16
560	262	9	75.83
1663	114	4	16.59
118	272	7	10.73
255	102	15	6.28
109	308	6	6.3
132	1882	3	15.81
107	4261	7	52.87
109	1658	5	21.58
169	156	33	159.8
10778	14	3	13.03
2569	155	4	31.61
171	127	8	8.47
717	629	5	50.84
135	116	39	53.53
786	114	5	15.18
1160	183	9	79.83
156	171	10	26.56
221	1014	3	20.7
1528	758	4	47.39
576	110	3	4.14
104	2082	3	7.79
124	845	5	21.14
337	139	7	23.17
2695	12	4	7.02
101	5457	4	18.08
102	3132	6	24.23
602	110	7	20.67
105	1060	10	43.51
103	289	14	12.68
6614	114	3	20.34
178	366	6	29.76
112	4242	3	16.71
205	2673	3	26.08
113	284	6	6.64
114	416	10	29.52
1346	4472	4	63.34
403	137	3	6.7
236	116	13	27.04
201	4024	3	29.22
133	406	9	37.13
112	248	12	21.04
106	1497	3	9.13
111	3140	6	38.71
3634	12	3	5.48
597	14	11	6.08
263	5354	3	34.58
1513	560	3	31.5
561	112	3	4.11
8324	2930	5	105.29
401	228	5	29.43
256	305	3	13.39
567	188	3	14.96
16	602	5	15.27
121	370	7	17.11
150	704	8	47.82
101	3263	3	7.76
102	2341	5	14.41
160	293	7	28.15
159	409	3	10.06
102	367	13	12.01
102	4679	3	10.12
1092	170	11	96.81
307	125	7	17.25
5184	9	6	54.91
248	343	8	53.22
156	111	13	4.76
103	1717	6	18.59
104	7915	4	28.32
182	106	14	13.22
85	150	9	10.79
124	2142	7	49.77
486	12	17	18.08
138	141	9	4.16
195	194	5	15.47
4351	112	3	16.71
2206	102	4	9.38
143	526	7	32.28
1189	12	8	11.83
230	324	3	12.87
2819	1335	6	93.14
141	559	3	8.93
140	173	9	15.14
101	12545	3	21.71
142	2768	8	70.6
536	696	13	153.34
6873	103	3	15.43
613	85	3	11.02
113	1074	3	8.2
262	128	4	5.1
298	120	5	6.67
117	1782	12	85.61
107	3899	4	23.27
304	12	18	5.62
5683	14	4	12.58
101	346	24	41.32
11928	103	3	23.63
2859	386	3	32.8
245	461	8	59.95
2889	110	7	46.51
481	16	5	12.72
102	5122	3	10.83
12	1363	5	4.84
102	2610	3	6.54
557	129	3	7.53
521	113	3	3.96
121	138	58	133.89
165	833	13	106.46
167	2185	6	53.2
112	3013	3	14.23
2841	112	3	13.85
120	1374	6	30.59
8671	14	3	10.91
1158	135	9	60.3
562	166	3	12.8
107	1465	10	55.25
258	362	4	22.29
136	440	13	67.56
267	182	4	13.8
2367	14	4	5.01
8001	3320	4	80.16
141	321	4	8.57
682	121	3	6.81
115	5360	3	19.38
115	1168	5	19.68
710	120	6	21.95
118	314	12	33.65
139	229	5	8.14
120	1393	3	11.22
113	475	10	32.28
111	1868	6	30.98
106	408	4	4.26
2299	113	4	19.49
11283	114	4	39.79
115	3565	3	15.99
7770	3114	4	79.52
642	104	6	9.28
2679	12	4	7.02
111	1494	3	9.73
108	2363	4	18.77
229	123	8	14.43
111	9950	3	24.9
240	119	22	69.96
103	6121	3	14.22
59	1987	3	15.47
282	162	4	11.57
220	116	12	20.76
101	680	9	13.3
188	468	3	13.64
351	127	4	7.86
207	333	9	55.15
1162	6323	3	46.99
335	355	3	17.24
272	305	3	13.97
1834	134	3	15.87
1112	104	4	7.58
105	4439	5	31.93
461	262	5	33.85
109	499	4	5.86
2480	6221	4	72.8
971	101	5	5.97
380	460	7	60
134	1660	3	15.23
163	134	18	41.07
161	900	4	22.9
1243	102	5	8.31
714	542	3	26.24
101	13669	3	21.71
145	394	4	11.76
114	664	7	23.35
14207	14	3	17.41
4253	12	3	6.45
441	101	47	176.43
460	112	4	5.95
102	7086	3	13.81
158	1097	8	60.14
1131	4972	6	101.5
937	102	6	8.78
124	583	11	54.6
482	132	7	27.79
103	1686	3	5.36
312	363	3	16.53
546	116	9	32.66
102	7993	4	24.35
148	201	11	32.41
5	9	4	17.92
1805	101	3	4.18
3617	113	3	15.87
186	439	3	12.97
155	3249	6	56.86
102	4264	4	15.25
8	1224	17	133.5
112	8576	4	34.32
7365	14	3	9.43
3512	197	7	80.1
12	1503	6	8.39
103	2376	3	7.39
924	101	11	27.37
104	1441	3	5.65
7852	14	3	10.91
487	139	3	7.94
207	164	14	59.83
1804	14	6	8.59
274	282	19	155.62
102	1411	14	56.55
119	496	8	26.32
143	4423	3	23.41
139	124	17	13.9
737	14	26	63.54
111	4983	4	26.89
135	308	6	15.76
223	102	28	24.22
287	153	4	9.77
368	140	4	10.08
414	123	4	8.71
102	3611	3	8.45
1096	101	5	6.97
2114	14	4	4.11
654	107	10	36.91
2663	12	6	15.39
124	7017	3	24.78
101	1069	17	63.18
598	101	8	8.64
102	1990	3	4.98
1111	102	4	4.44
556	107	4	6.54
490	171	4	19.29
1595	14	10	21.43
101	4068	4	14.91
126	475	6	20.01
369	228	3	13.81
144	102	88	62.56
3197	12	4	8.41
268	1511	3	25.19
1854	139	3	16.58
573	109	8	23.81
83	83	4	45.2
109	1274	3	8.36
413	262	13	110.13
330	162	3	8.48
6967	14	4	15.8
163	236	45	321.86
2417	128	4	24.92
399	127	3	5.4
1122	912	7	90.04
5761	14	3	7.39
3870	109	3	15.58
111	515	19	87.77
122	8337	5	52.79
144	135	19	29.22
141	7695	3	28.43
1349	103	6	16
3391	14	5	11.79
232	143	5	9
109	4829	7	58
6667	12	3	9.41
443	143	10	49.27
3408	14	5	11.79
120	712	15	83.29
711	118	12	59.13
101	13254	3	21.71
117	2422	7	46.38
268	150	5	12.83
4088	726	3	40.42
4661	14	4	10.43
2319	14	7	15.48
102	3813	3	8.95
149	354	3	7.18
275	173	3	8.26
102	1150	6	11.12
387	482	3	20.89
1407	12	9	18.29
102	7878	4	24.35
4687	14	3	5.99
101	1734	3	4.01
102	816	6	7.44
544	940	3	28.18
124	7941	4	39.1
659	615	3	26.58
216	243	3	9.55
8687	14	4	18.33
201	844	3	18.37
113	2098	3	12.24
494	106	5	8.82
107	4355	4	24.11
2	1626	4	16.33
101	11743	3	21.71
5247	122	3	20.28
144	367	5	15.42
116	337	6	10.53
1692	4796	3	47.42
108	1163	15	90.2
198	1490	3	22
223	135	5	7.08
111	6935	4	31.57
376	118	17	68.74
2373	9	3	16.39
1695	103	4	9.22
565	370	5	41.25
404	113	11	33.77
314	120	5	7.1
102	2471	6	20.93
102	4950	3	10.83
1263	129	3	12.77
153	454	4	14.7
3038	14	7	19.72
459	155	7	35.54
149	7400	3	28.4
177	379	3	11.13
103	5974	3	14.22
221	354	20	165.26
589	173	3	14.13
13	182	4	3.94
1135	170	3	18.33
102	1715	11	43.03
731	130	4	15.1
101	2907	6	22.8
351	263	3	15.03
896	121	3	8.44
111	279	40	175.1
702	142	3	10.55
438	114	24	115.6
111	4207	4	24.86
3145	12	3	4.69
169	341	8	41
3394	128	4	28.14
596	101	16	35.94
141	107	20	4.78
2142	581	3	34.21
164	177	4	5.76
107	5098	6	46.21
1555	109	5	20.91
118	104	164	191.31
12	2858	3	4.05
105	1279	22	149.71
102	5618	4	18.42
1566	104	4	10.3
5501	106	4	27.29
85	746	4	18.74
277	631	3	19.67
221	424	5	29.53
315	1182	3	25.08
101	572	62	330.2
1560	246	3	24.75
102	2763	5	16.65
631	14	38	109.03
306	156	4	11.46
211	334	10	64.84
5570	6304	7	164.49
364	1244	8	88.31
101	1213	11	33.57
12	5832	6	28.38
109	6341	3	19.43
10647	114	4	39.79
9268	106	3	24.25
109	422	12	36.56
254	104	12	8.57
294	147	3	5.24
2571	515	3	34.65
165	157	5	6.2
136	1678	7	49.56
193	134	57	314.84
111	2960	3	14.13
106	8110	4	33.33
13577	109	3	28.93
346	365	3	17.77
2578	200	6	61.31
135	499	4	12.52
108	3301	5	30.06
1959	14	10	26.09
146	117	52	120.21
127	491	3	6.64
12	3433	3	5.06
623	4848	3	40.68
1773	101	3	4.01
177	162	8	20.51
178	817	6	41.72
59	207	47	230.38
102	728	15	39.58
103	6566	3	14.22
105	6798	3	19.16
3001	103	3	8.7
102	4457	4	16.15
4505	130	4	32
129	396	13	59.39
127	1134	4	18.35
103	1610	6	17.78
396	1474	3	28.87
1258	104	4	8.6
1226	220	3	21.92
85	308	3	6
101	2736	12	66.54
2127	151	5	37.66
154	2093	4	28.91
101	4114	3	9.26
16	518	3	5.43
153	143	14	23.28
101	1471	7	17.98
127	528	6	21.87
102	2152	4	9.38
544	170	10	68.63
105	1536	6	24.49
244	1247	3	23.2
2434	114	5	27.46
5862	14	4	12.58
154	387	7	31.47
200	684	3	16.86
345	120	7	15.78
3058	112	11	90.79
196	681	3	16.72
109	469	29	149.09
136	243	21	91.95
107	372	5	5.98
163	286	4	11.81
381	121	7	17.66
199	249	3	8.9
1416	125	3	13.01
1856	113	3	11.5
2537	14	10	32.77
473	184	5	27.4
2234	14	8	19.17
286	309	25	229.6
109	3727	4	23.42
108	4122	4	24.22
501	187	13	99.68
268	1556	3	25.39
809	2592	9	138.09
1107	2921	3	40.68
823	12	14	24.99
179	16	17	32.74
117	11202	4	41.21
3929	14	8	31.61
101	3018	3	6.98
102	1634	4	7.09
5562	1134	3	45.82
355	12	48	104.84
103	2290	4	11.72
185	1051	3	18.82
5258	14	5	17.11
308	111	6	6.96
167	10470	3	34.96
316	105	6	4.51
2350	101	4	9.81
158	423	4	15.46
101	1929	4	8.11
104	4966	3	13.7
926	340	3	24.38
101	7603	3	13.56
6194	10087	3	64.11
145	314	5	13.23
1340	111	3	9.07
133	311	3	4.08
2090	129	3	15.99
2335	14	12	41.99
114	1639	7	37.37
106	2236	3	11.53
196	121	7	5.5
107	136	152	504.19
3252	9	4	27.55
162	120	15	16.74
107	6481	4	28.9
345	379	3	18.04
202	211	12	61.37
115	5299	3	19.38
143	708	5	23.22
117	989	4	13.87
145	5413	3	25.17
2756	12	3	4.05
109	698	14	64.21
138	244	4	5.66
136	3334	3	20.43
108	1386	7	32.85
191	104	37	61.64
133	796	8	43.77
264	997	4	32.45
230	1560	5	45.6
7413	14	3	9.43
138	1381	14	115.49
124	1354	16	127.17
102	2893	3	7.21
158	14	227	401.61
102	2246	3	5.69
102	524	15	28.45
520	14	11	4.03
6371	14	3	8.3
305	116	23	90.37
102	5411	3	11.65
117	14846	3	30.91
101	2469	9	39.4
12	363	20	14.83
180	284	23	162.06
2727	103	5	19.26
1014	117	3	8.87
4517	302	4	48.4
1126	3812	3	42.77
327	107	7	9.89
114	223	11	15.27
614	167	3	13.59
501	675	5	47.51
1421	14	14	36.52
108	1144	5	17.86
832	289	3	22.12
840	110	5	15.2
120	6475	3	21.83
1825	14	10	24.37
173	199	4	8.98
162	204	4	7.54
197	493	3	14.55
111	1367	3	9.22
12	5126	4	12.89
5932	322	4	52.94
219	605	3	17.11
102	1732	4	7.58
284	254	4	19.17
102	7278	5	31.27
1868	104	8	35.06
364	1297	5	50.54
669	122	4	11.43
59	724	4	14.26
314	102	11	4.47
126	225	11	26.01
186	435	5	26.57
183	2644	10	112.43
103	3083	3	9.09
7281	101	3	13.56
493	262	4	25.82
587	106	40	259.53
102	5648	7	45.3
103	2083	3	6.6
102	1703	3	4.04
1141	103	7	18.34
130	105	78	112.74
184	1256	3	20.05
102	5895	3	11.65
3616	14	3	4.5
270	118	29	119.4
178	990	7	54.13
1061	12	8	10.31
605	111	3	4.49
12	3968	4	10.26
102	4249	3	9.5
987	180	6	45.03
101	1120	11	31.93
4876	110	4	26.74
128	415	3	5.7
359	163	9	46.51
111	249	10	14.35
640	108	4	7.75
223	120	6	5.2
327	130	4	7.65
147	286	10	38.49
115	648	6	17.92
402	166	4	16.35
120	7407	3	23.07
2645	14	5	9.22
6229	161	3	29.11
5994	101	3	12.37
1113	12	10	17.55
887	166	4	23.58
141	194	5	5.95
101	10346	3	17.27
1613	12	5	6
326	1958	3	28.71
342	219	3	12.81
566	103	7	8.61
196	173	10	38.98
160	168	15	50.65
102	4551	3	10.12
448	250	6	41.14
102	2938	4	11.93
870	170	3	16.52
122	1513	3	12.06
1256	103	4	7.09
59	5567	3	22.85
101	2502	4	10.21
220	484	3	15.49
102	1123	15	54.94
103	1516	3	4.86
5261	14	5	17.11
176	1148	5	36.51
149	390	3	7.98
207	8898	4	51.53
118	428	9	28.33
120	2375	11	87.56
4283	14	4	9.59
8816	14	3	10.91
106	2741	3	13.13
108	276	7	7.31
507	155	4	16.78
1961	12	7	15.41
116	587	3	5.37
144	120	20	15.86
120	1292	4	16.6
2818	14	5	9.78
134	202	7	11.29
107	2031	4	17.12
471	166	5	24.43
9	622	3	7.8
155	437	3	9.83
102	1923	3	4.77
105	3259	5	27.63
129	352	4	8.04
283	104	11	9.08
364	107	14	40.48
241	177	6	22.06
303	101	50	135.47
2855	12	6	16.14
543	514	3	23.84
514	117	3	4.76
160	114	21	25.29
417	1943	5	57.16
110	156	19	14.89
111	549	48	334.29
3892	12	3	5.93
4016	170	3	27.12
5436	2514	4	71.27
527	122	5	13.7
120	2025	3	13.49
133	534	9	42.63
797	109	3	5.69
224	236	8	40.45
161	272	10	45.12
709	116	10	44.74
373	14	80	250.49
140	225	17	63.65
118	2324	4	20.96
102	9328	3	17.53
318	14	24	11.05
2364	103	4	12.12
6669	14	3	8.3
905	391	4	36.3
903	639	5	53.7
211	282	4	16.49
104	4284	3	12.33
105	3067	3	12.65
105	695	7	18.86
317	494	4	27.85
105	366	8	12.27
3036	12	3	4.35
101	2146	3	5.22
12	174	42	6.96
4333	12	3	6.45
101	4490	8	48.01
9708	8	3	28.64
12	2862	15	80.87
12	897	12	19.88
107	9079	4	33.42
815	123	3	9.32
10755	9	4	44.22
1972	134	4	24.23
133	3331	3	19.87
111	1629	12	77.44
371	424	5	37.93
684	253	3	19.46
120	884	10	51.72
118	149	16	10.19
2245	108	7	40.92
194	254	3	9.02
674	14	33	90.37
136	5405	3	24.36
142	1187	4	20.81
3745	12	7	27.56
113	611	3	4.85
115	2345	3	13.22
1345	493	3	29.89
105	8637	3	20.72
108	595	6	15.19
119	590	7	24.05
173	138	6	6.16
3811	14	3	4.93
5439	122	3	21.14
120	4316	3	18.55
438	12	24	33.9
113	433	5	8.93
114	301	8	13.56
652	213	3	17.26
116	268	21	70.76
1340	141	3	14.52
1441	12	5	5.28
101	5350	3	11.4
102	2746	4	11.43
4267	14	5	14.54
1	2	18	37.42
155	1559	5	35.99
185	229	8	34.57
1269	12	6	6.75
2286	102	6	19.61
12	1600	14	45.68
104	1043	8	24.59
122	425	16	72.18
211	321	3	11.75
2314	14	9	24.91
1985	106	5	23.65
525	128	3	7.17
101	2958	7	29.23
102	4145	5	21.78
5081	14	3	6.63
104	4050	4	19.09
14669	14	3	17.41
589	121	3	5.94
523	155	3	11.08
720	345	3	22.72
13	115	58	134.13
1656	252	7	71.79
144	189	7	12.36
496	2098	8	105.54
1315	5756	3	46.76
120	3407	9	75.88
884	59	6	28.62
2648	261	3	28.93
134	12	141	56.3
332	163	3	8.5
303	136	5	11.75
275	121	6	8.52
148	258	14	60.38
390	161	7	34.21
102	1203	6	11.64
2076	106	7	39.06
103	7438	3	15.43
416	121	17	76.11
117	10944	3	26.42
103	1764	3	5.54
155	454	6	28.42
101	2749	4	11.11
102	3872	4	14.44
239	120	8	11.92
149	407	3	8.32
2	10349	3	25.15
582	103	6	6.28
128	108	51	53.72
7821	113	4	34.71
761	121	6	22.82
542	2	4	7.24
11947	11999	3	78.16
221	595	11	92.18
2041	152	5	37.36
3686	14	5	12.6
302	138	4	7.9
657	106	5	11.85
238	118	13	28.36
1081	105	3	6.13
253	390	11	85.96
102	2550	3	6.23
3648	14	10	44.34
754	113	3	6.09
272	271	3	13
3179	102	3	7.59
1572	108	7	34.7
104	105	795	2374.35
4470	101	5	22.6
101	7731	4	24
1481	3582	4	61.5
225	273	7	37.33
3801	123	6	49.11
102	9150	4	24.35
120	1426	3	11.39
114	194	12	14.22
2175	14	6	10.85
436	120	3	4.14
118	255	5	4.38
201	3091	3	27.1
142	648	4	15.49
101	1751	3	4.01
9532	132	3	29.76
176	448	6	32.95
309	143	5	12.77
1288	103	3	4.01
1440	184	3	20.9
694	135	6	28.07
315	176	7	33.26
1024	59	5	23.7
12	739	11	12.75
929	5658	8	147.44
786	12	15	26.95
428	6973	4	58.37
576	125	3	7.44
12	589	17	24.57
129	495	4	11.16
370	604	7	63.94
104	9502	3	20.5
5129	14	4	11.42
843	141	9	55.06
111	7887	3	22.68
569	120	9	35.46
8	10755	4	44.18
138	857	5	24.26
2168	122	3	14.34
1116	113	4	13.45
949	103	4	5.19
2481	284	3	29.3
2990	14	6	14.79
14717	14	3	17.41
1312	461	4	41.51
218	11335	3	38.64
1632	113	3	10.65
467	103	13	24.47
134	276	6	13.85
323	562	3	20.2
3504	104	4	17.53
4594	14	6	21.82
809	4940	5	77.87
2567	12	5	10.39
7381	14	4	15.8
109	765	6	18.44
2	1257	9	47.22
107	2253	3	11.88
679	104	5	6.87
7620	2658	4	75.21
347	123	3	3.87
114	2310	3	12.87
113	336	22	85.29
1713	104	3	6.5
998	188	20	209.54
177	287	3	8.75
127	706	5	19.89
1109	234	3	21.89
102	3096	7	30.97
216	908	3	19.67
6289	2719	6	120.2
102	3466	3	8
6403	14	3	8.3
554	4080	11	189.19
149	4761	9	103.68
1226	104	8	27.56
574	169	4	20.31
115	804	13	66.14
431	708	3	24.54
702	264	4	29.23
112	7240	3	21.21
1894	102	3	4.58
2921	12	4	7.91
8899	12	3	12.05
1314	109	5	19.42
344	104	13	19.97
193	1124	4	29.16
118	220	11	18.12
1002	114	4	12.55
102	1801	8	26.78
156	435	3	9.87
105	7879	4	31.57
1918	419	5	57.24
10819	239	3	39.57
302	14	20	4.48
1559	3540	4	62.03
101	2294	6	19.12
2588	130	3	17.95
448	458	3	21.81
865	109	16	86.05
101	2018	14	69.29
5447	5987	3	58.02
151	2127	6	47.68
152	127	252	1703.91
5797	180	3	30.22
424	468	6	51.53
104	931	12	44
159	116	26	45.42
143	268	3	4.09
118	302	7	12.45
111	1851	8	46.54
138	405	8	32.71
293	143	3	4.78
1272	103	3	3.89
4145	122	4	27.88
108	390	24	101.74
112	1870	5	23.99
137	296	4	7.66
8095	12285	3	71.43
229	106	7	4.3
799	1153	17	252.16
116	5170	3	19.3
3508	9955	4	85.87
12528	6	3	53.66
5814	14	3	7.39
3843	14	3	4.93
119	3516	4	25.36
116	854	13	70.85
528	129	3	7.21
184	517	8	53.22
12	1423	8	14.46
601	1606	3	32.29
101	3529	5	19.3
102	2598	6	21.66
3002	102	3	7.21
2586	122	8	59.84
11359	12	3	14.19
3006	14	5	10.39
8770	14	5	29.02
1770	12	4	4.04
126	121	24	12.79
1105	400	5	50.44
312	144	4	8.8
125	403	12	51.75
276	108	6	4.99
2051	135	4	24.8
1616	113	4	16.5
4235	14	3	5.43
102	3959	3	8.95
120	1105	13	82.15
326	129	3	3.97
329	772	5	43.24
286	138	4	7.37
108	3978	3	15.54
133	376	3	5.61
638	571	8	85.24
112	278	6	5.85
115	283	6	6.68
119	1859	4	19.24
140	1769	5	32.44
298	135	22	112.08
3167	14	5	11.06
1871	128	4	22.65
161	4360	3	26.47
14602	114	3	29.84
138	111	20	6.03
163	148	6	6.18
2632	104	4	14.66
119	975	10	53.28
9579	5540	4	90.83
105	3289	6	35.87
102	3685	5	19.72
9193	218	3	38.64
315	1833	3	27.84
148	184	11	29.19
102	3500	3	8.45
131	973	4	17.86
103	5897	3	13.24
104	2264	4	13.38
104	410	35	137.83
101	1862	20	117.02
150	389	27	191.11
1413	129	4	20.23
4147	110	4	24.71
1647	12	5	6.27
12	511	31	70.41
104	2023	9	43.63
131	933	4	17.4
154	585	5	24.21
365	414	3	19.28
873	101	11	25.84
1862	2087	4	58.34
182	123	6	4.33
219	326	12	82.52
101	2783	3	6.63
101	942	15	47.5
4627	12	3	7.03
7674	3731	6	131.38
111	10480	3	24.9
279	107	9	12.84
1298	109	3	8.5
102	3081	5	18.05
158	275	10	44.06
115	320	8	14.73
120	1956	6	35.36
298	102	30	53.24
264	890	3	21.75
1364	107	3	8.7
111	6259	3	19.88
225	770	3	18.94
4159	12529	3	65.27
172	1607	4	29.94
113	225	24	65.8
1609	439	3	29.92
199	212	3	7.37
841	112	3	6.5
226	334	11	75.71
136	908	4	18.05
122	9644	3	27.18
1907	101	3	4.37
1871	110	4	17.04
3103	9748	3	58.65
141	544	4	13.83
805	14	11	11.37
157	101	61	44.39
1175	14	8	9.37
130	1391	3	13.81
102	915	31	153.05
729	134	7	35.34
59	2243	3	16.31
131	3497	4	29.59
12	5696	3	8.47
554	560	6	57.89
1534	14	7	9.83
521	101	7	4.56
1885	122	7	43.81
7790	122	3	24.96
2039	14	11	32.21
131	366	5	13.19
105	1198	16	91.92
101	708	6	5.59
12	2681	5	10.93
2051	102	4	8.71
238	164	8	29.78
125	705	4	13.74
391	117	5	9.41
102	1537	4	6.64
2011	112	8	48.32
1004	14	16	34.03
531	378	6	51.25
2636	3560	4	66.8
136	455	3	7.46
1213	678	3	31.36
293	124	9	24.97
142	4820	3	23.84
142	2345	3	18.45
3777	12	3	5.93
155	11479	3	37.97
114	145	25	19.3
119	1249	6	28.86
204	14	101	151.06
1523	110	3	9.8
11089	14	4	23.22
141	667	5	21.87
170	5524	3	29.42
109	644	8	25.91
197	325	4	17.17
254	14	39	25.39
266	102	27	35.06
1287	104	4	8.79
773	14	10	8.01
39	159	4	4.65
144	201	7	13.33
116	486	11	41.24
117	1412	31	294.85
1788	104	3	6.89
674	711	3	27.73
222	290	3	11.45
111	2184	8	49.73
413	284	6	42.56
142	1649	4	23.6
146	116	17	9.38
119	1444	3	11.04
8327	103	4	26.54
101	1447	10	32.5
1136	124	4	17.79
160	134	23	61.29
127	488	3	6.64
278	608	5	37.84
8753	12	3	12.05
102	2176	4	9.38
383	708	7	67.39
101	5903	4	18.08
8993	135	3	28.01
2855	148	4	30.17
780	107	3	5.44
1974	102	4	8.41
158	164	7	12.32
102	1223	5	8.31
10147	6093	3	64.11
872	7029	3	46.23
149	427	25	178.32
103	1744	3	5.54
116	1068	3	8.9
1633	104	10	45.68
147	259	3	4.31
4896	2164	8	157.63
1044	109	4	11.74
111	5029	4	26.89
107	3972	6	41.08
1629	101	8	24.31
110	416	6	11.2
106	1108	4	12
4897	103	3	12.41
5988	111	3	19.88
111	3279	3	15
120	875	4	13.27
549	104	5	4.97
553	101	24	68.16
787	117	4	11.75
124	6508	6	60.41
101	2173	3	5.22
823	134	4	16.78
1143	14	7	6.49
129	101	374	937.24
12	196	344	1618.03
2618	111	3	13.39
101	1889	5	11.88
102	1032	16	57.03
4602	125	4	30.9
336	134	4	8.56
121	289	6	9.26
4259	125	5	40.28
355	134	3	5.36
1297	127	4	19.35
103	2266	3	7.11
184	460	5	27.23
823	103	6	10.04
158	2034	7	60.44
129	136	70	233.05
1199	125	3	12.07
9763	2895	3	58.22
4806	45	3	29.19
4740	14	3	5.99
871	103	6	10.72
12	909	39	174.65
105	5989	3	17.94
215	173	14	68.45
355	103	8	4.7
212	434	5	29.02
4642	14	5	15.72
336	103	28	68.92
2523	298	5	55.32
104	6940	3	16.75
102	2723	6	22.45
976	240	5	40.87
115	343	11	28.94
119	1919	5	26.85
507	400	8	74.09
134	712	4	15.51
9205	104	3	20.5
5680	14	5	18.78
107	7381	4	30.81
114	322	5	5.5
116	2695	4	22.01
175	203	6	18.2
119	782	3	7.3
118	138	40	61.85
496	951	11	132.65
802	12	8	6.53
138	543	19	124.74
10807	4512	3	61.45
3948	14	3	4.93
137	129	16	13.59
671	433	4	34.61
142	777	3	11.12
776	170	5	31.26
102	766	11	23.66
186	108	48	150.26
905	120	3	8.53
9094	14	3	10.91
250	615	22	229.76
636	144	4	15.91
248	545	6	43.67
338	490	3	19.87
4871	109	3	17.57
129	372	11	44.16
247	130	5	7.76
12	2316	5	9.42
101	5035	3	10.58
266	135	5	9.74
713	12	8	5.12
102	10131	3	17.53
109	462	8	20.17
106	1085	4	11.84
505	1059	4	40.28
4624	114	4	26.42
673	106	3	4.56
137	709	4	16.01
318	118	10	24.96
225	1237	4	31.86
591	146	5	22.02
114	564	3	4.43
115	924	9	41.67
109	1347	4	13.97
39	192	3	4.63
12	388	95	395.32
547	378	21	239.13
8	1040	6	30.44
9	385	3	4.83
654	112	11	45.08
122	3213	5	33.8
6159	12462	3	68.6
996	140	7	41.77
1060	109	4	11.9
285	137	7	19.68
156	239	3	5.05
102	1997	6	17.9
101	3379	5	18.43
1334	217	3	22.35
1111	101	4	4.18
966	116	6	24.73
905	162	17	151.52
177	153	5	6.55
3103	2480	3	46.58
584	14	14	11.6
8	5915	4	34.64
103	2819	3	8.33
1138	110	3	8.12
5576	4484	3	55.36
111	848	13	65.34
537	101	15	27.86
3602	103	5	22.37
83	9	4	16.25
1065	1591	3	36.14
146	185	6	9.17
3392	348	3	33.21
401	157	5	20.87
4582	113	3	17.65
119	1063	3	9.17
140	1033	3	12.84
1047	104	6	15.09
1273	116	6	28.28
254	199	3	9.14
801	217	11	99.7
109	380	14	42.94
2692	12	4	7.02
1249	122	3	10.89
266	204	3	9.79
183	4281	4	40.4
102	1047	12	35.8
307	527	4	28.15
1257	1396	3	36.54
3964	699	3	39.56
104	1016	11	40.57
131	1979	3	16.24
128	435	3	5.97
158	711	3	13.49
314	153	3	6.44
187	162	5	10.01
101	829	21	75.65
731	112	3	5.63
101	2931	9	43.6
239	406	3	15.25
936	14	17	35.58
1162	7157	3	48.23
655	262	6	47.99
13	206	7	15.47
189	132	6	6.95
120	12520	3	31.35
972	104	4	6.73
173	164	5	8.77
8769	12	3	12.05
172	786	3	16.03
118	199	19	43.02
945	107	3	6.58
295	1475	3	26.11
777	1116	3	31.77
142	1966	3	17.04
832	326	3	23.16
1484	14	8	12.7
263	107	8	9
118	182	20	41.48
7597	12	3	10.56
3226	104	3	10.33
109	916	7	26.35
502	103	9	12.56
115	3736	4	24.7
199	755	3	17.58
1549	12	10	24.28
234	816	3	19.94
1631	148	3	17.11
115	4919	4	27.57
2036	12	7	15.99
676	103	6	7.91
369	833	6	57.43
264	545	6	45.17
147	329	8	30.7
5873	14	3	7.39
102	2476	5	15.45
152	337	7	27.68
122	3066	13	125.53
8097	103	5	39.38
101	1947	4	8.11
103	699	11	26.91
102	2676	3	6.54
542	461	3	23.14
104	4120	6	34.94
2321	427	3	32.27
122	5976	3	22.15
849	113	5	15.97
13884	9304	3	73.67
102	4087	5	21.78
3945	104	3	11.76
1542	125	3	13.55
1183	125	4	18.2
2200	122	4	21.55
145	502	63	603.33
117	3312	3	16.49
839	103	7	13.99
119	2460	5	29.9
1349	12	6	7.52
445	173	6	32.56
228	141	7	15.1
1247	170	13	123.92
111	3810	4	24.02
1309	106	3	8.33
106	314	21	67.27
119	1098	3	9.42
4219	14	4	9.59
12	718	8	5.27
156	268	3	6.04
350	106	7	11.15
103	7384	3	15.43
626	138	6	27.11
3370	14	5	11.79
5472	216	3	32.41
241	150	6	15.41
341	106	5	4.97
3445	14	4	7.59
313	111	6	7.08
102	6355	4	19.9
2939	104	4	15.68
105	2511	4	17.31
103	937	5	7.99
492	16	4	8.83
16	540	3	5.62
755	148	3	12.2
4507	123	5	40.93
105	904	5	13.05
127	546	3	7.28
276	141	6	14.89
1301	12	11	24.96
2425	14	5	8.22
1410	12	7	10.95
1673	515	3	31.58
150	130	11	9.37
102	4372	3	10.12
157	120	16	17.07
103	813	4	4.03
159	205	4	7.29
57	1334	3	13.14
101	1240	14	50.96
2834	14	5	9.78
5177	14	5	17.11
7218	103	3	15.43
1889	106	3	10.52
9183	246	3	39.93
714	296	3	21.34
3907	14	3	4.93
2880	101	3	6.98
144	504	3	8.7
2363	101	4	9.81
3386	14	5	11.79
333	12	18	8.38
231	175	3	6.79
118	313	10	24.45
142	343	5	13.96
3429	14	6	16.61
1148	224	3	21.55
1505	1991	3	39.98
986	103	5	8.64
12	1158	38	205.18
102	372	10	6.09
101	1809	6	15.97
131	1539	4	21.66
102	6271	3	12.62
8	5773	3	22.59
819	1289	8	105.96
107	8713	4	33.42
7789	113	3	23.07
101	2636	5	15.63
102	1253	9	25.36
1565	148	6	42.66
2556	109	3	12.61
1502	12	5	5.51
131	2621	3	18.07
105	1479	10	51.38
156	108	20	15.38
2532	14	10	32.77
178	3785	3	27.02
1189	103	4	6.58
119	919	3	8.29
117	180	30	81.4
266	316	3	13.94
105	11558	3	27.41
111	7961	3	22.68
193	293	11	65.82
5857	14	3	7.39
717	111	5	13.66
107	3892	3	15.46
192	376	5	25.53
1690	103	5	13.66
539	124	8	32.88
880	140	12	81.78
3229	168	3	24.5
142	124	11	3.9
3796	12	5	15.34
195	156	49	311.57
107	593	8	24.19
222	14	37	11.43
134	305	5	11.23
110	267	8	10.13
3026	130	5	36.98
113	262	9	13.97
101	12178	3	21.71
119	1839	6	33.6
205	315	4	17.04
115	295	32	136.61
617	119	16	83.47
171	629	11	82.24
1721	4472	4	65.49
441	102	8	4.99
165	228	29	178.39
194	450	5	28.21
7643	14	3	9.43
124	6187	4	34.56
16	2281	3	14.64
271	101	61	169.26
251	104	16	17.49
101	3950	3	8.71
1270	102	4	5.33
105	2400	5	23.51
102	2381	4	10.12
9847	5623	3	63.08
85	117	19	16.48
486	134	15	84.48
101	4422	4	15.82
14645	12	3	18.6
757	101	27	106.34
821	801	11	141.33
2	193	127	717.81
472	149	3	9.26
116	198	15	26.9
114	112	81	77.95
135	188	5	4.83
108	3501	5	30.96
136	6315	3	25.38
2480	8	3	16.69
133	1502	3	14.44
257	116	6	6.62
560	284	7	56.92
1068	14	10	13.57
3326	113	4	23.09
809	3547	13	236.45
333	137	4	8.91
1248	123	10	65.36
655	110	3	4.92
178	1573	9	84.27
220	117	7	6.72
3823	1135	4	60.03
101	2352	3	5.73
351	57	3	4.64
117	8860	5	51.52
12	1066	7	7.52
102	3979	4	14.44
178	1788	10	99.54
2590	106	4	19.48
1570	112	11	68.1
965	114	3	7.58
149	1702	22	237.55
121	104	163	207.59
2156	12	4	5.6
154	1472	5	34.65
1778	124	3	14.2
102	2586	6	21.66
131	3506	3	20.21
2614	12	4	7.02
16	190	23	63.07
173	255	3	7.64
434	166	3	11.07
1002	103	4	5.44
3384	114	3	15.45
706	187	8	59.99
108	601	46	322.38
14866	14	3	17.41
470	103	9	11.56
4344	14	3	5.43
168	2	12	7.1
119	1348	3	10.71
7422	12	3	10.56
235	314	3	12.64
3262	101	3	7.76
116	141	15	3.89
39	4806	3	28.3
2141	3362	3	46.09
1208	12	5	3.91
107	5835	3	18.31
1525	106	4	14.67
11812	128	3	33.61
458	723	23	298.46
105	2252	9	53.82
157	189	10	31.4
481	195	3	14.28
316	1046	4	34.73
102	2529	6	20.93
105	797	8	26.05
122	554	5	14.24
102	1789	6	16.44
1716	197	3	22.75
3758	109	3	15.58
101	456	16	26.77
105	1936	5	21.09
129	230	9	20.16
353	16	10	30.87
1029	12	16	40.33
377	874	3	24.86
411	144	4	11.99
349	197	3	11.92
472	428	6	51.72
194	392	5	26.58
5747	261	3	34.55
165	2412	3	22.22
120	7595	4	34.19
2441	14	12	43.64
204	645	7	50.99
1317	12	25	109.49
1484	6	8	107.19
134	219	5	6.75
1077	161	3	16.62
1215	125	4	18.39
541	128	3	7.27
300	1856	3	27.75
101	8309	3	15.09
12	4763	4	11.89
103	1463	3	4.55
2865	101	4	11.11
221	330	26	224.01
127	3472	4	28.69
3891	14	5	13.51
102	3743	5	20.69
2902	2056	6	99.85
85	163	7	9.24
213	668	6	43.45
178	390	3	11.46
1028	125	6	30.38
358	12	14	4.38
102	2287	5	14.41
102	7047	3	13.81
116	8626	3	23.98
448	170	9	55.66
102	4565	3	10.12
666	125	13	73.95
102	620	14	29.89
696	200	3	17.02
217	146	20	86.09
109	9325	3	24.44
870	250	3	21
16	353	4	5.93
207	1128	6	49.85
2695	134	3	18.43
85	188	4	4.51
184	1624	3	21.68
104	1274	14	66.41
1206	13	6	38.99
57	14	276	227.85
148	102	244	650.74
1672	419	3	30.03
3318	10070	4	85.17
1677	101	7	19.81
6012	11	5	88.4
102	3139	7	30.97
188	1814	4	32.62
160	236	6	18.24
102	2268	5	14.41
7645	114	3	21.57
134	256	6	12.69
433	214	3	14.41
3331	8	5	37.05
205	234	21	140.18
113	1033	3	7.85
1630	188	3	21.96
369	157	3	8.84
639	110	6	16.64
224	114	18	39.81
744	114	3	6.08
113	1433	5	21.64
1610	102	5	10.59
3141	646	7	101.96
436	391	6	49.06
174	177	7	19.38
115	1403	5	21.54
541	110	4	6.77
321	616	3	20.87
111	3776	8	63.15
124	1685	8	54.21
180	3475	3	26.77
127	124	16	7.02
101	1318	9	25.61
101	7886	4	24
12	7355	3	10.56
461	284	15	139.73
111	8283	3	22.68
967	14	22	60.24
902	45	3	17.36
781	109	3	5.54
629	116	4	9.63
246	109	7	5.58
101	2273	6	19.12
701	127	16	101.95
637	122	7	26.67
102	1742	9	31.76
5110	681	3	41.36
657	124	13	73.25
4282	12	5	16.39
202	994	3	19.52
297	171	3	8.81
1452	14	6	6.3
464	110	4	5.72
173	220	7	25.23
3503	2	10	84.81
161	5292	5	53.87
2807	12	3	4.05
146	499	3	9.07
745	110	3	5.6
113	2187	3	12.51
2985	12	6	16.95
590	123	7	28.15
134	494	6	23
2171	113	3	12.51
135	117	17	5.83
133	809	4	16.39
134	21	7	4.36
2842	12	5	11.51
120	5980	3	21.83
617	226	4	25.59
144	57	10	4.35
167	863	56	717.12
918	147	3	13.11
2003	122	3	13.8
5310	141	4	35.81
115	1799	6	31.49
230	2871	3	28.33
1418	14	16	46.76
2059	116	3	12.85
296	104	9	5.97
2338	12	5	9.42
118	442	4	7.05
1728	122	3	12.86
671	953	3	29.81
111	1951	3	11.37
256	147	6	15.44
350	14	23	14.66
105	1563	5	18.84
12	711	9	7.18
598	941	4	41.03
102	6150	4	19.9
6686	14	3	8.3
109	9513	3	24.44
160	856	3	14.99
253	2711	4	41.11
1948	151	3	18.74
3924	12	4	10.26
516	122	6	18.26
103	5126	3	12.41
104	3017	3	9.94
868	14	23	58.67
45	207	7	24.29
149	2110	3	18.98
163	2201	4	30.96
706	246	3	19.48
197	839	5	35.68
7414	14	3	9.43
163	475	7	37.83
119	790	3	7.38
201	2948	3	26.68
1926	122	3	13.55
118	897	3	8.03
254	442	3	16.42
2839	125	6	44.49
109	142	56	91.34
2069	2001	5	76.52
348	117	5	7.99
109	1806	3	10.48
194	282	9	49.03
167	660	9	62.6
116	331	5	7.05
115	463	9	27.3
2337	125	3	16.15
405	488	3	21.5
261	164	4	11.04
112	603	3	4.57
106	1915	5	22.79
2000	102	6	17.9
2418	125	4	24.42
1393	122	3	11.52
124	1786	11	84.93
122	2348	4	22.38
215	137	9	21.48
102	2469	4	10.52
104	2716	5	21.4
103	363	9	6.88
127	333	4	7.27
102	4295	3	9.5
515	284	7	55.64
1021	14	8	7.45
361	122	28	145.55
358	738	9	90.53
8481	103	3	16.98
427	216	5	29.24
511	102	10	11.86
221	344	16	123.04
101	2246	9	37.12
104	4111	3	12.33
101	524	42	166.21
101	2893	6	22.8
101	4510	4	15.82
12532	122	3	31.67
3239	12	6	17.84
461	12	12	6.33
105	2275	11	71.67
101	5442	5	25.77
383	180	11	70.65
102	2502	4	10.52
215	12	28	5.47
159	322	3	7.92
183	1	4	11.05
105	632	6	13.22
5533	216	3	32.41
1231	219	3	21.9
931	6230	7	128.87
12	6536	3	9.41
102	4053	3	9.5
105	1312	3	7.3
103	3531	4	15.81
758	106	3	5.23
1499	160	6	46.08
101	7189	3	13.56
4034	14	3	5.43
1983	103	3	6.37
1178	158	3	16.8
111	5876	3	18.87
2815	14	5	9.78
5092	14	5	17.11
268	389	3	16.01
2775	109	3	13.31
108	828	12	55.9
8811	14	3	10.91
223	108	7	3.85
640	120	4	10.59
116	1012	3	8.55
4290	14	4	9.59
249	10244	3	39.97
287	141	3	4.25
2297	14	5	7.78
107	1605	8	41.81
107	5814	3	18.31
148	278	8	27.46
4597	123	3	20.69
101	4994	7	41.24
101	2483	4	10.21
104	3877	4	18.27
371	9083	3	41.56
101	1059	16	57.23
102	1988	4	8.71
105	3192	3	12.65
277	118	6	7.86
626	106	3	4.15
623	412	3	23.27
520	143	3	8.88
124	7725	3	26.36
128	189	12	25.24
103	2579	3	8
101	7253	3	13.56
102	849	10	21.79
103	962	7	15.82
101	1703	10	36.06
3184	14	4	7.06
12	3687	3	5.48
9605	5049	3	62.21
176	528	3	13.44
918	121	3	8.64
573	103	6	6.09
797	161	3	14.64
8934	14	3	10.91
1606	12	5	6
203	2771	3	26.41
680	362	7	65.37
114	479	5	9.99
2148	14	4	4.39
106	1662	3	9.68
134	197	10	21.72
2652	14	8	22.83
256	121	15	42.25
343	130	3	4.71
443	2601	3	33.55
1122	3183	7	111.24
118	417	9	27.7
12	11332	4	24.8
435	121	13	52.5
1011	916	3	32.19
1722	170	6	50.97
106	1036	5	16.34
123	142	31	53.31
214	104	13	5.63
121	763	4	12.08
816	123	13	79.12
12	3464	13	73.49
12	1346	7	10.6
4336	12	4	11.02
160	110	30	48.48
420	318	4	26.27
1192	109	3	8.08
238	511	6	42.08
3043	12	5	12.14
103	1778	3	5.54
664	107	3	4.55
3447	121	4	25.18
105	1811	7	33.48
2398	113	6	35.31
1009	102	5	6.46
445	137	5	16.84
111	1193	18	120.48
1037	14	20	53.1
173	388	3	11.2
119	334	5	7.6
1039	183	3	18.75
1513	413	5	54.45
164	416	3	10.46
409	127	9	34.83
108	3332	3	14.52
197	1425	6	52.38
170	14	100	86.59
6595	14	3	8.3
108	4108	6	42.71
851	107	4	9.94
8	814	9	48.48
9	167	8	6.49
179	117	11	11.42
12	164	98	84.33
823	110	4	10.25
101	4774	4	16.86
2519	125	4	24.88
2256	240	3	26.9
9	905	3	10.19
819	282	5	41.56
101	1923	3	4.56
103	627	7	9.84
9905	846	3	49.84
3371	1435	3	43.32
2433	12	11	41.5
572	315	3	20.16
3394	12	3	5.06
237	140	12	39.3
404	2853	5	61.36
366	14	17	5.83
264	521	3	18.06
714	119	13	66.97
2899	103	3	8.7
566	159	3	12.23
227	236	6	27.39
7807	104	5	41.62
120	2877	6	41.65
2876	103	3	8.7
107	3965	3	15.46
301	129	10	32.07
235	213	3	9.06
171	230	3	6.63
205	704	6	43.05
650	12	10	7.82
325	138	3	5.03
107	965	7	26.88
117	2943	3	15.62
3200	14	6	15.65
141	105	85	160.54
560	12	10	5.64
9157	14	3	10.91
1135	12	6	5.85
101	742	7	8.74
2132	14	8	18.41
102	4166	4	15.25
188	2241	3	24.23
483	173	3	12.71
117	11169	3	26.42
513	85	3	9.85
117	8761	5	51.52
2970	122	3	16.36
14612	119	3	30.98
104	5651	3	14.54
105	2086	10	60.17
155	2868	3	22.57
5322	123	3	22.3
336	128	3	4.22
244	120	5	4.29
245	497	7	51.64
177	459	3	12.62
382	502	4	30.46
12	1764	5	6.84
101	1203	10	28.52
8620	14	3	10.91
131	1891	4	23.4
160	359	3	8.96
102	5030	4	17.2
122	7014	5	47.39
3285	14	4	7.59
108	1020	7	27.92
117	268	6	7.44
118	665	7	25.67
621	113	4	8.49
931	9677	4	73.4
133	584	4	13.47
116	495	6	15.86
144	210	5	7.6
175	1339	3	19.58
103	8284	3	16.98
940	111	4	11.55
113	203	28	75.15
144	854	3	12.14
2784	101	3	6.63
734	12	15	25.33
1145	8	3	11.69
2977	14	5	10.39
122	211	14	30.11
105	4424	3	15.34
824	152	3	13.32
128	120	30	26.37
160	128	12	15.6
102	2958	4	11.93
2799	14	6	13.99
59	205	14	35.14
1533	129	4	20.97
122	2840	4	23.81
241	194	4	13.48
4571	14	3	5.99
105	3952	3	14.1
103	5817	5	28.91
102	5350	4	18.42
3449	1391	4	60.29
101	6715	3	13.56
285	173	14	82.08
159	59	24	57.08
2154	123	4	23.09
186	504	4	20.86
185	138	54	286.41
126	203	9	15.33
863	883	5	56.87
453	106	6	11.48
353	150	3	7.28
101	4883	3	10.58
149	1020	4	21.44
2698	114	4	20.92
124	274	21	88.14
2256	107	3	11.88
1934	288	8	91.41
255	108	7	6.16
15219	14	3	17.41
1460	12	14	42.57
406	197	3	13.25
333	173	12	72.25
119	431	5	10.55
117	1283	20	153.81
2	115	91	107.6
364	11748	3	48.03
211	8299	4	52.01
2993	14	9	31.1
5124	14	3	6.63
147	121	150	678.66
85	195	5	8
751	113	3	6.02
11442	155	3	37.97
103	2751	4	13.47
5371	12870	3	67.58
317	129	15	61.6
3689	14	5	12.6
103	2393	5	17.48
104	4632	3	12.97
986	170	3	17.42
1632	111	3	10.28
10192	9925	3	69.17
111	407	9	23.31
2063	12	5	8.19
165	332	3	8.73
112	258	7	7.32
107	1113	8	35.32
2688	102	3	6.54
496	525	31	404.73
105	11475	3	27.41
109	4809	4	26.28
197	6738	3	33.68
1846	135	3	16.04
111	3785	4	24.02
541	103	7	7.86
651	139	3	9.83
328	104	11	12.89
120	5361	3	20.82
411	151	3	8.62
135	342	4	8.9
171	391	13	86.51
852	101	6	7.35
2838	111	3	13.75
2	1236	4	14.03
139	536	4	13.47
109	547	6	13.98
163	855	3	15.17
8666	12	3	12.05
142	2888	5	38.96
906	107	6	20.31
1007	1841	10	150.84
105	1360	5	17.32
102	2018	5	13.05
103	1638	10	41.36
354	112	6	9.3
3479	170	4	37.3
101	3160	3	7.35
281	102	13	5.48
102	2294	6	19.61
8	3252	5	37.05
1000	122	7	33.85
101	4032	4	14.91
101	1801	11	44
943	217	4	29.22
117	708	3	6.7
111	1573	22	178.36
291	114	25	92.48
111	1788	9	54.06
293	199	3	10.44
333	855	5	44.54
297	204	3	10.72
4643	125	5	41.57
114	177	17	22.83
170	485	3	12.48
498	107	4	5.74
1517	109	4	14.91
1180	102	4	4.86
1853	122	3	13.31
526	104	7	10.01
955	127	28	241.45
207	3374	6	65.72
6408	14	3	8.3
102	172	50	49.43
101	3466	7	31.64
928	137	3	12.09
102	4019	4	15.25
101	3096	3	7.35
219	516	5	31.8
784	624	3	27.82
11579	101	3	21.71
429	137	5	16.48
1295	134	4	20.72
13	242	6	14.79
129	239	6	9.84
12	333	16	5.44
592	12	10	6.58
6427	12	3	9.41
115	2162	6	34.24
572	105	4	5.34
472	143	3	8.24
5395	14	4	12.58
3288	262	3	30.62
192	146	21	83.37
193	759	3	17.44
110	484	7	17.09
116	1595	3	11.31
331	158	6	23.81
4256	114	6	44.6
12	10581	3	14.19
257	16	10	21.98
227	203	4	13
107	278	8	9.86
442	113	4	5.84
291	168	4	12.77
642	106	3	4.26
398	138	3	6.63
7969	103	5	39.38
9460	10360	4	101.92
415	120	5	10.69
1652	12	7	12.92
12	255	107	301.24
149	249	7	20.31
276	120	7	11.69
108	8592	3	22.2
284	130	4	6.3
219	582	6	42.13
102	5551	5	26.2
131	2086	4	24.46
159	39	9	22.49
5424	104	3	14.54
183	152	6	10.61
271	3035	6	69.76
239	1230	3	22.8
2164	14	4	4.39
105	573	6	12.04
842	551	3	27.48
12	11152	4	24.8
107	736	30	193.33
3987	14	6	18.87
567	16	3	5.99
106	213	14	19.09
107	584	6	14.68
195	163	14	57.08
163	129	7	4.3
944	12	7	6.27
413	12	13	5.97
111	390	10	26.7
161	1564	3	19.04
112	5004	3	18.11
105	12452	3	27.41
142	1516	3	15.51
104	2277	5	19.07
1800	409	3	30.39
1290	106	3	8.33
3519	104	3	11.24
153	309	7	25.51
16	635	6	20.94
104	630	18	64.18
105	1021	5	14.31
1234	12	5	4.08
104	3130	5	22.84
101	959	7	12.03
127	2034	4	23.19
105	3292	6	35.87
586	120	3	5.93
103	1423	3	4.41
101	2598	4	10.64
102	3529	3	8.45
1500	158	6	45.38
183	377	17	125.76
102	365	15	16.88
101	3273	10	55.85
211	380	4	20.01
3755	103	3	10.49
122	6934	6	63.35
2044	14	10	27.02
101	3920	3	8.71
12	3796	3	5.93
250	514	3	17.31
450	1089	3	27.75
102	5962	3	12.62
57	174	7	6.59
4914	3559	4	73.51
8	4356	3	20.97
486	110	4	5.99
102	3703	5	19.72
7605	14	5	23.73
482	107	6	12.21
118	558	9	33.65
115	1483	7	36.02
201	969	3	19.36
2632	144	3	19.52
886	212	4	27.99
107	6464	3	19.31
1723	419	5	55.98
107	2998	4	20.62
122	13796	3	31.67
1217	101	14	50.17
118	758	6	21.95
120	527	6	17.89
117	5774	6	52.85
170	1030	6	43.69
165	254	3	6.5
2746	103	3	8.33
286	124	22	97.4
6290	127	3	23.97
1281	167	7	55.88
2660	173	5	45.93
114	368	4	4.33
113	236	29	95.28
12	4270	3	6.45
1370	14	6	5.77
156	391	3	9.15
14245	14	3	17.41
238	174	4	11.35
157	1850	3	19.69
1652	137	4	23.21
8650	12	3	12.05
102	942	12	33.34
122	809	9	43.91
2889	12	5	12.14
2902	12	3	4.35
104	2879	3	9.94
101	1233	10	29.03
5390	160	3	28.06
300	2258	4	41.35
116	898	4	12.58
114	132	35	31.3
115	784	5	15.26
10740	14	3	13.03
1815	104	6	22
261	333	4	21.59
7384	114	4	32.18
7763	101	3	15.09
2	165	79	287.42
883	14	25	69.55
173	2413	4	33.75
398	14	37	62.28
9986	1932	3	55.32
293	14	29	16.59
196	305	3	10.61
5704	12	5	20.69
973	5416	3	44.76
144	198	4	4.08
536	751	3	26.38
1788	123	4	21.34
165	181	71	508.4
112	102	459	769.89
8092	9964	3	66.94
571	14	22	33.12
107	7637	4	30.81
114	578	3	4.59
118	388	6	13.04
2097	104	4	12.64
1045	109	7	28.28
290	132	7	18.47
621	102	6	4.59
3678	12	3	5.48
102	6208	4	19.9
131	6708	3	25.89
247	117	6	6.21
129	2352	4	24.98
600	107	10	35.02
16	1989	3	13.81
275	114	7	8.9
102	1889	8	27.45
101	1032	7	12.76
103	1773	3	5.54
105	1494	6	24.1
128	101	89	26.08
102	567	25	77.31
103	196	23	15.48
2430	2718	4	63.35
177	171	3	3.94
149	3417	3	22.21
152	2953	4	31.53
1561	102	4	6.86
10994	101	4	28.95
158	174	11	32.34
120	212	54	251
4004	12	10	51.37
2773	2	3	13.99
107	6524	3	19.31
1972	110	5	24.07
196	137	20	70.99
164	156	78	494.05
118	124	43	49.86
200	132	10	21.1
119	733	4	11.4
205	4653	3	30.07
466	112	7	17.1
4190	39	3	26.87
114	308	12	29.24
135	267	6	13.65
260	483	3	17.34
111	2403	4	19.4
261	14	74	133.08
112	396	7	14.75
410	102	18	31.01
268	1297	3	24.31
115	393	8	19.61
113	641	3	5.08
300	4516	3	34.12
430	14	25	29.07
104	264	34	86.08
184	616	5	30.58
316	142	6	17.08
1437	112	3	9.65
8	7554	6	66.27
459	104	8	11.22
447	101	12	13.81
1465	14	8	12.27
102	5018	4	17.2
159	223	3	4.85
7307	14	4	15.8
252	107	8	8.1
2998	12	3	4.35
549	123	3	6.76
243	1205	3	22.83
2794	12	10	39.61
101	594	12	20.65
103	1316	3	4.14
104	1678	5	15.71
101	2176	7	23.96
447	136	5	16.85
1023	103	6	12.52
12	5779	3	8.47
122	2313	4	21.95
16	238	27	102.21
184	659	4	23.34
104	243	20	26.68
103	3091	4	14.54
3417	639	4	53.11
2196	14	4	4.39
12	2527	7	19.5
276	311	3	14.09
4325	14	3	5.43
2559	14	7	16.98
101	766	17	49.88
795	120	3	7.71
6765	8	4	36.56
117	11180	3	26.42
101	4481	3	9.88
118	143	20	13.65
3264	14	5	11.79
115	5973	3	20.39
532	111	5	10.35
111	5933	4	29.66
1492	103	11	45.5
1178	2	3	8.58
137	148	8	4.57
670	288	11	105.5
162	111	13	6.56
739	129	3	9.38
402	16	3	4.02
410	135	5	15.63
111	990	15	86.39
115	699	3	5.76
230	5296	3	33.18
388	108	9	20.79
104	1140	3	4.46
362	184	8	45.66
5662	101	3	11.4
124	351	3	4.14
277	182	5	19.81
2375	183	6	57.83
1381	12	7	10.6
155	645	5	25.9
14350	1023	3	55.59
452	141	5	17.45
278	407	3	16.74
103	909	4	4.73
1882	12	5	7.48
4745	14	3	5.99
396	2759	3	33.12
14589	14	3	17.41
45	8	10	14.1
2380	421	3	32.45
5140	14	4	11.42
120	1339	4	16.81
114	537	4	7.34
111	2134	4	18.21
1120	161	6	42.41
191	213	4	11.61
133	772	11	66.54
1145	130	3	12.58
193	125	26	91.16
470	2925	3	34.77
593	163	7	41.68
294	12	35	38.81
1311	103	3	4.14
1045	129	4	17.67
163	296	5	17.31
174	301	4	14.13
120	623	8	31.23
2129	121	4	20.77
128	201	6	6.74
160	159	9	19.57
178	549	8	52.67
271	248	5	25
102	829	8	13.96
4400	1743	8	149.24
313	153	4	10.52
154	2293	3	20.41
104	3865	3	11.76
85	267	12	50.3
5684	146	3	25.57
106	300	45	209.72
194	1174	10	93.85
256	110	9	12.12
290	177	4	13.97
142	1045	7	42.64
1762	14	8	15.19
120	2074	4	20.75
119	1678	3	11.99
2	591	3	4.58
165	139	28	92.89
1750	102	4	7.58
1969	14	8	17.01
110	117	179	449.8
116	731	4	10.94
114	499	4	6.84
12	2819	7	21.28
155	149	89	519.07
3640	12	3	5.48
102	7244	3	13.81
207	169	57	426.67
125	478	7	25.42
3175	12	4	8.41
6980	411	4	58.01
753	1315	5	60.14
101	2193	3	5.22
189	145	8	16.06
101	3837	5	20.27
105	421	14	40.33
101	1997	5	12.66
3662	12	5	14.41
103	685	5	5.3
1089	102	6	10.41
105	3140	5	26.8
104	2753	5	21.4
355	159	12	67.74
111	2482	7	43.74
1655	14	7	10.63
640	101	12	22.13
122	10455	4	42.23
107	5834	3	18.31
374	21	3	8.76
143	1495	6	40.04
1125	112	3	8.18
1557	14	10	20.78
107	868	16	85.44
106	754	10	39.98
139	104	36	6.67
4525	1620	3	46.44
566	110	3	4.04
119	845	10	49.8
200	177	3	5.43
113	715	3	5.8
4226	14	5	14.54
5247	101	5	24.04
2410	14	8	20.87
259	152	9	32.94
108	3810	4	23.38
111	1101	11	58.21
4075	123	8	74.74
2036	125	3	15.31
1938	340	3	29.19
4647	102	3	10.12
116	1465	5	23.1
2925	112	3	14.23
137	161	7	5.98
107	4333	5	32.96
1898	12	7	14.86
1549	125	3	13.55
102	1366	5	9.23
6197	14	3	8.3
101	7226	5	30.84
5735	14	3	7.39
101	2913	4	11.61
12	937	28	101.22
3450	14	3	4.11
1400	103	3	4.41
5200	14	3	6.63
101	1145	6	10.69
59	717	3	8.98
306	105	7	6.36
3365	14	7	22.01
250	146	5	10.77
103	718	5	5.7
120	4824	3	19.96
120	2349	3	14.63
9594	101	3	17.27
140	329	3	5.29
647	144	3	10.34
198	687	3	16.91
12659	5522	3	67.58
343	8	3	3.98
2031	12	5	8.19
231	538	3	16.83
1479	6574	3	48.5
4102	101	4	14.91
133	789	5	22.39
832	582	4	39.5
2543	14	5	8.7
1042	696	37	622.49
117	3333	3	16.49
2212	14	4	4.39
253	4183	4	45.24
480	12	34	77.44
102	2900	7	29.82
105	2538	3	11.17
1131	927	14	204.79
334	400	3	18.37
153	176	6	9.48
1571	152	10	84.84
1202	103	4	6.75
12	1255	11	24.38
102	2239	5	13.93
102	5404	3	11.65
277	138	4	6.97
362	113	12	34.71
8828	508	3	44.02
8	2704	3	17.4
690	106	3	4.68
102	6130	3	12.62
2010	103	4	10.66
102	1156	24	117.81
101	2476	5	15.05
729	128	3	9.26
103	792	6	9.56
279	2378	3	28.75
157	108	26	30.78
316	1018	4	34.56
131	2097	3	16.51
16	5773	3	21.15
5023	14	4	11.42
105	1191	4	11.11
156	379	3	8.86
130	243	9	22.53
104	8147	3	18.3
3247	246	5	55.84
111	1536	8	42.73
233	135	18	70.08
5852	14	4	12.58
117	456	4	7.37
710	111	3	5.41
1034	1407	5	64.17
107	337	15	42.61
644	170	7	45.71
112	769	3	5.93
114	150	15	5.84
3232	14	4	7.06
919	59	7	36.37
166	12	59	18.52
133	146	45	138.74
102	1240	6	11.9
105	1642	7	31.85
3417	1063	3	41.31
120	8720	3	24.64
101	4372	3	9.88
10125	5986	3	64.11
156	120	15	13.94
12	813	10	11.75
274	604	9	78.69
208	211	5	17.56
6718	187	3	33.03
102	7067	3	13.81
158	266	3	6.24
2325	102	3	5.69
105	6918	5	40.3
724	121	3	7.24
132	222	29	129.83
133	346	5	12.8
9509	122	3	27.18
1607	351	14	181.56
171	426	5	24.64
168	423	4	16.98
3381	14	4	7.59
1584	128	3	14.11
139	509	5	18.52
9664	8264	3	66.94
267	612	3	19.26
113	4105	3	16.99
175	492	4	19.51
173	589	5	28.64
320	250	5	27.4
2896	101	4	11.61
653	102	32	129.29
117	1771	14	105.64
119	5547	3	20.45
115	2384	5	27.55
8802	6809	3	63.12
441	122	18	87.29
349	137	13	59.78
675	172	5	30.31
1871	134	4	23.9
106	870	3	6.04
141	578	3	9.16
109	2940	3	13.69
1605	14	12	30.42
101	6811	4	21.42
103	3377	3	9.51
101	2586	5	15.63
2823	125	8	65.21
1639	14	7	10.63
122	1069	4	15.31
724	147	5	24.39
2162	661	6	79.77
251	123	6	9.47
354	157	3	8.51
1086	101	4	4.05
424	123	12	51.65
442	102	9	6.98
5269	12	3	7.69
109	1053	4	11.74
116	5808	3	20.16
115	1221	6	26.45
142	393	5	15.99
101	13071	3	21.71
297	153	12	55.41
170	1182	7	55.6
237	1666	3	24.5
372	172	8	44.12
531	344	3	20.5
229	14	71	92.74
137	305	5	11.81
107	1022	5	16.45
406	109	13	40.88
109	4052	3	16.16
166	137	20	54.6
2	206	13	17.77
617	399	16	180.25
747	14	35	111.38
913	181	3	17.69
114	116	73	80.18
171	162	15	54.83
6804	14	3	9.43
585	952	5	53.53
121	123	37	36.9
101	6000	7	50.67
126	114	88	184.87
102	4422	4	16.15
103	4546	3	11.69
3582	5952	5	99.47
150	117	14	7.05
1598	124	4	20.47
4291	12	3	6.45
101	2381	5	14.51
7339	14	3	9.43
730	377	19	226.34
156	352	3	8.3
1616	122	5	26.01
1716	137	3	15.82
124	5008	3	21.66
610	6951	4	61.83
2929	14	4	6.58
3502	1162	3	42.51
6	1484	8	107.19
117	7661	3	22.63
1857	106	10	61.42
2	133	81	178.76
138	3449	3	20.52
107	5864	4	27.39
134	1137	4	19.71
108	445	4	4.99
109	321	9	16.02
607	780	5	51.38
2442	14	8	20.87
117	2331	4	20.96
118	229	13	27.14
4623	112	3	17.37
107	224	12	15.11
106	348	11	25.73
108	3100	4	21.31
101	6286	6	37.74
156	426	4	15.17
9577	1288	4	76.34
101	620	9	11.68
218	146	4	5.62
131	623	7	31.78
101	2287	7	24.7
922	240	7	61.39
2395	101	3	5.73
124	1372	7	41.94
102	907	6	8.42
789	106	3	5.46
12	1463	5	5.28
424	461	4	30.93
148	1247	5	31.12
151	787	3	12.85
1215	12	6	6.29
111	2006	5	24.69
174	194	3	5.17
230	219	3	9.26
172	2826	3	24.47
1511	12	6	8.39
1722	250	3	25.51
197	184	6	19.24
109	559	9	28.28
107	1155	4	12.44
116	701	7	26.08
367	120	4	5.84
467	128	3	6.46
4667	7	3	42.23
1028	12	8	9.76
4085	14	3	5.43
105	2463	4	17.31
101	1789	5	11.51
103	984	4	5.31
666	12	8	4.34
13917	103	3	23.63
488	106	4	5.55
127	1255	4	19.14
794	118	3	7.31
102	3738	3	8.95
184	4161	3	28.25
2829	114	3	14.19
8	1515	9	61.58
148	1849	3	18
11307	14	3	13.03
1232	104	8	27.56
129	1968	5	31.23
127	672	4	13.67
101	1742	3	4.01
102	634	10	15.78
356	172	5	22.26
448	183	6	34.34
102	2273	5	14.41
1641	114	4	16.59
1288	110	3	8.81
131	212	10	22.86
101	862	9	17.47
102	1318	4	5.67
3819	12	3	5.93
426	287	3	17.31
226	1063	11	108.15
321	460	12	109.93
140	114	21	9.43
9345	103	3	19.17
2982	12	11	48.78
143	594	6	27.68
111	3765	3	16.02
767	104	5	7.99
439	107	6	11.04
288	147	3	5.07
107	1971	12	80.86
8502	13338	3	71.43
115	1045	8	37.04
116	391	11	35.69
236	107	7	4.68
115	2497	3	13.54
1449	14	21	78.13
403	147	4	12.41
132	300	15	62.67
136	5573	3	24.36
1380	139	6	37.83
129	248	9	21.97
101	2268	6	19.12
2105	110	3	11.76
101	4592	7	38.62
553	248	3	17.67
623	2481	3	35.57
583	112	3	4.36
103	7163	6	47.26
6483	14	4	14
101	7722	3	15.09
419	262	9	69.4
102	4309	4	15.25
13676	9	3	33.16
109	1668	3	9.86
2135	12	5	8.57
115	7207	4	32.25
1121	14	8	8.78
14330	14	3	17.41
113	580	7	21.15
114	185	14	17.2
135	107	26	10.9
4310	180	5	52.86
112	2953	3	14.23
107	7247	4	30.81
119	3142	5	32.66
231	117	6	5.38
117	6225	4	31.69
9381	345	3	43.12
120	2397	8	56.83
1806	10198	4	79.27
118	734	3	6.92
140	202	5	6.2
136	205	6	8.98
138	120	33	44.79
112	1440	10	57.46
134	299	5	11.08
14167	12	3	18.6
7630	12	3	10.56
639	202	3	16.47
165	215	7	22.16
1208	438	3	28.13
2308	14	8	19.99
154	1922	3	19.3
16	433	3	4.4
335	146	6	20.02
103	2507	3	7.68
101	8211	3	15.09
2195	139	3	17.63
156	135	10	11.48
101	954	17	59.24
105	1448	5	17.9
182	138	6	7.32
454	250	3	16.48
127	1322	3	12.93
5407	101	3	11.4
115	2161	3	12.63
120	4074	5	37.16
1587	12	6	9.04
110	479	4	5.88
118	280	6	8.08
2655	14	6	13.27
269	121	79	507.22
14477	14	3	17.41
442	120	5	11.35
3503	7	3	40.4
106	2259	3	11.81
5305	9	5	44.72
197	372	9	56.84
137	286	5	11.05
2122	12	5	8.57
129	278	10	29.8
353	163	3	9.07
415	113	5	8.49
101	7098	3	13.56
655	12	10	8.34
124	5025	5	42.79
4938	101	4	16.86
627	111	6	16.58
304	129	9	27.39
338	163	3	8.7
102	5550	3	11.65
1055	12	7	7.3
102	1869	5	12.26
105	4432	4	23.22
2586	101	3	6.31
131	3677	3	20.21
102	2576	5	16.03
159	175	4	5.23
557	12	10	5.52
121	106	55	34.2
16	192	25	72.91
554	581	5	46.86
105	2172	6	29.38
276	153	5	13.67
207	2413	9	99.8
1357	104	3	5.35
105	5356	3	16.93
103	1141	8	23.07
126	137	116	490.15
105	549	5	8.05
245	468	10	79.78
521	122	3	5.47
59	2914	8	66.95
4363	155	3	25.77
517	124	3	6.6
1885	101	4	7.82
863	14	16	28.77
4628	252	5	60.65
117	2017	4	19.82
171	204	3	5.38
289	2392	6	67.63
226	1195	6	52.69
166	114	42	107.4
143	1368	3	15.11
119	3720	3	17.59
3920	2759	3	48.83
255	171	5	17.3
10193	2085	4	80.66
2	3162	3	14.8
159	416	4	15.65
122	6933	4	34.61
397	501	3	21.49
150	368	8	34.78
460	132	5	16.29
102	1259	5	8.52
4396	141	4	33.45
12682	122	3	31.67
131	4384	3	22.01
239	999	4	30.95
197	14732	3	41.99
5349	12	3	8.47
212	1398	3	22.33
85	145	9	8.45
122	1721	4	19.51
897	116	4	12.58
102	2096	4	9.04
3218	12	3	4.69
156	102	36	6.59
175	475	4	19.1
1691	1117	3	36.97
108	2630	6	35.07
111	3497	3	15.49
1520	109	4	14.91
2852	125	5	34.89
120	2238	5	28.86
1312	1288	5	66.27
262	134	5	9.42
501	246	7	51.76
2746	12	3	4.05
705	104	4	4.37
349	114	9	20.81
2	598	4	8.18
111	366	9	20.54
107	1910	4	16.45
11638	112	3	29.48
288	209	3	10.79
530	1116	6	67.1
12	2982	3	4.35
124	4704	3	20.91
1740	1942	3	40.75
148	108	79	204.25
104	2091	13	77.04
12	579	62	268.98
129	473	5	15.53
351	615	4	31.44
12529	128	3	33.61
103	2754	3	8.33
105	249	17	30.18
5020	140	4	34.53
8649	14	4	18.33
121	417	5	10.71
2667	102	3	6.54
122	2391	4	22.38
102	4893	3	10.83
384	161	3	9.61
102	2254	3	5.69
128	258	8	18.95
875	438	3	25.99
143	1899	3	17.11
615	106	3	4.04
9476	7209	4	94.28
1346	535	5	56.16
639	12	8	3.88
202	554	4	22.93
3810	122	3	18.27
161	143	23	68.66
2168	101	3	5.22
541	12	13	10.97
10193	5490	4	90.83
408	400	4	29.17
2443	217	3	26.24
1574	103	3	5.02
174	175	4	7.03
102	211	37	42.63
104	949	19	90.94
5567	57	3	23.16
1951	12	8	19.82
2732	216	3	27.16
542	497	8	79.37
1780	12	15	55.52
101	425	38	120.54
102	3205	3	7.59
1029	128	7	38.56
7646	12	3	10.56
4293	14	3	5.43
102	1756	7	20.88
105	1131	16	89.14
436	111	4	5.29
138	426	6	21.78
139	302	3	4.53
108	3128	4	21.31
1004	158	3	15.74
464	12	21	28.03
115	4683	3	17.78
562	16	3	5.88
7841	103	3	16.98
107	1421	20	144.58
112	495	4	6.39
287	337	3	15.37
4761	104	3	12.97
3288	284	4	44.42
470	129	3	6.55
115	825	5	15.85
842	272	5	41.46
1038	102	6	9.75
105	9383	3	22.94
132	3888	4	30.45
107	2683	13	103.68
2451	517	6	78.2
257	156	4	9.68
231	132	4	4.43
684	14	29	71.76
1006	287	4	33.4
2541	2052	9	156.68
1765	139	3	16.12
1184	104	6	16.62
144	761	3	11.41
106	5318	4	27.29
107	5698	6	48.66
6574	14	4	14
168	14	212	429.4
135	145	9	4.64
2892	487	3	34.98
298	435	3	17.82
4320	103	3	11.05
116	153	195	1014.85
104	142	234	723.37
104	2633	3	9.22
1800	132	9	68.54
10042	103	4	31.5
491	104	6	6.4
122	7122	6	63.35
150	882	3	13.45
155	1671	4	27.45
314	297	4	22.11
218	1829	3	24.34
104	2770	4	15.15
101	4580	3	9.88
989	104	4	6.86
102	1775	3	4.21
101	603	10	14.31
1331	116	4	15.96
104	3267	7	39.08
284	214	3	10.88
693	107	5	12.43
178	1868	4	31.72
207	2660	5	49.43
1692	11600	3	58.87
102	1574	4	6.86
104	1806	10	48.18
102	3170	3	7.59
104	5543	5	31.13
101	9719	3	17.27
1305	107	3	8.4
134	225	7	13.62
107	1959	10	62.64
110	315	7	9.92
111	4928	4	26.89
1934	1904	3	41.22
347	14	37	48.75
2031	306	3	28.37
197	2569	4	36.95
1846	101	3	4.18
109	544	6	13.98
373	253	3	15.07
6235	6233	7	170.52
371	2750	3	32.45
140	137	25	47.82
143	781	3	11.51
1858	104	3	7.1
116	3709	3	16.76
125	164	48	180.14
1831	14	8	15.77
454	336	4	28.06
105	3349	4	20.01
2829	12	3	4.05
129	2919	3	18.31
105	1367	9	42.32
512	114	8	24.09
105	1094	6	20.3
695	488	4	36.13
602	134	5	19.74
5688	103	3	13.24
1415	14	15	41.52
149	1171	6	39.14
1352	109	3	8.81
102	4559	3	10.12
59	312	4	6.29
101	1802	10	37.72
186	270	4	14.14
12	1918	4	4.75
1057	218	9	83.71
589	137	3	9.11
13	131	22	40.74
352	378	11	96.39
894	14	12	16.06
154	119	19	20.39
183	1655	3	21.65
156	593	3	12.01
253	1945	3	26.41
815	14	14	20.45
3367	12	5	13.58
280	14	23	5.65
1976	460	5	59.04
102	5054	4	17.2
515	262	7	54
251	558	3	17.93
112	352	6	9.25
133	318	4	7.54
325	104	13	17.98
1340	102	9	26.33
3353	568	5	67.74
7109	9	5	49.88
3946	252	4	44.33
147	2696	5	39.03
120	3152	10	85.49
4224	12	3	6.45
107	1829	10	60.73
107	3941	4	23.27
107	7375	4	30.81
196	114	13	17.02
1849	183	6	54.19
540	139	5	19.07
1900	14	5	5.94
214	14	37	8.97
212	875	3	19.23
816	124	4	14.9
101	4121	3	9.26
186	102	34	23.17
12	2010	7	15.99
478	14	12	4.13
578	145	31	251.79
208	248	4	14.47
103	5514	3	13.24
357	1315	3	27.12
283	124	5	8.21
9551	4167	3	60.78
547	458	3	23.15
1018	109	3	7.1
10596	14	4	23.22
148	239	3	3.87
304	738	4	31.33
709	107	3	4.94
111	1198	6	25.16
373	123	5	11.49
1928	402	3	30.75
2061	102	5	13.05
381	114	12	36.79
1367	393	8	92.6
134	147	15	18.75
101	9908	3	17.27
1516	112	6	28.47
104	10338	3	20.5
171	480	3	12.58
1764	137	3	16.04
119	3334	3	16.56
1221	109	4	13.14
2148	883	6	83.65
563	147	4	15.38
1544	14	7	9.83
4307	12	7	29.35
507	104	9	16.07
2545	12	4	6.62
3285	104	3	10.77
109	630	5	11.47
5629	9454	3	63.08
133	1230	3	13.28
111	5343	4	28.15
330	141	3	5.33
4616	14	5	15.72
173	348	26	202.81
3678	114	3	15.94
324	7297	4	55.07
6294	103	3	14.22
735	1896	6	78.98
107	663	10	37.17
108	5638	3	18.39
1967	12	5	7.82
8143	106	3	22.04
112	120	98	160.71
501	155	4	16.64
120	5245	3	19.96
143	1320	3	14.94
116	500	5	11.65
328	232	4	19.77
136	3402	3	20.43
110	205	15	22.08
134	121	25	21.21
178	515	5	27.44
1773	108	3	10.23
726	111	4	9.4
3214	127	6	46.89
2524	134	3	18.09
102	4793	4	17.2
186	135	11	23.89
968	111	4	11.84
9343	840	3	49.84
149	1312	3	16.03
149	632	5	23.63
275	12	19	4.26
152	3624	3	23.1
3511	109	4	22.67
5594	14	3	7.39
247	105	8	5.19
105	1851	6	27.16
102	5351	4	18.42
416	12	12	4.47
85	301	7	24.43
239	111	7	5.72
149	6995	3	28.4
5657	9830	4	90.83
2687	14	6	13.27
5968	104	3	15.53
2169	14	4	4.39
106	851	4	9.86
107	964	3	6.68
1768	10780	3	54.6
1154	12	6	5.85
1992	16	3	13.81
105	7998	4	31.57
101	4437	4	15.82
6517	12	6	31.55
795	135	3	10.79
4784	9	3	21.76
102	3281	6	25.25
732	113	6	19.5
8	838	3	9.77
589	12	30	76.26
104	2493	11	65.95
105	2353	4	16.87
280	138	3	3.97
101	3574	8	40.86
474	102	8	5.82
110	3698	3	15.38
139	149	8	5.03
4549	2	3	17.52
107	895	10	43.88
122	11913	3	31.67
345	435	4	27.81
165	375	3	9.78
108	1945	3	10.9
106	1187	4	12.53
348	116	8	18.69
114	2673	4	20.92
4067	12	3	6.45
978	14	18	41.99
676	109	4	8.3
110	368	8	16.34
124	1785	8	55.54
2902	271	3	30
669	101	9	13.11
105	608	5	9.13
103	360	29	78.69
113	15215	3	29.77
1463	137	6	38.41
150	234	35	207.37
149	3262	5	42.98
4096	103	4	17.36
9	13	113	524.28
180	580	7	45.91
813	114	10	45.1
2561	12	9	30.43
101	6372	7	50.67
130	142	20	26.82
155	104	23	4.94
12	918	7	5.89
110	132	38	33.32
133	806	11	67.99
108	3354	6	38.8
8	11538	3	33.13
3870	12	3	5.93
115	903	8	34.47
1514	9	12	90.53
115	5147	3	18.52
1586	139	3	15.49
2	539	17	77.31
111	817	34	248.32
5721	12	3	8.47
399	102	15	20.36
120	2330	5	29.38
118	441	3	3.91
1576	1104	24	430.2
102	9365	3	17.53
107	444	37	203.83
5304	170	3	29.42
292	102	24	32.16
5675	12	4	14.08
1320	109	5	19.42
101	1099	14	47.23
155	394	4	14.52
2396	12	4	6.26
386	107	5	6.41
1328	14	15	39.59
390	110	5	7.21
103	939	8	19.8
104	547	5	4.9
2127	158	4	29.86
4743	12	3	7.03
124	3135	12	117.34
122	1488	5	25
5425	4009	6	123.86
2102	111	3	11.87
2074	12	4	5.3
102	1983	9	34.96
104	3571	4	17.53
131	2491	3	17.72
11008	103	4	31.5
7496	12	3	10.56
128	184	6	5.38
101	1399	4	5.76
102	2944	5	17.32
101	4059	3	9.26
104	4809	3	13.7
12	5273	6	26.02
101	5645	3	11.4
2185	14	4	4.39
176	7225	4	46.23
262	271	3	12.69
101	11467	3	21.71
120	6020	3	21.83
116	747	4	11.15
114	484	5	10.06
198	699	3	17.07
108	1070	3	7.41
292	135	7	19.57
296	138	12	47.34
1103	12	7	8
3464	137	3	20.48
379	138	8	31.04
8004	3400	3	56.89
4261	14	4	9.59
244	184	3	7.92
101	5435	3	11.4
101	1978	5	12.66
102	2509	3	6.23
160	445	3	10.62
103	4844	4	19.34
115	8580	3	23.2
4600	14	3	5.99
661	8	5	18.54
123	630	3	7.58
1439	106	3	8.96
5290	246	4	48.16
5119	14	4	11.42
101	2933	8	36.16
221	384	23	203.14
4750	14	5	15.72
13	208	7	15.64
610	8177	3	45.34
107	6554	3	19.31
378	230	3	14.28
2139	9	7	50
137	203	21	78.48
558	118	3	5.19
119	489	9	31.35
494	138	6	23.86
139	118	63	146.94
889	146	3	12.89
108	6091	3	19.4
1428	103	4	8.05
203	346	4	18.35
5638	112	3	18.97
468	111	4	5.89
144	405	5	16.95
113	671	7	23.37
3328	14	4	7.59
348	150	3	7.16
2547	107	4	19.1
109	764	3	5.39
1215	103	4	6.75
172	111	26	48.48
843	113	3	6.75
112	230	14	25.48
6061	109	3	19.43
375	16	9	27.43
679	106	3	4.62
147	709	8	46.25
328	118	4	4.48
147	364	9	38.93
133	609	3	8.8
354	8	14	58.72
4163	9544	3	60.78
8529	109	3	22.23
694	108	9	32.73
8	1539	3	13.45
123	243	6	8.85
3271	377	3	33.9
1705	12	12	36.63
2865	122	6	41.39
102	1358	9	26.85
105	1720	3	8.87
102	6060	3	12.62
8588	7030	3	63.12
102	3733	3	8.95
101	2873	7	29.23
102	2005	8	28.89
110	537	5	10.27
116	932	6	24.28
498	16	3	5.2
948	148	14	110.04
3865	14	3	4.93
193	2214	3	24.42
1817	103	3	5.74
344	106	5	5.08
192	1598	4	31.95
319	965	7	68.16
291	12	45	67.01
255	146	3	4.18
267	143	3	4.09
143	2718	3	19.82
1002	125	3	10.91
108	623	16	72.65
139	313	4	8.12
1875	1113	4	52.6
238	144	6	13.19
150	1556	5	33.76
993	120	3	9.16
102	1795	4	7.85
8	3477	6	48.38
581	155	3	11.84
216	604	4	24.91
101	3744	5	20.27
105	807	5	11.97
3215	123	3	17.93
1843	747	3	34.65
1844	12	8	18.53
105	6347	4	27.05
479	120	6	16.57
124	7274	4	36.47
2081	14	4	4.11
6485	5460	3	58.02
453	123	3	5.65
637	101	13	25.86
101	660	8	9.96
101	3132	3	7.35
218	9	28	112.73
393	57	4	9.32
429	114	5	8.96
338	139	5	13.48
657	104	6	9.77
11901	7186	3	69.85
928	114	4	11.97
2422	1139	3	39.5
1372	325	3	26.42
6472	104	3	15.53
107	5888	3	18.31
205	530	7	47.57
2685	1026	3	39.38
366	216	4	19.86
4009	16	3	18.87
114	188	9	6.07
1490	142	3	15.32
3629	12	4	9.58
165	2988	3	23.68
1659	107	4	15.28
2478	6534	3	52.03
230	501	6	41.13
297	162	3	7.55
670	181	3	15.59
106	685	3	4.68
320	549	3	19.99
1377	172	5	38.21
461	580	3	23.71
518	226	3	16.21
2695	125	3	17.13
123	264	9	21.83
16	404	3	4.05
102	3129	3	7.59
105	2503	3	11.17
696	157	3	13.26
127	394	8	28.48
478	220	3	15.44
1567	122	3	12.25
219	246	5	21.31
2947	148	3	21.11
428	2661	3	33.27
122	1447	5	24.69
1767	14	12	33.22
3819	103	3	10.49
2575	2175	8	139.18
107	6405	3	19.31
108	212	27	67.92
202	781	4	26.12
118	491	3	4.49
199	2608	5	48.87
969	112	10	48.42
3022	229	3	28.31
367	153	7	29.25
2724	128	3	17.87
717	162	3	14.07
236	112	9	10.48
328	149	3	6.61
407	4170	5	66.87
411	14	43	88.5
112	6967	6	58.97
1241	107	3	8.11
108	1757	8	43.88
3881	14	3	4.93
101	5122	3	10.58
576	168	4	19.9
221	245	20	141.44
101	2610	3	6.31
12	818	7	4.75
102	3716	3	8.45
101	4377	4	15.82
85	59	10	5.77
207	589	17	153.28
486	125	17	92.86
124	1919	7	47.67
102	346	45	135.4
126	712	4	13.9
128	316	4	6.67
127	448	15	76.7
384	12	18	13.21
1086	135	5	26.51
517	400	7	63.12
6892	951	3	46.91
59	221	5	5.37
104	2297	3	8.31
417	6073	4	56.15
1026	118	4	14.03
122	1093	4	15.65
8	12129	3	33.13
133	345	10	38.3
115	2424	3	13.22
298	108	12	25.36
4648	14	3	5.99
222	144	5	8.3
112	2723	4	20.95
163	121	15	16.87
5135	14	4	11.42
268	243	5	24.42
595	128	3	8.01
1420	1493	4	52.67
4734	14	3	5.99
230	2705	3	27.93
7002	8523	5	119.76
756	59	5	20.42
105	2147	3	10.28
157	111	16	10.11
102	4382	3	10.12
121	143	17	9.82
363	118	7	15.73
8	467	54	434.31
149	245	14	58.91
451	129	3	6.33
1716	103	3	5.36
102	1810	4	7.85
2320	214	3	25.6
635	150	5	23.81
124	6692	3	24.78
2363	122	6	39.06
109	243	7	5.31
106	607	6	15.04
378	120	5	9.59
114	1534	3	10.33
119	362	16	61.18
435	512	3	22.27
1068	144	3	13.58
118	335	11	31.62
231	166	6	19.26
297	120	12	33.74
106	454	4	5.03
1786	515	4	45.21
147	173	11	25.32
115	2150	6	34.24
911	120	3	8.63
111	2774	6	36.86
194	1565	3	22.26
138	391	10	44.21
117	2274	3	13.89
646	9	5	18.23
1665	124	4	20.74
233	101	36	48.11
107	4225	6	42.55
229	104	13	7.93
108	404	19	73.56
109	264	12	21.71
670	139	3	10.05
506	167	8	48.36
259	256	3	12.02
120	1420	8	46.28
115	726	9	36.58
114	117	52	35.65
527	786	5	49.67
109	1417	3	8.97
2542	135	3	18.25
783	14	24	57.54
159	156	5	5.34
4468	8	6	52.84
419	284	10	81.68
103	2926	4	13.98
101	2066	3	4.99
1953	104	7	29.18
4001	12	3	5.93
1598	123	5	27.57
425	1401	3	28.98
220	112	9	8.83
246	183	94	927.12
105	3860	3	14.1
6257	2001	5	92.23
2290	103	4	11.72
1293	104	3	5.08
2	657	4	8.93
288	21	3	6.6
222	123	5	4.76
120	1119	13	82.83
369	139	7	24.92
2441	158	5	41.37
108	1868	4	16.56
224	209	3	8.3
2483	2593	4	63.29
107	749	3	5.22
108	110	67	32.01
539	104	5	4.76
1824	127	3	14.85
7483	14	4	15.8
595	110	3	4.35
560	580	4	35.7
115	1424	5	21.54
118	570	6	18.1
116	1308	5	21.95
1149	14	8	9.07
163	147	6	5.68
586	102	7	6.29
156	153	6	5.9
130	477	8	33.24
105	1436	3	7.77
102	2087	5	13.48
101	2816	5	16.25
105	3279	3	13.09
12	478	12	6.7
757	122	16	95.32
12	4703	3	7.03
125	14	663	1488.31
5	101	7	14.42
148	198	4	4.88
271	122	40	201.83
356	127	36	226.71
101	8231	3	15.09
1086	102	6	10.41
102	4866	3	10.83
5902	12	3	8.47
253	212	4	15.21
1090	14	8	8.22
846	1102	6	73.67
660	109	3	4.65
124	2554	6	42.55
13	196	4	4.75
407	11305	4	65.59
104	1668	4	10.55
12	3974	3	5.93
101	1990	6	17.42
123	2257	18	180
108	9387	4	38.53
459	199	4	21.15
153	408	5	19.28
215	114	31	96.97
1	7	3	19.37
104	2752	4	15.15
1712	172	3	21.05
432	119	4	6.98
146	416	3	7.88
115	658	7	23.47
10644	14	3	13.03
640	102	9	12.8
132	2350	7	54.13
287	127	6	12.66
107	1586	3	9.56
3091	103	3	9.09
140	1897	3	16.68
142	1108	3	13.45
173	169	11	37.69
140	575	3	9.09
1125	107	3	7.58
201	521	5	30.15
116	7347	3	22.4
558	14	14	10.37
3782	9757	3	60.17
106	569	7	18.54
139	14	177	93.89
371	344	3	17.85
594	112	3	4.51
3202	12	4	8.41
119	850	6	23.58
101	1411	6	12.94
253	279	9	57.06
180	2423	3	23.92
125	275	8	19.39
277	104	15	18.3
3314	103	3	9.51
12	3023	13	65.43
114	1974	4	18.1
141	644	7	34.64
117	5011	3	19.52
137	641	3	9.62
109	667	4	8.21
1047	124	3	10.99
9423	113	3	25.29
108	2508	3	12.58
1249	101	8	20.01
332	145	4	9.73
232	14	35	12.29
266	198	3	9.59
203	1527	3	22.37
593	116	3	5.43
119	1685	3	11.99
116	593	4	9.22
112	201	12	13.67
736	14	26	63.54
136	1444	3	14.81
192	513	4	21.79
110	116	73	70.2
101	13830	3	21.71
775	109	4	9.28
101	12344	3	21.71
1997	101	3	4.77
433	254	3	16.28
117	979	17	110.7
117	6682	3	21.39
8872	114	4	34.8
108	245	13	22.36
3056	101	3	7.35
111	1936	3	11.37
138	230	5	8.12
496	661	3	25.1
370	489	6	49.78
3776	112	12	117.96
529	105	4	4.73
263	6255	3	35.6
117	1623	3	11.72
107	5223	3	17.45
2200	101	3	5.22
39	12	59	22.98
101	9664	4	28.95
4338	14	3	5.43
101	1715	7	19.81
1843	113	3	11.27
1508	12	8	15.35
505	9577	3	46.19
1977	515	4	46.24
386	5717	3	38.05
698	103	26	110.77
219	155	10	35.5
2291	132	3	17.15
104	3560	4	17.53
1615	170	3	20.56
101	2471	9	39.4
2010	12	4	5.02
2616	1187	3	40.33
12	11344	3	14.19
3356	112	8	59.6
3352	109	7	48.21
259	148	4	8.02
12248	103	3	23.63
147	319	3	5.72
4010	458	6	85.11
404	111	4	4.84
136	782	3	10.88
9997	124	3	28.58
407	361	19	194.96
111	3347	4	22.58
226	599	8	62.25
106	777	3	5.3
109	59	31	12.17
3942	14	4	8.84
119	4735	3	18.84
117	772	14	76.22
5523	123	6	56.72
285	681	8	71.29
131	807	9	51.27
105	2019	3	9.77
9129	156	3	31.28
302	280	3	14.12
7427	125	4	36.69
181	120	12	15.53
8	2141	4	23.46
1743	1261	14	231.9
155	2601	3	21.8
102	1734	8	26.14
101	816	8	13.16
103	2114	3	6.6
127	314	4	6.52
101	1150	4	4.46
102	6946	4	21.77
383	184	3	11.83
2324	14	9	24.91
9955	8	3	28.64
141	117	40	63.4
106	4546	3	16.64
1583	122	8	49.3
137	114	88	228.93
4791	12	4	12.89
111	3301	4	22.58
108	4449	6	44.4
2813	12	8	26.92
6459	114	3	20.34
1486	109	3	9.31
1629	122	6	33.57
2037	775	6	80.62
348	177	3	10.45
4944	113	3	18.4
107	1508	9	48.16
193	347	3	11.79
7350	14	3	9.43
224	475	3	15.47
1385	181	3	20.45
2476	12	6	14.7
206	226	12	64.69
145	300	8	27.4
1437	107	3	9.03
59	429	3	5.75
101	1879	10	38.61
4642	144	4	34.13
273	477	4	25.92
8	5436	3	22.59
104	1053	7	19.67
1269	110	4	13.77
985	156	9	66.69
103	4879	3	12.41
101	728	21	68.52
187	127	11	20.39
250	1586	23	307.68
240	1040	3	21.71
5801	12	3	8.47
8	501	5	15.38
553	122	10	41.7
16	1680	3	12.66
101	2179	9	36.09
10799	14	3	13.03
116	480	13	52.63
563	110	12	46.05
110	877	4	10.74
112	101	322	332.27
167	915	3	16.31
9139	12	3	12.05
948	2212	3	37.7
2608	12	4	7.02
4371	12	3	7.03
110	185	15	17.85
1608	14	11	25.78
437	123	3	5.33
401	139	5	15.92
4104	3336	5	91.76
343	157	4	13.1
110	3187	6	38.49
108	279	69	373.37
445	114	6	13.03
143	660	4	16.19
141	380	3	6.35
621	101	6	4.25
1634	14	7	10.63
600	112	3	4.57
102	1213	9	24.44
662	172	3	14.96
1054	102	6	9.97
131	6711	3	25.89
923	262	5	42.03
525	700	14	167.7
207	4667	3	30.19
124	4872	6	54.71
213	1165	3	21.25
101	4215	4	14.91
102	5331	3	11.65
154	700	3	12.73
131	4165	3	21.35
102	572	24	72.68
128	102	156	161.21
16	847	3	8.44
8709	130	5	56.78
394	218	6	36.57
131	3279	3	19.71
101	4160	4	14.91
104	477	67	400.04
103	870	5	7.4
6445	14	3	8.3
2357	101	3	5.73
8	1	6	7.37
339	12	24	20.87
454	170	3	12.09
392	106	4	4.02
12324	5597	3	67.58
1541	309	3	26.58
125	313	9	26.53
4835	9	4	31.9
5251	14	4	11.42
102	6184	3	12.62
5686	112	3	18.97
283	106	12	22.98
866	105	3	4.86
105	2615	8	48.59
129	2116	3	15.99
214	118	30	100.22
153	138	100	521.41
1865	103	3	5.94
3913	14	4	8.84
160	125	10	9.43
128	135	29	48.5
103	158	31	10.18
478	118	3	4.33
203	211	3	7.52
1516	16	3	12.07
111	535	28	155.01
377	1039	32	461.93
112	136	50	75.15
114	6457	3	20.34
563	128	5	17.41
101	11537	3	21.71
144	160	14	29.49
1828	12	5	7.15
172	263	4	12.67
232	182	3	7.47
886	249	3	20.92
345	108	11	25.79
197	304	3	10.66
163	299	3	7.67
2415	14	5	8.22
122	9705	3	27.18
118	348	8	19.21
3389	110	3	14.89
1416	12	6	7.8
12	5786	5	20.69
695	106	4	8.27
280	118	20	69.6
965	319	4	34.18
16	1079	4	15.49
723	111	3	5.55
1353	8	3	12.74
458	815	3	26.06
547	170	3	13.29
6374	972	4	64.32
387	2738	3	32.84
101	769	5	3.99
187	111	15	18.92
102	4114	4	15.25
117	526	6	17.08
2233	14	7	14.8
164	194	4	7.33
139	182	8	13.43
111	1479	9	49.85
443	618	12	130.46
1492	12	6	8.39
117	4520	4	27.82
116	237	14	31.08
205	389	9	59.09
194	252	6	25.84
132	454	3	6.84
1693	111	3	10.48
374	121	9	26.55
570	237	4	25.59
301	121	8	16.95
199	361	4	18.53
464	16	3	4.82
197	461	5	28.64
255	118	5	4.38
258	2275	4	39.53
107	3383	6	38.63
562	12	33	86.13
369	438	3	19.74
117	1276	15	102.91
116	106	36	4.22
171	143	5	4.43
134	484	3	7.42
377	448	6	48.92
153	473	9	48.22
102	5187	3	10.83
1596	12	6	9.04
126	194	27	97.14
2126	14	7	14.17
1110	105	3	6.24
3151	101	3	7.35
101	3779	4	14.11
1471	113	3	10.09
11097	8507	4	96.91
8622	14	3	10.91
2292	122	5	29.9
101	648	14	30.08
105	1107	7	25.86
101	3144	3	7.35
248	211	7	33.58
338	128	6	15.61
11852	103	3	23.63
162	3630	3	24.78
110	296	5	4.1
107	1980	6	30.93
137	1129	3	13.3
141	1133	4	20.48
146	271	5	12.05
1281	2	4	14.43
231	1270	3	22.72
740	12	11	12.75
2452	413	3	32.69
3810	14	5	13.51
528	7942	3	44.25
969	12	7	6.66
236	1496	3	23.87
4012	14	4	9.59
5272	1596	4	65.71
16	3523	3	17.74
8739	14	3	10.91
1563	113	3	10.45
5082	14	4	11.42
2801	14	4	6.13
105	1408	4	12.32
117	10745	3	26.42
626	1012	8	95.76
122	1443	14	101.99
719	625	3	27.29
4803	14	3	6.63
186	229	8	34.77
478	4282	4	52.63
517	615	6	58.26
4554	12368	3	65.95
4177	558	3	38.45
4577	14	3	5.99
12	4753	3	7.03
102	6072	3	12.62
120	8975	3	24.64
57	13	62	223.57
12	760	51	241.36
1226	102	4	5.17
10756	9	4	44.22
2857	125	3	17.5
121	466	10	36.92
153	244	5	11.84
212	2392	3	25.87
127	365	3	4.67
102	463	32	99.87
420	164	17	118.7
102	4583	3	10.12
418	134	4	10.77
5774	1531	3	47.67
16	371	8	22.34
7088	14	3	9.43
117	5752	7	66.11
114	611	3	4.91
3395	125	3	18.77
746	225	3	18.76
1035	14	17	39.03
111	455	28	144.38
1518	101	13	51.91
206	1274	3	21.28
595	181	3	14.81
117	917	3	8.23
118	803	3	7.4
140	145	45	144.15
113	3337	3	15.38
3949	118	6	45.26
3225	12	3	4.69
161	102	155	383.81
519	114	13	51.75
7	3503	3	40.4
1911	102	4	8.12
8	5305	5	44.66
338	110	12	30.89
101	4556	3	9.88
101	627	6	4.35
101	3103	3	7.35
12	318	27	23.13
101	4931	3	10.58
2965	3659	4	67.88
1323	14	9	14.35
459	1381	3	29.42
348	1666	3	28.26
2032	123	3	14.94
267	153	5	13.26
400	112	6	11.19
5670	12	5	20.69
141	1091	5	27.43
113	1926	3	11.73
120	1005	12	70.75
124	9191	3	28.58
108	6289	7	67.42
196	267	3	9.52
1338	101	4	5.4
4015	170	3	27.12
133	903	4	17.32
171	124	9	10.13
1239	9967	4	75.91
796	109	3	5.69
110	6446	3	19.77
107	5857	3	18.31
240	105	38	119.17
3307	14	3	4.11
312	146	4	9.34
2254	104	4	13.38
415	106	4	4.34
1914	362	3	29.45
5262	14	3	6.63
155	2449	3	21.45
12	1056	9	13.07
1294	755	5	59.86
4028	14	3	5.43
1192	538	4	41.89
121	113	84	123.43
273	412	4	24.6
953	12	10	14.96
250	1064	23	277.97
481	129	4	10.9
5469	122	3	21.14
259	252	3	11.84
1158	118	3	9.61
117	1325	4	16.25
5098	14	4	11.42
147	205	5	7.65
117	2034	3	13.07
204	136	5	6.08
114	121	64	68.53
115	2958	3	14.63
508	128	4	11.37
949	2052	9	135.05
287	1084	3	23.77
168	160	11	30.8
227	194	5	17.88
606	121	3	6.11
199	440	5	27.95
1284	12	7	9.95
120	273	24	94
7254	146	3	27.83
407	482	3	21.38
8957	282	3	39.01
5283	122	3	20.28
337	168	7	33
624	106	3	4.15
4982	107	5	35.72
104	4901	3	13.7
101	1864	8	26.79
251	113	15	34.15
101	1490	4	6.15
4270	114	9	79.14
12	6109	3	9.41
212	2466	3	26.21
122	5643	3	21.14
156	143	6	3.91
102	2083	4	9.04
12	474	14	10.43
101	2579	5	15.63
221	274	7	37
1114	12	8	10.89
117	2848	14	128.48
140	194	9	19.24
8932	14	4	18.33
106	184	13	11.05
607	252	8	65.78
195	173	18	90.89
3160	3875	8	156.74
101	9946	4	28.95
469	120	3	4.6
120	1993	4	20.39
133	374	11	46.99
193	332	3	11.35
2	420	10	29.03
324	155	3	7.52
1998	3581	6	103.08
1493	124	3	13.21
109	814	5	14.37
174	114	17	22.13
141	773	3	11.02
451	8635	3	43.23
951	13	3	13.76
259	7525	5	69.63
539	57	7	28.35
3774	8	3	19.71
117	1550	13	90.97
4676	12	5	17.6
369	110	12	33.7
8866	12	3	12.05
2419	12	6	14.05
191	270	3	9.48
222	13	4	6.07
226	1622	3	23.9
260	174	4	12.57
242	527	4	25.13
335	14	54	103.16
16	619	3	6.5
384	112	4	4.46
102	7076	3	13.81
101	1530	9	28.37
3372	12	3	5.06
104	2293	7	31.97
3930	12	3	5.93
253	5499	4	48.56
156	124	8	3.99
102	3712	3	8.45
428	339	3	18.9
1196	123	12	82.1
1210	102	9	24.44
114	147	43	72.42
120	3357	3	16.92
564	151	3	10.69
286	391	8	60.37
255	164	3	6.49
464	157	4	16.27
119	7060	3	22.7
119	366	8	20.31
119	695	4	10.89
710	104	9	22.4
2755	12	3	4.05
140	613	3	9.53
1309	486	3	29.39
107	2444	5	25.77
342	117	5	7.72
16	1571	4	18.68
122	3803	8	69.24
429	156	5	21.26
156	388	4	14.26
248	941	5	41.04
4323	252	3	31.8
340	124	4	7.01
150	140	15	23.67
157	14	93	36.86
103	803	4	3.94
12	1721	4	4.04
101	2101	3	4.99
102	2625	3	6.54
158	840	6	37.76
101	1262	28	156.92
183	112	11	8.66
105	4477	3	15.34
121	153	14	9.08
3850	129	4	29.66
102	1940	6	17.39
285	117	9	18.66
2038	14	4	3.85
1709	14	5	5.07
186	196	11	48.28
101	1719	3	4.01
630	326	8	72.68
103	2780	3	8.33
788	199	6	44.04
177	104	19	8.01
818	117	5	17.42
102	522	26	77.07
2240	103	3	7.11
591	169	3	13.78
191	102	62	107.37
1721	419	3	30.25
5521	12	3	8.47
441	216	3	14.73
2	563	4	7.58
563	181	3	14.36
1071	978	3	33.17
115	172	12	9.75
497	284	5	35.8
1003	14	19	47.38
445	156	4	15.58
2744	103	3	8.33
108	1083	5	17.2
109	3060	7	46.9
1312	493	5	55.01
711	102	8	11.52
12	3244	3	4.69
314	104	12	13.85
334	101	16	15.72
272	177	5	18.69
16	312	19	73.95
151	342	9	40
245	560	4	26.02
2466	800	3	37.38
103	713	6	8.42
271	3796	3	31.94
176	4047	6	65.66
6404	114	4	30.27
849	104	4	5.66
4538	16	3	19.54
101	2922	4	11.61
909	102	10	23.1
117	539	10	38.68
106	4775	3	17.38
1247	460	3	28.97
118	1552	3	11.33
236	552	4	25.21
299	102	19	19.76
1318	104	3	5.21
1365	107	4	13.82
8566	7750	3	64.7
376	102	12	10.47
223	149	4	6.33
133	1097	3	12.58
143	5524	3	25.03
114	225	16	32.54
147	315	3	5.65
3747	113	9	75.88
265	169	3	7.61
1577	2	3	10.33
3166	14	4	7.06
113	3513	3	15.87
3633	14	6	17.67
118	189	9	8.51
7206	4468	6	134.55
909	135	3	11.65
12	10744	4	24.8
652	111	3	4.89
116	1037	4	13.75
261	210	3	10.12
376	135	4	9.89
113	679	4	9.27
117	1201	7	35.05
661	103	10	21.47
2694	14	7	17.82
121	258	6	7.66
271	822	4	30.98
102	2485	4	10.52
252	202	3	9.17
101	3599	3	8.21
128	417	5	14.01
479	335	5	37.8
101	2941	6	22.8
102	4064	4	15.25
104	3289	3	10.77
513	173	6	34.62
1943	113	3	11.73
8	568	4	11.74
1604	106	3	9.49
12	5089	3	7.69
12	108	523	453.21
189	152	4	5.03
1106	106	4	12
144	118	15	5.6
143	1281	9	65.35
133	498	8	34.81
3981	14	4	8.84
106	5908	4	28.81
136	1448	4	22.1
191	135	7	10.92
132	2804	4	27.21
3842	14	3	4.93
1067	118	15	96.11
1066	727	4	43.79
118	426	4	6.75
142	268	5	10.56
167	5494	4	41.53
133	1128	4	19.26
108	1046	10	47.82
118	643	5	14.64
12	398	12	3.88
2255	102	3	5.69
364	2537	4	44.52
106	9240	3	24.25
1831	337	5	53.28
277	108	8	9.94
4360	218	9	123.06
4937	122	3	20.28
4117	9	3	20.34
102	5440	6	35.06
131	273	4	6.04
129	6027	3	24.13
160	166	4	4.28
103	120	69	4.75
186	909	3	17.96
216	249	3	9.75
3007	14	4	6.58
8771	14	3	10.91
3651	114	4	23.87
104	592	34	165.54
101	4051	3	9.26
5114	14	3	6.63
778	3052	8	123.01
369	1665	3	28.76
137	342	5	13.46
107	2319	8	49.14
132	1555	6	37.8
107	357	10	22.41
401	110	9	22.78
114	1928	3	11.8
330	104	11	12.98
141	7974	3	28.43
499	117	3	4.58
115	942	11	56.1
170	9	50	207.43
141	1246	3	14.21
1489	116	3	10.94
112	6485	4	29.8
8465	8205	5	125.17
324	246	4	20.27
858	101	5	4.76
119	1635	3	11.79
2174	2790	6	100.16
298	289	3	14.33
1895	102	4	8.12
563	139	3	8.88
101	4129	5	21.36
221	1786	3	24.4
102	784	26	104.08
244	706	3	19.37
104	817	5	8.64
12	1341	6	7.26
865	1117	3	32.55
246	2903	5	54.21
994	122	4	14.82
124	344	100	858.86
243	1474	4	34.67
364	109	6	8.65
11245	14	4	23.22
129	350	4	8.04
101	320	36	78.65
1008	110	3	7.29
143	1579	5	32.07
115	365	8	17.7
167	383	6	28.56
4821	12	3	7.69
261	57	6	11.69
108	7763	3	22.2
268	2026	3	27.2
119	1198	5	21.65
101	11992	3	21.71
142	5375	6	61.55
436	220	6	37.85
111	1627	5	22.31
108	2995	3	13.66
107	5100	3	17.45
111	8048	3	22.68
3027	1589	3	43.01
538	174	6	35.09
162	104	38	35.76
255	220	3	10.26
6836	57	3	25.42
102	1483	8	23.35
105	2102	4	15.69
102	3326	3	8
101	2148	4	9.07
249	624	3	18.61
6402	14	3	8.3
5765	118	4	30.17
102	1619	11	42.14
105	1249	6	22.03
102	5604	3	11.65
101	4488	6	30.19
6553	14	3	8.3
101	1187	4	4.6
10569	14	3	13.03
215	156	43	276.96
14	7523	3	9.43
101	7755	4	24
309	486	7	55.88
148	1160	3	15.06
1132	326	9	96.85
723	14	13	14.41
336	116	5	7.25
1704	110	4	16.14
102	4189	5	21.78
158	406	14	88.23
316	119	8	16.84
187	138	8	13.91
274	250	7	40.07
103	1327	3	4.14
2457	101	4	10.21
121	1013	3	9.17
424	581	4	33.08
122	6989	5	47.39
308	143	3	5.03
721	1366	3	32.58
153	405	5	19.21
12	1598	7	12.49
252	12	34	24.18
4252	14	8	33.88
114	299	7	10.35
412	197	9	59.78
7695	170	4	48.33
440	874	3	26.04
107	3962	4	23.27
111	6725	3	21.11
107	5712	3	18.31
3811	101	3	8.71
120	205	18	42.48
119	4785	4	29
1928	148	4	26.78
2991	14	6	14.79
4755	14	5	15.72
1246	250	3	23.43
778	108	3	5.43
118	120	45	36.98
102	2162	10	43.57
101	1437	6	13.26
184	170	9	30.14
176	769	14	120.19
179	1261	3	19.71
2627	101	7	27.21
3649	14	6	17.67
123	12	118	5.5
101	5622	3	11.4
788	138	6	30.17
59	192	7	8.58
452	118	28	157.85
101	2393	4	9.81
456	113	26	133.13
124	3046	8	67.53
3137	3372	3	48.61
285	163	12	60.83
101	2751	8	34.89
118	379	5	8.97
401	128	9	34.77
12482	103	3	23.63
111	1886	13	91.51
106	258	35	128.34
2678	14	8	22.83
443	211	7	45.84
1909	1	3	24.44
136	249	18	74.57
118	690	3	6.48
8964	14	3	10.91
119	1672	3	11.99
236	276	3	11.65
133	579	11	58.93
132	184	8	11.82
832	507	5	50.1
260	266	6	32.98
107	3688	4	22.51
110	197	36	105.42
133	745	3	10.1
139	2058	4	25.21
2608	112	4	20.45
347	224	3	13.06
147	479	4	13.87
113	194	14	19.64
746	121	10	48.1
372	187	12	80.34
162	309	7	29.24
108	351	30	131.49
109	219	15	24.26
5648	101	4	18.08
802	291	21	242.96
1246	170	5	36.89
2408	14	7	16.2
118	311	5	6.35
117	451	4	7.32
230	559	4	25.14
4220	14	3	5.43
1896	12	14	52.01
857	103	5	7.12
107	1636	7	35.01
3353	377	3	33.9
2	160	17	14.52
145	136	34	88.77
5162	14	3	6.63
57	2027	3	15.78
847	111	4	10.62
3965	14	4	8.84
518	590	3	24.59
10181	132	4	45.67
101	5984	3	12.37
1806	103	3	5.74
184	3830	3	27.65
130	1	5	5.93
3756	122	3	18.27
148	448	13	75.32
340	106	5	4.97
103	1145	6	13.96
101	343	13	9.62
3444	14	10	41.74
411	160	5	21.75
1241	168	3	18.27
132	1087	29	271.07
165	1067	4	24.88
167	2394	4	32.64
2268	132	4	25.34
133	4681	3	22.18
118	553	3	5.14
401	299	3	17.37
107	556	28	152.93
108	4393	3	16.79
228	229	5	20.76
776	517	4	37.58
522	106	5	9.36
182	111	11	8.4
12	794	10	11.26
104	1350	6	18.44
2195	110	3	12.03
156	106	20	14.71
101	4385	3	9.88
184	250	16	95.28
59	1079	13	90.25
160	288	3	7.18
221	1372	4	32.55
102	2336	5	14.41
2757	101	3	6.63
102	699	8	11.34
128	984	5	23.65
217	158	15	66.4
512	156	11	68.91
5808	12	3	8.47
586	124	7	28.5
9	491	4	10.5
101	2591	3	6.31
2556	130	6	44.53
251	102	31	42.38
105	5005	4	24.29
151	267	3	5.21
6620	14	4	14
85	1842	3	18.02
104	641	7	12.64
102	393	28	68.56
9551	13346	3	73.67
1427	109	3	9.13
107	1881	3	10.59
288	177	3	8.8
1243	14	9	13.09
112	300	9	16.14
2296	106	3	11.81
837	989	3	31.56
7329	14	3	9.43
144	275	3	4.35
266	289	4	19.97
1971	14	8	17.01
138	123	14	7.37
8768	12	3	12.05
1728	216	4	34.39
143	488	3	8.48
159	2531	4	31.92
103	483	10	14.8
121	102	231	245.74
7130	122	3	23.38
361	216	3	13.1
3638	12	4	9.58
102	969	9	20.58
3251	170	3	25.47
157	149	10	17.12
386	506	26	305.94
415	124	3	5.26
103	1111	4	6.12
427	122	30	176.06
122	1108	3	10.06
627	14	11	6.71
1408	167	3	19.07
4987	103	8	56.77
699	140	3	10.44
104	8195	4	28.32
101	6223	3	12.37
389	162	6	27.68
117	408	28	149.9
618	107	30	177.96
400	157	6	27.1
462	9	36	252.62
111	1865	4	17.18
255	199	3	9.23
800	217	8	66.96
1454	116	3	10.76
119	2363	9	65.56
9905	13030	3	73.67
431	2271	4	45.63
145	101	130	159.54
114	966	3	7.58
115	567	6	16.27
572	110	3	4.09
258	2366	3	28.07
110	475	4	5.83
1551	14	21	81.96
147	185	10	23.91
1996	122	4	20.81
219	507	10	77.55
8	2344	3	16.36
455	161	3	10.88
1380	125	16	128.05
3369	114	6	40.68
449	1642	3	30.42
105	5415	4	25.54
2553	102	3	6.23
101	3736	3	8.71
176	184	4	8.04
5731	114	3	19.33
124	1720	7	45.85
207	1708	21	263.51
253	351	6	37.51
385	299	3	16.93
101	7923	3	15.09
3234	112	4	22.08
113	564	3	4.38
498	12	13	9.46
3046	419	6	78.55
1902	121	3	13.02
111	6598	3	19.88
122	10428	3	27.18
107	1390	18	124.7
877	113	8	33.57
2104	10098	3	55.85
144	551	4	14.55
206	105	17	20.7
107	4283	6	42.55
132	1908	3	15.81
255	138	7	17.52
291	16	4	4.08
1725	187	3	22.33
140	704	5	22.38
143	340	4	9.87
436	138	4	11.64
105	10100	3	22.94
371	590	16	174.67
8082	113	3	23.07
1466	143	3	15.46
101	3155	6	23.73
281	2	6	6.24
3073	122	4	24.94
2150	1931	4	59.07
5664	101	3	11.4
12	3902	9	42.58
419	520	6	52.79
104	7080	4	25.72
121	1331	3	10.91
1867	12	4	4.5
1504	118	3	11.15
85	161	5	4.01
305	286	3	14.39
12	4470	3	7.03
3244	114	12	104.44
12	779	9	8.28
370	412	6	47.33
527	1416	3	30.51
680	3853	4	55.2
2838	104	11	69.68
111	2021	9	56.63
143	777	13	88.67
843	106	3	5.87
144	313	5	13.01
3460	14	4	7.59
8	13676	3	33.13
167	1051	3	17.14
108	1798	11	69.73
375	12	20	16.51
5679	14	3	7.39
110	319	6	7.21
101	10020	4	28.95
1608	224	4	33.88
4005	125	3	19.81
3654	12	3	5.48
122	13847	3	31.67
8	11038	3	28.64
136	6506	3	25.38
116	1269	5	21.68
1632	104	4	10.55
1043	109	5	16.83
349	156	7	30.45
2119	101	3	4.99
140	1866	3	16.68
651	109	11	42.86
105	4990	3	16.08
1235	738	4	45.26
10400	4830	4	89.55
152	2357	3	20.26
358	139	4	9.75
184	336	3	10.77
384	157	3	9.19
182	171	6	15.93
111	9459	3	24.9
935	114	8	34.93
1321	4567	6	101.75
213	5319	4	45.99
2793	125	6	44.49
7511	14	4	15.8
312	439	4	26.43
104	2079	11	60.1
772	14	11	10.34
678	216	3	17.74
3829	12	4	10.26
472	162	4	17.15
590	122	17	93.08
745	112	7	24.42
147	116	118	449.31
200	225	3	7.92
106	396	13	39.25
137	267	4	6.62
108	4886	3	17.53
267	102	15	7.47
147	1511	3	16.18
105	1981	3	9.77
103	3589	3	9.98
1467	14	13	32.6
102	5810	5	26.2
340	174	3	10.08
148	394	6	23.67
238	101	19	9.33
8614	125	3	26.52
182	439	3	12.82
101	636	14	29.77
101	3124	3	7.35
218	104	15	9.96
126	858	3	9.9
932	110	3	6.88
424	413	10	93.64
180	3473	3	26.77
16	958	3	9.24
152	123	10	5.39
781	107	3	5.44
2192	168	3	22.01
188	1233	5	38.97
184	773	4	24.67
316	231	25	213.31
865	142	7	39.6
542	493	3	23.56
127	3617	3	19.53
4	15	3	52.38
101	295	31	53.6
102	1221	8	20.24
5048	161	7	80.71
2486	103	5	18.03
636	122	4	10.97
85	305	5	14.47
1601	114	6	29.58
218	7538	3	34.83
103	201	22	14.3
128	124	20	14.41
12	2045	4	5.02
542	122	8	29.5
123	119	44	50.89
7849	101	3	15.09
245	248	5	23.38
124	6008	6	60.41
1000	216	5	39.22
226	1494	3	23.3
947	110	3	7.08
258	5032	3	33.51
144	199	5	6.75
114	735	5	14.62
5161	180	3	29.35
1276	4861	4	63.76
1939	14	6	9.42
920	101	5	5.4
9585	3082	3	58.65
401	147	4	12.41
1700	156	4	27.5
266	104	9	4.23
1479	112	6	28.08
1275	14	8	10.36
643	199	3	16.39
133	1881	3	15.9
379	171	4	16.73
1676	101	4	7.04
3696	12	4	9.58
603	109	41	274.87
184	458	3	13.27
104	2663	3	9.22
242	212	6	26.45
272	116	10	20.67
121	287	5	6.2
152	253	6	16.9
5954	12	3	9.41
6466	14	3	8.3
117	14616	3	30.91
102	1676	5	11.21
957	122	3	9.23
101	4433	3	9.88
103	7907	4	26.54
11379	114	4	39.79
12	5182	3	7.69
102	1430	6	13.72
180	2240	6	56.53
813	156	3	14.1
1673	419	9	112.4
1163	104	3	4.58
1583	14	5	4.57
739	117	3	6.92
12375	14350	3	78.16
127	14119	3	33.5
200	147	7	14.23
1575	109	8	42.11
540	110	9	28.36
106	4705	3	16.64
135	256	6	12.97
225	953	4	29.68
104	13219	3	24.97
1280	122	4	17
1072	110	3	7.75
105	8596	4	31.57
117	7545	6	61.82
206	234	3	8.65
853	108	3	6
320	659	5	40.84
200	121	7	5.72
173	120	8	4.86
1755	148	3	17.54
568	136	3	8.83
1395	12	6	7.8
116	229	15	34.11
2440	14	7	16.2
402	103	11	14.4
1072	128	4	17.95
5856	114	3	19.33
204	304	14	93.75
8	14365	3	33.13
108	3533	4	22.62
178	274	18	113.53
184	433	5	26.36
188	1977	5	44.52
5230	14	4	11.42
280	111	7	8.39
16	221	13	28.01
5416	4132	7	150.07
85	787	5	26.12
124	4364	5	41.3
3890	14	4	8.84
101	2128	6	17.95
575	158	3	12.02
102	4138	5	21.78
391	4213	3	35.91
133	771	3	10.27
2198	109	3	11.71
4343	14	4	9.59
2517	14	7	16.98
5374	104	3	14.54
743	1239	4	45.38
9028	14	4	18.33
144	182	5	5.56
124	10200	3	28.58
289	676	3	20.7
111	757	41	311
106	4285	3	15.98
290	121	5	6.36
161	258	5	15.12
3766	101	4	14.11
3430	114	7	50.33
1726	12	5	6.84
199	252	5	19.98
107	2339	4	18.24
540	359	4	30.28
2725	101	3	6.63
664	12	29	80.55
7091	12	6	37.2
105	5750	3	16.93
388	118	7	17.13
4272	157	3	25.34
101	2430	4	9.81
101	340	28	54.25
122	1569	3	12.25
518	105	23	101.09
214	111	7	3.9
178	843	8	61.04
105	5099	3	16.08
355	674	3	22.51
130	1350	4	20.53
103	2529	3	7.68
105	2776	4	18.27
128	143	20	26.18
105	919	6	17.94
45	12	157	337.89
5938	12	3	9.41
111	1987	3	11.61
107	411	13	40.59
256	116	9	15.48
1416	157	4	26.17
435	116	7	18.47
231	738	3	19.15
113	1492	10	59.1
15020	681	3	52.81
112	1766	3	10.78
108	2484	4	19.21
111	3598	4	23.26
573	112	5	11.39
167	890	8	59.17
3193	12	3	4.69
110	963	4	11.56
111	850	3	6.41
1606	107	3	9.56
199	8043	4	51.08
144	14	253	301.17
235	396	5	29.88
565	102	18	43.27
973	122	12	71.47
107	2053	9	54.93
101	1403	12	43.11
102	2191	4	9.38
420	275	5	33.12
102	4702	5	23.02
580	104	7	11.42
1595	102	4	6.86
387	3814	3	35.18
12	3676	3	5.48
152	2975	3	21.71
2114	102	5	13.48
3133	12	3	4.69
178	1195	3	19.12
3340	161	3	24.15
102	3839	3	8.95
85	256	3	4.69
104	8449	3	18.3
101	10068	3	17.27
12930	5527	3	67.58
2502	103	3	7.68
108	2210	3	11.68
197	516	8	55.51
538	124	5	15.91
443	680	3	24.45
4041	12	4	11.02
1761	101	9	31.02
917	112	5	16.37
136	2959	8	71
196	156	10	31.83
164	137	15	31.79
3190	125	7	56.9
2555	158	5	41.96
9	123	16	5.51
5083	12	4	12.89
16	303	12	35.75
102	1045	13	40.99
3476	187	3	27.32
2009	132	3	16.31
101	6095	4	19.56
385	147	6	22.38
102	2497	3	6.23
764	246	3	19.91
104	2744	8	43.36
253	2163	4	38.81
2113	122	8	54.9
272	185	3	9.01
162	14700	3	38.8
13	178	5	5.81
105	2011	3	9.77
2222	14	8	19.17
12	141	504	1359.77
101	531	13	20.68
121	237	6	6.22
152	335	5	16.46
102	2474	3	6.23
3034	14	7	19.72
385	121	4	6.38
1299	125	6	33.58
4812	112	4	27.02
6735	3236	4	76.88
306	121	4	4.16
197	7531	5	64.6
3775	109	6	41.32
616	148	3	10.85
201	1988	3	24.05
117	1194	4	15.43
145	230	4	5.83
119	1163	3	9.81
104	8418	3	18.3
110	364	5	6.23
164	12	56	12.19
8	11086	3	28.64
175	105	63	182.95
594	148	3	10.65
1521	103	3	4.86
2548	101	3	6.01
318	643	3	20.97
4707	14	4	10.43
623	625	3	26.21
554	155	3	11.48
101	1739	4	7.29
316	407	5	34.78
105	2513	6	31.4
1531	113	5	22.26
149	5298	3	26.15
188	304	3	10.12
154	630	4	18.14
105	3156	10	72.4
1264	146	5	30.53
12	345	24	21.63
634	130	3	8.73
414	141	4	11.43
125	224	24	90.74
649	901	3	29.05
435	150	3	8.79
399	106	10	25.4
6695	12	3	10.56
111	5393	4	28.15
107	448	7	15.22
3917	14	3	4.93
112	910	3	6.96
191	113	12	13.56
134	163	25	71.89
222	230	3	9.33
4552	952	3	43.01
3906	14	8	31.61
106	1468	7	33.39
105	8793	3	20.72
133	333	9	31.8
1693	104	3	6.5
3053	103	3	9.09
1016	14	7	5.18
135	236	4	4.99
134	368	4	9.4
702	109	5	12.73
108	1196	7	30.5
115	3059	3	15.05
268	2025	4	38.77
116	2680	4	22.01
1733	110	3	10.58
2566	103	3	7.68
200	109	8	3.9
118	153	30	49.35
504	102	8	6.57
112	5964	7	68.8
226	344	4	19.68
3228	12	3	4.69
1512	110	3	9.62
102	5937	3	12.62
485	101	29	84.74
1499	14	7	9.46
122	1346	4	17.44
2531	12	12	50.03
12	892	12	19.88
187	104	30	36.46
102	1616	7	19.88
295	9842	4	61.61
544	460	7	66.47
633	177	3	14.76
128	360	5	12.13
159	256	3	6.19
105	698	5	10.53
359	114	18	66.18
687	107	4	8.26
4062	103	4	17.36
102	2708	4	11.43
104	2477	8	41.07
1	57	38	181.32
419	139	4	11.35
3032	12	3	4.35
497	262	7	53.34
318	102	14	9.88
108	2719	4	20.19
108	1005	6	21.81
1362	185	3	20.59
141	721	3	10.61
263	1359	3	24.54
146	137	15	20.25
170	122	15	22.5
1346	419	3	28.67
833	14	8	5.02
133	784	3	10.35
134	132	12	6.38
108	8070	3	22.2
3919	12	3	5.93
858	102	8	14.19
108	1637	3	9.83
1036	677	3	30.25
39	207	27	157.98
748	169	3	15.35
382	251	54	613.27
221	1785	3	24.4
394	246	4	22.8
307	282	4	21.26
556	21	4	17.54
101	3316	3	7.76
12	1338	27	125.15
127	514	4	11.31
104	4497	5	27.91
12	622	43	151.39
107	14481	3	28.81
1834	1900	5	73.84
814	246	3	20.47
240	765	3	19.68
1409	14	7	8.76
392	101	9	5
125	318	11	37.17
105	1835	3	9.08
102	2161	6	19
1136	111	3	8.22
153	108	27	26.32
1781	125	11	84.52
4366	183	4	41.36
5076	122	7	64.4
101	2394	5	14.51
3095	109	3	14.11
1468	113	4	15.73
124	3049	5	36.11
124	384	103	947.55
339	130	12	48.65
1396	128	3	13.37
133	3579	4	29.81
290	129	4	6.06
107	3036	6	36.62
2362	167	3	22.59
118	689	4	10.71
173	367	4	16.41
143	651	3	10.34
28	6689	7	136.42
1065	12	6	5.08
116	471	4	7.35
2808	114	9	66.15
109	3782	4	23.42
136	4067	3	22.07
535	12	11	6.69
473	176	5	26.2
111	2169	12	87.39
734	16	5	17.45
204	554	3	15.61
146	12	112	48.53
3904	137	4	31.39
263	632	4	28.14
730	568	4	37.99
2822	14	7	18.72
1957	12	4	4.75
454	659	9	94.32
102	3302	3	8
103	640	9	16.82
101	1872	4	7.82
3488	101	4	13.39
2278	109	17	143.59
1063	120	3	9.51
124	5569	8	88.2
490	348	5	38.76
2937	7058	3	54.4
101	1227	13	45.13
731	3998	3	39.82
11944	799	3	53.95
6962	16	4	34.63
473	448	3	21.96
165	438	4	16.7
325	146	3	5.96
144	423	3	7.58
777	3880	7	109.36
119	595	5	14.1
107	2799	3	13.2
136	835	3	11.34
139	210	4	4.11
1045	3022	3	40.28
540	125	4	11.33
4418	9	5	41.46
120	860	24	170.62
118	113	56	42.84
102	2461	3	6.23
633	132	6	25.8
159	305	3	7.54
122	4831	7	64.4
150	225	36	208.85
1299	110	3	8.81
577	159	3	12.36
1085	1527	3	36.08
1879	101	3	4.37
12	127	213	145.15
589	156	4	18.17
8	544	4	11.36
849	14	8	5.19
247	611	5	35.9
117	8986	4	36.22
175	117	20	37.11
840	107	3	5.93
227	341	9	58.97
164	114	42	103.18
502	117	3	4.62
167	7888	3	32.73
107	6570	4	28.9
1212	124	4	18.18
118	905	5	18.41
8903	106	3	22.04
368	107	5	5.8
116	323	12	33.8
167	636	12	89.58
323	107	8	12.56
2238	638	3	34.83
101	1078	9	21.68
253	1637	3	25.25
486	254	3	17.06
275	156	13	62.88
131	1083	5	25.63
130	700	3	9.44
757	216	4	26.99
992	109	8	33.86
102	2896	5	17.32
271	216	10	59.06
149	1249	3	15.71
178	2160	4	33.17
124	3732	4	28.88
954	132	5	24.48
2042	282	4	39.39
102	521	20	48.7
114	532	3	4.06
509	107	6	12.96
191	101	35	27.17
110	147	43	65.78
136	1622	4	23.15
165	110	169	866.36
12151	109	3	28.93
111	790	4	10.04
736	57	3	9.43
8035	3922	4	81.64
2720	106	3	13.13
3056	106	3	13.92
118	466	4	7.48
174	256	3	7.68
115	211	14	23.2
882	144	10	65.86
109	2067	4	17.62
165	128	15	26.63
14673	14	3	17.41
111	2927	4	21.36
258	249	5	24.27
110	121	70	74.41
134	205	6	8.43
122	12516	3	31.67
5069	14	4	11.42
143	2077	4	26.3
120	1289	4	16.6
103	11029	3	19.17
565	120	5	13.95
9654	9	3	28.67
15151	14	3	17.41
1012	517	3	28.18
569	309	5	38.39
1009	155	3	15.44
109	397	5	6.98
108	273	6	4.93
4279	14	4	9.59
232	108	12	17.15
2274	112	5	26.33
120	392	6	14.17
127	1225	3	12.47
3278	14	3	4.11
101	2507	5	15.05
3721	122	5	36.56
124	632	3	7.84
277	111	7	8.14
101	1051	8	16.83
104	3588	3	11.24
103	3960	3	10.49
3127	4054	11	240.62
721	1170	3	31.62
108	9835	3	24.41
177	138	13	30.09
123	203	6	5.84
124	1312	9	58.41
101	1679	14	61.99
102	825	8	13.73
119	482	20	101.1
137	194	7	11.65
257	276	3	12.6
139	108	56	87.54
109	973	4	11.29
108	836	3	5.91
436	309	6	44.39
327	128	10	34.35
108	6120	5	39.81
107	4004	5	31.83
135	286	4	7.06
192	232	3	8.09
2	285	24	84.28
112	417	10	28.43
2957	2745	7	125.56
2657	14	11	40.58
667	170	11	83.48
605	106	9	29.45
1089	106	3	7.27
12	5733	4	14.08
385	129	4	8.93
3698	14	3	4.5
862	815	3	30.44
130	12	122	23.06
188	554	3	14.78
102	1706	3	4.04
103	2078	5	16
524	561	3	24.19
3211	14	5	11.06
125	474	6	19.92
9	106	29	7.65
785	118	5	16.81
131	843	3	10.75
189	148	9	21.9
12001	11480	3	78.16
102	687	9	14.12
630	187	6	39.51
279	128	5	8.78
103	258	11	4.41
12	3602	3	5.48
122	6981	3	23.38
458	1753	8	100.33
1769	16	5	26.77
85	103	139	299.51
925	120	10	53.25
699	359	4	32.89
1140	12	8	11.51
2829	156	7	65.71
12	2203	19	100.55
387	351	6	45.37
4936	7015	4	81.92
1114	103	5	9.56
107	6411	3	19.31
113	1402	3	9.75
122	9618	3	27.18
108	975	19	116.23
112	1437	3	9.65
109	838	6	19.72
138	106	21	5.25
2101	103	6	21.52
288	163	5	16.91
169	364	4	15.73
114	682	3	5.52
617	105	11	36.32
3682	14	4	8.19
105	9256	3	22.94
613	12	14	16.76
391	152	5	18.66
125	398	17	84.64
148	428	5	18.8
6821	2754	3	54
2461	109	4	19.25
12	263	53	80.54
190	351	3	11.75
127	1756	3	14.62
5173	339	3	36.03
693	161	5	27.93
121	120	42	34.89
101	3524	3	8.21
4752	14	4	10.43
5493	117	3	20.38
102	4418	3	10.12
103	827	4	4.22
101	2077	4	8.73
2449	419	5	60.35
137	1651	4	23.21
2987	101	4	11.61
500	138	4	12.87
3807	109	5	32.02
116	859	4	12.2
108	3516	3	15.01
191	504	4	21.54
2447	386	4	44.86
380	170	16	110.58
442	106	4	4.79
618	16	12	58.02
1284	103	6	15.37
101	8608	4	24
1039	805	33	554.74
119	390	19	84.07
333	150	3	6.79
4724	500	3	38.37
117	5211	3	19.52
9728	3764	4	86.64
113	530	3	4
500	14	17	14.24
132	7214	3	25.96
1240	1630	3	37.35
109	236	7	4.85
406	132	3	6.17
173	287	3	8.61
117	4909	5	39.2
230	544	4	24.89
108	4682	3	16.79
226	549	7	50.81
257	137	4	6.27
1569	700	12	172.41
4906	5939	3	57.15
176	1495	3	20.36
12	244	40	33.94
131	698	6	27.19
340	123	6	14.31
176	101	36	18.89
101	2094	7	23.27
157	104	27	10.77
101	5319	3	11.4
542	560	6	57.51
5141	125	3	21.82
1530	14	6	6.88
102	2624	6	21.66
178	2554	4	34.47
163	116	21	30.8
140	156	31	99.41
854	109	6	19.72
801	14	16	26.31
5681	12	5	20.69
681	116	3	6.22
3462	12	5	13.58
260	169	4	12.05
226	1629	3	23.9
3289	148	3	22
5928	517	3	41.3
1478	172	3	20.25
1334	14	9	14.35
724	117	3	6.84
16	449	5	12.12
658	167	4	21.16
11038	9	3	28.67
2560	125	10	84.6
125	57	17	9.79
180	214	3	6.32
1168	122	10	59.82
101	939	6	8.55
725	1124	3	31.42
1196	124	4	18.18
111	431	24	111.63
110	299	13	30.84
4614	14	3	5.99
1241	12	9	16
740	103	6	8.82
109	592	4	7.23
117	6531	7	72.13
1610	118	3	11.52
2180	122	3	14.34
1824	176	3	21.61
118	500	3	4.58
142	211	7	13.83
4768	14	3	5.99
133	1325	3	13.75
541	8	3	6.86
238	376	5	29.23
253	1859	3	26.16
759	12	25	69.52
103	4140	3	11.05
4370	9	3	21
125	210	12	27.82
1442	103	4	8.05
5149	3796	3	53.21
16	395	6	14.82
658	113	4	9.09
753	1059	9	115.67
278	564	4	27.64
126	436	3	5.69
103	1013	5	8.64
101	1754	12	49.49
105	274	85	455.33
102	638	7	7.22
12	1225	6	6.52
121	426	5	10.97
180	3248	3	26.27
1397	59	7	43.12
835	3536	3	40.2
138	417	5	16.14
531	604	3	24.84
140	389	5	15.57
119	407	5	10.04
197	454	4	20.93
145	184	16	49.78
169	173	51	332.11
912	517	26	370.96
116	2821	3	15.01
114	197	14	20.14
9114	14	3	10.91
470	85	3	9.3
112	851	3	6.5
3893	134	3	21.12
1309	1929	3	38.83
4446	110	7	56.13
124	7246	3	24.78
1864	128	4	22.65
3636	14	5	12.6
1596	103	3	5.02
105	843	3	4.78
791	163	7	46.38
729	200	3	17.35
8	1267	39	431.41
2154	101	4	9.07
1507	173	4	29.42
11718	103	3	23.63
3666	14	6	17.67
5932	109	3	19.43
105	3838	3	14.1
101	4891	5	24.04
105	5419	3	16.93
989	146	4	20.53
101	651	10	15.7
657	111	10	38.98
756	45	3	16.19
2856	103	4	13.47
357	287	3	15.83
126	156	65	263.78
102	903	15	46.94
101	3442	3	7.76
2936	103	3	8.7
355	254	3	14.65
845	112	3	6.5
1290	603	3	31.02
124	4098	3	20.24
121	162	10	5.81
7269	101	3	13.56
553	216	3	16.24
393	14	21	15.75
102	1804	9	32.5
101	624	25	81.26
103	1920	3	6.15
101	3104	8	37.56
6677	112	4	29.8
1081	137	3	13.03
101	4561	6	30.19
453	153	4	14.7
57	355	6	16.52
105	3817	12	109.67
137	223	4	4.55
110	1171	3	8.25
7284	14	3	9.43
201	4881	3	30.65
2406	12	4	6.26
14240	14	3	17.41
1350	14	6	5.77
106	352	5	5.37
111	1796	12	80.68
3023	118	3	15.62
407	6156	3	39.61
8661	12	3	12.05
14924	125	3	33.23
205	821	4	26.81
2211	125	7	50.16
913	110	5	16.04
143	1461	9	67.64
10415	101	3	17.27
107	5852	4	27.39
133	164	15	29.2
132	541	4	12.57
274	344	4	22.45
935	137	5	25.24
2620	4484	3	49.73
131	889	8	45.27
101	890	13	35.29
182	198	3	5.94
2253	103	3	7.11
1498	246	3	24.36
104	700	16	57.75
160	254	6	19.7
119	13929	3	30.98
286	204	7	35.82
193	261	5	20.46
136	1811	6	41.36
2712	12	3	4.05
3044	111	3	14.55
113	341	22	86
7291	122	4	34.61
111	4917	5	36.67
2035	14	7	13.58
878	9	3	9.99
1546	14	10	20.78
119	4356	3	18.84
230	2453	4	38.82
172	104	38	49.7
1179	14	8	9.37
1491	109	5	20.59
2069	1321	6	88.81
171	323	3	9.42
1254	14	6	5.07
235	101	88	265.03
115	4618	4	26.49
143	3242	3	20.64
14208	14	3	17.41
5582	2	3	19.12
1456	14	10	19.56
259	107	17	39.54
133	275	10	31.69
612	117	7	24.36
476	21	3	10.42
198	57	5	4.41
972	101	17	59.99
12	11022	4	24.8
496	2879	5	64.52
1162	10402	3	52.05
178	1637	3	21.05
218	290	5	23.87
131	496	8	34.38
130	119	296	1523.37
190	812	4	25.97
1501	134	3	14.64
483	132	4	11.62
102	5663	4	18.42
7160	109	3	20.66
103	1293	3	4.01
427	248	3	15.92
9311	106	3	24.25
9	124	21	14.46
785	14	25	62.17
625	122	3	6.55
270	102	27	36.2
3337	12	3	5.06
105	2279	4	16.46
103	677	13	35
127	298	5	9.54
104	1011	9	29.06
420	478	5	40.99
1089	124	7	38.26
107	408	23	97.82
120	693	10	46.33
1664	14	13	36.32
116	1892	5	25.94
559	246	3	17.78
1103	107	4	12.09
435	117	5	10.52
136	279	4	6.97
111	845	3	6.41
132	101	169	212.09
1147	14	11	18.56
1159	102	6	11.12
116	570	6	17.69
250	8811	3	37.82
199	5938	5	61.74
8962	12	3	12.05
116	2975	9	70.22
5211	351	4	51.47
107	2046	3	11.07
134	185	6	6.78
6524	14	3	8.3
302	1179	3	24.8
102	7204	3	13.81
103	102	475	167.26
827	2917	8	123.16
580	14	10	4.05
102	4536	6	30.7
177	149	5	6.05
584	102	11	17.44
654	109	4	8.04
390	132	3	5.85
12	385	15	7.57
127	1213	3	12.32
103	1860	18	110.01
101	1071	5	6.79
155	358	4	13.27
4174	161	3	25.79
149	2365	4	29
1258	204	4	30.64
480	16	16	76.71
102	4493	3	10.12
101	1736	16	78.24
10358	6363	4	92.36
101	1363	13	48.26
183	2219	3	23.62
111	12650	3	29.38
818	105	3	4.62
121	504	4	8.6
156	265	3	6.01
102	7505	3	13.81
12	4652	8	39.77
386	12	28	39.5
104	1922	3	7.31
103	3258	3	9.51
6225	12	3	9.41
931	5539	3	44.41
1337	12	10	21.31
294	194	3	10.34
117	2720	6	39.88
266	182	7	31.58
115	1795	3	11.39
1636	59	5	28.82
463	144	3	8.22
138	229	18	70.87
108	1098	14	79.58
191	120	11	15.32
235	372	7	45.04
6305	7026	3	60.29
369	1067	4	37.02
118	1331	3	10.48
120	2121	4	20.75
5133	14	3	6.63
132	136	83	319.75
2250	101	10	43.92
104	4115	3	12.33
101	528	8	6.72
12	146	82	12.28
6551	12	3	9.41
3030	282	10	131.58
102	1717	5	11.21
2194	107	3	11.6
126	1377	3	12.89
487	12	15	13.35
1229	3278	7	114.02
557	240	3	17.4
253	782	3	20.39
101	3794	3	8.71
251	504	3	17.24
270	135	39	233.23
554	461	8	78.59
1091	170	3	18.06
108	3802	3	15.54
477	1886	3	31.68
116	335	23	97.66
299	120	6	9.78
140	1186	4	20.66
235	136	27	128.73
327	121	5	7.73
108	6127	3	19.4
412	128	3	5.7
3443	114	5	31.62
1176	105	3	6.61
115	1358	3	9.7
118	885	5	18.07
291	294	3	14.25
109	152	17	6.94
538	144	4	14.24
245	493	3	16.92
186	360	5	23.99
1	9	9	16.95
2702	170	3	24.18
12	3193	5	12.82
1063	101	6	9.76
1495	1474	5	69.03
102	1424	5	9.48
154	142	36	121.99
249	636	4	27.33
577	110	7	19.94
111	9891	3	24.9
198	172	10	39.32
162	149	6	6.45
320	450	3	18.65
915	122	3	8.92
173	153	6	9.32
1795	123	3	14.21
114	1666	3	10.71
199	530	4	22.35
379	629	3	22.57
135	259	4	6.09
327	159	3	8.14
614	14	10	4.67
678	149	4	17.82
10467	14	3	13.03
3435	158	3	23.77
133	290	4	6.79
324	516	3	19.79
13793	122	3	31.67
7332	14	3	9.43
341	171	4	15.51
9185	170	3	35.5
102	6200	4	19.9
1369	140	9	65.14
105	1517	10	52.1
1432	109	4	14.42
122	1744	3	12.86
1950	109	5	23.52
160	139	8	8.41
12	1313	5	4.64
4025	103	3	11.05
102	726	22	75.84
3551	160	3	24.62
1573	122	12	85.54
165	159	34	164.23
1183	157	4	24.66
111	733	5	13.92
938	183	3	18.15
116	491	9	30.51
940	14	12	17.58
134	116	20	8.83
133	4454	3	22.18
111	4792	3	18.01
259	1297	7	68.83
109	641	3	4.41
4580	103	8	53.08
1126	5008	4	62.75
266	14	24	5.18
254	102	22	19.14
109	2282	4	18.39
3321	12	3	5.06
107	3024	5	28.32
109	424	10	27.3
609	122	5	15.36
197	5916	3	32.44
471	12	27	48.87
833	118	22	147.49
136	3366	3	20.43
115	4382	3	17.78
170	111	15	14.02
146	148	7	4.51
680	412	6	56.54
112	143	72	166.81
507	111	4	6.52
223	1329	4	32.38
254	135	4	5.8
345	118	16	58.65
230	938	4	30.06
401	125	5	13.19
3466	122	5	34.63
1001	12	14	30.82
118	367	5	8.51
5889	102	3	11.65
106	230	17	33.03
111	1914	3	11.13
133	1194	5	27.09
13	701	3	11.69
102	1906	3	4.58
103	1782	3	5.54
130	3097	4	28.1
101	5040	5	24.04
2394	122	9	67.62
241	161	3	5.68
2437	596	3	35.02
149	1348	6	41.12
104	525	23	84.13
102	771	9	16.08
4300	14	4	9.59
102	4757	6	30.7
104	2892	8	44.66
102	2150	7	24.54
105	916	7	23.04
3966	117	4	26.03
153	141	11	12.92
660	332	3	21.81
108	782	10	41.09
380	250	8	55.88
117	2908	4	23.36
5730	14	4	12.58
1395	103	8	26.45
638	129	5	18.89
136	3805	4	31.33
325	111	6	7.82
402	12	33	60.69
237	150	4	7.24
2371	110	3	12.62
115	346	7	13.1
203	638	3	16.56
1316	103	10	36.65
3358	14	8	27.99
114	319	6	8.07
223	176	3	6.36
8	14364	3	33.13
4231	14	3	5.43
124	3947	5	38.88
2405	14	5	8.22
128	348	9	30.94
3660	57	3	19.74
101	3546	4	13.39
252	152	3	4.82
15242	14	3	17.41
7279	12	3	10.56
4630	14	4	10.43
6069	9	3	23.64
105	4832	4	24.29
851	103	6	10.37
102	8071	3	15.35
101	545	22	58.12
8654	14	5	29.02
513	121	4	8.79
238	237	4	15.9
1893	12	8	19.16
899	846	6	70.88
101	1564	5	10.21
105	1103	4	10.41
694	118	11	51.57
127	346	3	4.37
101	5789	4	18.08
149	1919	4	27.06
16	717	4	12.04
424	180	3	12.36
3425	14	3	4.11
337	12	39	64.34
102	6283	5	28.36
1332	103	5	11.33
102	3113	5	18.05
101	4036	3	9.26
2703	9	5	34.78
2518	114	3	13.49
127	1247	4	19.14
8	4367	4	30.77
8	59	20	13.77
486	200	3	14.48
104	3482	5	24.55
3928	14	4	8.84
878	108	3	6.17
111	3754	4	24.02
3253	9	5	37.1
106	136	324	1585.42
195	121	10	12.89
138	155	29	87.77
1909	12	5	7.48
109	2141	3	11.71
110	1460	5	20.83
112	1739	3	10.78
161	120	21	33.62
7746	250	4	54.4
559	155	3	11.54
113	1455	3	9.91
563	215	3	16.41
2027	125	3	15.31
111	6291	3	19.88
2421	14	7	16.2
319	1275	4	36.58
3383	107	3	14.44
286	184	3	9.37
260	144	6	14.94
113	321	5	5.38
2334	14	6	11.39
8117	103	5	39.38
102	1784	5	11.55
124	245	68	428.96
148	370	3	7.31
2112	1355	3	39.7
2975	357	3	32.49
103	1199	6	14.5
126	175	6	3.92
667	250	3	19.2
102	2875	3	7.21
955	138	3	12.36
2553	101	3	6.01
583	914	3	28.46
491	111	6	13.47
124	1723	8	54.86
123	797	3	9.14
1193	103	5	10.39
153	533	7	35.72
892	118	20	132.73
105	4507	5	31.93
128	528	3	7.17
159	12	55	8.46
252	1	3	9.97
774	161	7	45.57
4348	14	3	5.43
119	1345	3	10.71
1184	111	3	8.35
107	5703	5	37.48
2327	1752	3	41.87
166	194	4	7.7
2235	14	7	14.8
122	10429	3	27.18
4497	14	3	5.99
472	184	8	51.47
2276	1136	17	305.79
2819	137	4	28.14
617	469	3	24.17
119	2006	3	13.14
3593	110	3	15.38
3779	101	4	14.11
2203	1030	4	53.35
195	681	4	24.59
108	2303	5	25.37
3348	123	9	80.36
12397	103	3	23.63
1397	16	10	64.01
4524	1208	3	44.48
106	372	16	51.29
116	1549	3	11.12
119	601	19	105.29
948	107	3	6.68
108	3768	8	61.85
192	164	8	24.14
168	57	9	9.96
135	114	82	196.87
941	101	13	37.23
1958	14	8	17.01
4286	12	3	6.45
2277	106	13	96.78
436	104	12	23.39
670	906	4	41.56
6323	101	4	19.56
108	6988	3	20.62
708	139	3	10.42
333	177	4	15.58
116	1847	6	33.02
353	140	3	5.84
12	298	174	843.78
103	1216	5	10.39
8	667	4	13.22
238	102	32	40.43
127	1849	6	39.07
218	14	31	4.57
102	5476	3	11.65
159	137	10	13.48
1744	104	3	6.69
1130	114	3	8.51
101	7746	4	24
104	119	124	97.23
187	1370	3	20.76
105	496	19	73.97
158	534	4	17.55
141	475	4	12.59
2877	129	3	18.31
267	391	5	31.86
8930	12	3	12.05
2	2092	7	41.12
1012	460	6	63.7
163	177	5	8.8
2714	240	5	52.95
106	101	396	459.04
561	110	5	10.8
1128	102	5	7.5
2814	125	3	17.5
146	256	5	11.25
347	57	3	4.54
288	139	4	7.47
111	419	23	103.09
106	1495	3	9.13
102	658	6	5.28
105	4991	4	24.29
101	5455	3	11.4
177	333	3	10.05
245	122	38	174.53
111	8560	5	48.97
360	162	3	9.15
152	388	4	13.14
127	2355	3	16.72
160	233	5	13.45
184	339	3	10.83
1563	101	4	6.58
6492	14	3	8.3
298	118	22	85.07
369	125	7	21.02
224	163	21	111.66
167	5028	4	40.26
8133	103	5	39.38
114	364	5	6.96
2722	101	3	6.63
3676	239	9	116.31
115	1471	3	10.2
174	12	43	7.88
138	143	30	71.14
1758	161	5	38.24
103	12297	3	23.63
431	1797	3	30.7
117	10822	3	26.42
1506	12	7	11.69
750	517	4	37.33
122	1710	5	26.37
384	8	8	26.74
3098	798	3	38.94
3643	1579	3	44.41
104	3097	5	22.84
121	701	4	11.45
151	243	13	53.29
1026	108	4	11.55
5668	14	4	12.58
649	782	4	39.79
107	1003	14	75.77
137	322	3	4.85
107	2427	4	18.66
442	143	5	17.74
118	316	6	9.61
297	106	7	8.19
147	163	11	20.71
114	129	53	72.07
2237	114	3	12.58
5909	218	7	100.73
168	210	3	5.15
857	12	10	12.54
3895	14	5	13.51
111	2787	9	64.77
2	154	17	10.67
2201	9	3	15.79
562	168	3	12.98
102	4375	3	10.12
102	930	12	32.89
1925	12	12	40.98
2563	119	6	38.42
314	255	3	13.54
183	8	11	18.55
101	1245	4	4.9
185	4324	3	28.3
2318	14	6	11.39
130	219	8	15.84
156	403	5	20.55
822	6324	3	44.58
363	108	10	22.97
2051	118	3	13.07
2437	14	5	8.22
1357	111	3	9.22
129	314	5	10.23
4468	12	3	7.03
101	1266	5	8.17
121	101	99	9.2
7497	2825	5	99.16
1598	102	4	6.86
189	1713	3	22.36
185	171	3	4.5
102	976	7	12.77
1594	14	5	4.57
1652	112	4	16.14
101	383	17	23.35
103	1106	8	22.35
101	4864	3	10.58
415	123	3	5.07
149	1063	5	29.52
627	104	6	9.04
122	1995	7	45.11
3335	8	5	37.05
276	123	4	4.73
389	167	3	10.45
119	8601	3	24.27
2194	240	5	49.97
1616	14	7	10.63
599	101	19	49.48
118	287	9	18.66
119	691	3	6.62
108	2365	4	18.77
136	421	8	33.04
137	281	6	14.84
108	375	6	9.18
120	6980	4	34.19
117	1310	16	113.44
115	572	4	8.02
143	1404	4	22.74
3196	12	6	17.84
107	3285	8	57.81
112	569	4	7.48
3603	12	3	5.48
1119	110	3	7.99
1579	101	7	18.86
203	521	5	30.38
119	8391	3	24.27
925	101	5	5.54
749	110	7	23.95
1982	109	4	17.27
241	256	4	17.19
180	157	8	19.92
122	1414	5	24.39
105	5634	3	16.93
105	1657	4	13.53
131	2800	5	36.46
104	3765	6	33.49
102	3517	3	8.45
1777	102	3	4.21
1464	109	3	9.13
1270	14	16	42.67
7547	1047	3	47.4
121	391	16	67.16
933	282	4	32.53
424	101	10	7.98
120	3627	5	35.02
1255	101	12	40.19
326	145	9	34.89
116	631	5	14.07
1210	352	3	26.42
167	320	6	25.18
134	308	4	7.49
162	1182	3	17.3
108	5576	3	18.39
112	295	6	6.71
469	102	9	7.87
262	112	6	5.25
144	272	4	7.62
145	396	4	11.76
1222	716	35	610.05
104	9470	4	33.29
1991	101	4	8.41
6811	14	3	9.43
539	122	3	5.61
108	116	38	6.5
110	1419	3	9.28
707	216	3	18.06
138	124	16	11.71
738	14	48	194.01
1756	101	3	4.01
109	2932	4	20.77
8175	101	3	15.09
841	140	3	11.65
174	137	14	33.38
3203	125	4	27
28	57	7	44.76
12	8774	3	12.05
39	1324	4	27.74
741	169	3	15.35
853	102	7	10.81
1214	114	5	19.84
111	1637	8	43.9
112	1235	23	171.87
196	116	7	4.5
139	162	7	6.32
107	944	10	45.42
162	124	8	5.22
3984	148	6	56.4
119	549	3	5.2
114	1466	3	9.98
842	102	5	5.07
3327	1353	11	199.16
430	153	8	39.15
225	140	4	4.83
108	6183	3	19.4
107	3943	4	23.27
191	435	3	13.42
167	393	9	51.23
301	112	14	35.98
103	4936	3	12.41
12	3159	3	4.69
633	157	3	12.6
424	560	4	32.65
397	185	3	12.26
1477	149	5	33.24
153	2322	3	19.96
207	3239	3	27.4
336	107	5	4.94
395	101	24	50.19
104	226	148	747.36
102	997	5	6.46
103	6292	3	14.22
104	4091	6	34.94
577	134	5	19.2
1917	14	15	52.89
181	199	5	14.05
1642	1096	3	36.62
1830	14	9	19.9
513	114	8	24.09
7786	112	3	22.78
130	21	13	17.8
11086	9	3	28.67
1719	413	3	30.2
1209	110	5	18.93
2061	104	3	7.54
120	2317	3	14.32
1726	110	5	22.86
117	1078	14	88.13
199	1058	4	28.8
136	4949	3	23.49
106	1073	10	48.23
2	1938	6	32
3163	340	5	60.16
107	706	3	4.94
673	102	6	5.39
136	1088	6	34.46
104	12082	3	24.97
5061	103	3	12.41
7110	14	3	9.43
155	413	8	40.66
101	2708	3	6.63
994	101	6	9.13
124	695	15	90.86
895	275	3	22.07
102	7760	3	15.35
3759	103	4	16.54
313	199	4	16.63
866	114	10	46.48
160	961	3	15.85
7585	14	3	9.43
5532	103	5	28.91
3270	103	12	83.12
16	529	4	9.36
1946	132	18	176.08
102	1227	7	15.9
364	152	16	92.83
149	431	11	59.48
85	299	12	54.44
5925	9	3	23.64
1432	12	11	27.51
102	5353	3	11.65
102	1872	12	52.75
101	1015	11	29.5
5803	1995	3	49.5
102	7148	3	13.81
102	4791	5	24.47
4441	119	6	48.55
102	582	10	14.27
127	500	3	6.73
554	956	3	28.42
153	120	41	94.53
4330	156	3	25.14
10356	7905	3	66.94
3840	109	4	23.42
5787	14	3	7.39
258	2383	4	39.96
259	409	4	23.9
768	474	3	25.74
112	4411	4	25.94
174	319	3	9.37
119	1020	12	69.83
118	405	6	13.76
138	302	3	4.51
108	2733	3	13.28
5268	14	4	11.42
621	118	5	14.3
465	12	16	14.54
102	1036	6	9.75
395	136	5	15.53
125	1896	7	47.42
1677	471	6	71.02
336	130	3	4.58
459	120	3	4.52
102	2394	5	14.91
102	5033	5	24.47
105	6222	3	17.94
104	1400	11	48.75
2152	14	4	4.39
1957	125	4	22.5
13	108	24	16.26
180	520	13	98.58
12	5192	4	12.89
577	103	5	3.89
101	2161	3	5.22
233	302	3	12.39
4427	101	6	30.19
137	105	24	4.2
226	390	3	14.21
139	189	5	5.42
12493	129	3	33.66
118	111	57	40.17
116	3383	3	16.27
2442	217	3	26.24
202	1569	3	22.47
115	6227	3	20.39
105	10451	3	22.94
410	118	10	32.65
133	283	24	119.26
2	257	11	19.64
145	278	3	4.45
101	2251	8	30.7
4542	103	3	11.69
12	920	12	20.66
633	145	5	22.06
184	378	6	31.66
104	981	13	51.51
863	277	4	31.54
334	122	8	20.14
211	2481	11	131.14
689	102	6	5.61
1702	104	4	10.81
554	468	3	23.38
124	1566	23	218.42
151	368	3	7.66
3414	125	5	37.22
2704	187	4	36.61
105	455	15	48.37
127	2706	3	17.76
368	117	4	5.38
287	123	6	11.55
1691	109	3	10.06
197	6114	4	46.44
142	3801	3	21.81
9278	3482	3	59.62
5066	106	3	17.38
118	171	17	26.43
2141	170	3	22.52
835	1285	4	46.82
137	177	7	8.96
112	2009	3	11.71
1212	14	13	27.4
118	892	3	8.03
160	853	4	22.3
8	1469	3	13.27
864	14	18	36.53
105	908	4	8.82
11538	9	3	33.16
5233	12	3	7.69
156	272	8	30.95
362	14	20	10.02
148	996	3	14.01
9	711	3	8.7
277	153	4	9.34
241	140	12	40.06
2014	114	3	12.05
1084	127	6	31.69
234	1376	6	55.41
399	104	8	9.07
2445	12	5	9.89
202	4851	3	30.69
111	5395	6	49.8
2566	433	3	33.01
118	439	5	10.58
120	719	10	47.17
529	114	4	7.27
170	204	3	5.21
204	493	3	14.82
117	1645	3	11.72
856	107	4	9.94
225	608	3	17.37
108	3352	7	48.13
109	1246	4	13.34
107	3437	9	68.27
2	541	3	3.99
193	214	9	40.38
133	511	3	7.67
2515	125	4	24.88
2930	12	3	4.35
142	1368	6	38.26
116	536	3	4.76
102	10324	3	17.53
501	9	4	10.7
2656	14	8	22.83
145	3602	3	21.74
139	379	3	6.25
196	469	3	14.14
108	2486	4	19.21
109	2354	4	18.81
1453	125	3	13.18
119	249	14	34.34
117	1432	5	23.46
134	194	8	14.2
116	745	9	39.35
9153	14	3	10.91
146	197	4	4.47
565	108	6	14.37
3148	109	6	37.81
556	12	11	7.39
8	5927	3	23.6
8	11	9	60.32
3204	14	5	11.06
1166	103	4	6.58
6484	12	3	9.41
102	4527	4	16.15
101	7256	3	13.56
12	3690	3	5.48
250	400	14	116.89
127	747	5	20.45
102	844	14	39.76
10126	14	3	13.03
313	138	9	31.44
3693	14	6	17.67
1135	659	3	30.91
274	595	7	57.32
277	113	11	21.94
456	854	4	37.34
130	387	8	29.16
2038	144	3	17.69
114	276	9	15.08
111	4978	3	18.01
507	615	4	35.29
112	645	3	4.91
112	428	7	15.81
3352	142	4	30.32
950	1587	6	80.36
299	141	5	11.94
169	219	3	5.83
116	309	24	96.57
115	425	5	8.91
234	1118	3	22.03
12713	9899	3	73.67
320	362	3	16.8
108	2216	4	17.96
109	2595	3	12.95
2811	14	8	23.94
1585	125	3	13.74
139	120	19	11.38
2981	14	5	10.39
2968	110	7	46.51
101	4548	6	30.19
102	1679	9	31.05
101	825	8	13.16
553	213	3	16.07
3523	652	3	38.46
181	138	5	4.52
2495	5560	5	92.68
189	129	6	6.1
129	213	11	25.46
101	2208	3	5.22
103	3526	4	15.81
105	5243	4	24.29
102	1051	6	9.97
5264	102	3	10.83
101	3820	3	8.71
103	3028	5	19.94
9255	470	4	66.98
245	581	7	54.34
1475	103	4	8.27
152	302	3	6.22
2455	107	3	12.5
128	423	4	9.75
102	2507	4	10.52
85	121	22	26.04
184	4100	6	67.14
5986	9416	4	92.36
119	12506	3	30.98
180	166	6	13.8
107	15382	3	28.81
153	1012	11	83.63
177	229	3	6.83
151	273	16	78.69
360	141	4	9.92
251	108	6	3.85
101	1838	3	4.18
3309	845	3	39.8
103	263	13	8.15
15130	14	3	17.41
3470	14	6	16.61
134	301	5	11.08
433	12	12	5.14
616	835	3	28.23
39	221	3	5.77
705	135	3	10.05
2812	101	4	11.11
109	492	7	16.83
1548	128	8	53.84
4007	14	3	4.93
124	1672	8	54.21
121	108	58	41.78
492	802	3	26.33
127	184	7	7.61
102	2574	4	10.96
420	403	7	59.53
105	4434	3	15.34
545	103	6	5.56
104	6790	6	49.94
103	4529	5	25.71
929	2969	5	71.98
1139	12	14	35.2
3365	217	3	28.59
125	379	4	8.26
5973	101	3	12.37
105	1886	3	9.3
220	121	10	16.15
102	1867	4	8.12
284	128	6	12.76
124	2388	15	142.98
111	1859	6	30.98
606	12	10	6.88
3673	102	3	8.45
226	595	7	52.35
293	135	8	24.46
4143	183	4	40.4
297	138	6	15.83
143	6982	3	27.29
4617	114	4	26.42
111	4397	6	45.37
3659	14	4	8.19
5760	159	3	28
113	2190	9	59.75
147	195	4	4.41
2149	104	3	8.04
107	996	3	6.89
682	116	4	10.34
3465	12	3	5.06
398	102	11	9.67
380	183	4	17.88
5676	12	5	20.69
342	112	5	5.9
109	1091	4	12.24
293	102	25	35.5
257	140	4	6.46
119	2110	6	35.76
2534	121	3	14.96
1515	9	6	35.66
107	1456	4	14.28
109	1735	3	10.26
287	253	3	12.75
149	3352	5	42.98
8678	12	3	12.05
7782	109	3	22.23
1167	132	10	68.32
102	939	6	8.96
5030	9202	3	62.21
119	10212	3	26.49
1112	127	3	11.77
105	776	4	7.56
124	1635	3	13.78
238	171	5	16.11
351	104	7	4.81
131	719	3	9.71
105	3901	3	14.1
220	147	4	5.65
1329	14	18	55.36
149	2699	3	20.93
340	104	9	8.54
1133	218	10	97.39
705	102	9	14.53
142	7401	3	26.96
1277	167	3	18.4
108	2767	4	20.19
4430	152	3	24.91
541	181	3	14.01
1189	107	5	17.96
174	963	4	25.64
120	530	26	155.8
3267	12	3	5.06
111	1249	3	8.77
125	13	15	15.14
104	1999	7	29.82
7370	14	4	15.8
155	839	3	14.35
9011	6545	3	61.87
759	21	3	13.61
156	104	26	8.55
85	147	14	24
238	439	3	15.68
2945	113	3	14.51
552	171	3	13.55
178	419	3	11.94
8	4016	3	20.3
101	1540	4	6.36
668	101	6	5.04
12	7515	5	25.68
9012	7842	3	64.7
696	110	4	8.88
108	9758	3	24.41
7907	14	3	10.91
337	209	3	12.2
122	9893	3	27.18
886	130	4	16.68
2168	14	4	4.39
559	187	6	37.89
1965	118	11	79.23
172	144	8	13.02
142	874	6	32.24
1155	12	13	30.66
114	1306	4	14.69
807	130	4	16.03
13270	103	3	23.63
7481	12	5	25.68
110	286	6	6
431	956	11	128.65
1481	3300	3	43.51
236	121	8	11.68
199	1534	3	22.19
1352	130	3	13.64
16	382	4	6.63
865	356	4	34.66
104	387	25	76.23
103	278	12	7.41
102	2256	3	5.69
335	158	18	111.9
622	12	12	11.71
149	2169	3	19.27
1134	103	4	6.42
156	176	4	4.73
101	2849	6	21.95
104	2093	7	30.5
1236	299	3	25.05
588	12	13	13.15
258	407	3	16.12
287	335	5	30.6
101	10257	3	17.27
4675	978	3	43.13
203	545	3	15.45
114	202	13	17.68
1765	12	8	17.94
733	103	8	15.7
135	121	25	22.14
138	428	3	7.09
101	10557	3	17.27
143	1015	3	13.26
119	2272	5	28.77
267	108	6	4.62
7721	170	3	33.27
193	1963	3	23.61
4962	12984	3	66.71
2478	14	4	5.35
1323	144	3	15.02
1504	348	3	27.67
2292	101	4	9.43
102	1754	3	4.21
479	138	6	23.35
3991	14	4	8.84
2964	101	3	6.98
101	1322	4	5.4
104	951	11	39.19
12	1661	7	12.92
123	492	3	6.12
903	561	3	28.03
208	2350	3	25.57
2017	101	3	4.77
101	3093	7	30.38
131	455	4	11.16
701	14	13	13.56
8	697	9	45.16
105	7224	3	19.16
102	890	11	27.06
159	963	3	15.79
155	1673	4	27.45
2525	103	4	12.54
260	357	4	22.29
1180	14	7	6.74
135	147	10	7.23
7601	14	3	9.43
171	104	21	10.19
1126	1354	3	35.61
498	110	14	53.98
1545	14	19	68.53
4737	16	3	19.54
1874	122	3	13.31
133	2534	3	17.88
1208	112	3	8.58
2	13	41	67.29
133	174	10	16.4
444	134	4	11.32
3473	155	3	23.96
708	107	3	4.94
136	366	3	5.86
841	4603	3	42.13
1389	122	3	11.52
2060	102	5	13.05
118	1080	4	14.52
1699	14	12	32.24
200	256	5	20.32
1345	1288	3	36.53
2004	112	4	17.98
5692	12	6	28.38
124	3812	6	49.56
16	724	9	41.72
622	137	5	20.6
420	169	8	45.72
354	109	5	5.64
102	4938	3	10.83
281	14	38	31.88
102	2299	5	14.41
101	1804	7	20.85
102	624	28	100.38
317	112	10	20.75
1050	156	5	31.43
850	112	3	6.5
872	7166	5	85.69
488	122	3	5.1
122	8061	5	52.79
159	1282	3	17.69
101	2512	4	10.21
104	3722	5	25.54
221	334	6	33.58
895	14	12	16.06
102	6078	4	19.9
101	5147	5	24.04
101	903	5	5.26
794	102	9	16.56
182	201	3	5.97
9389	103	3	19.17
1518	122	5	25.33
878	101	5	5.01
5757	103	3	13.24
117	2619	4	22.31
172	123	16	32.11
109	542	4	6.47
107	3640	3	14.93
111	3112	8	57.74
116	357	8	19.1
1122	216	7	61.86
2413	12	10	35.19
367	104	8	7.42
1281	149	4	23.52
115	1099	3	8.43
134	223	5	6.87
107	1961	4	16.78
287	2975	3	30.48
260	151	3	5.05
136	3259	3	20.43
124	8277	3	26.36
109	2575	3	12.95
173	171	8	23.5
2242	523	3	33.7
329	1550	5	51.05
1761	122	6	34.48
231	306	3	12.39
594	110	3	4.35
1148	14	6	4.25
139	101	58	8.15
676	142	3	10.32
133	1066	5	25.68
327	134	3	4.72
113	380	4	4.59
114	256	24	77.81
6303	4425	7	158.31
809	4925	9	163.05
145	251	224	2379.95
5945	103	3	14.22
306	137	6	16.13
150	259	13	55.72
1049	109	6	22.37
253	733	8	69.73
101	1108	4	4.18
12	1502	19	74.1
103	385	7	4.02
130	3971	3	20.63
357	941	3	24.9
385	137	3	6.31
542	655	4	36.62
2113	101	10	41.6
109	8369	3	22.23
187	169	3	4.37
3155	12	3	4.69
12	102	2034	2475.36
758	122	11	56.55
125	483	5	15.05
9	14	337	332.59
133	2218	5	33.79
324	326	9	68.14
165	134	22	59.83
717	220	5	35.76
118	3435	5	33.37
113	117	67	67.71
111	7193	3	21.11
112	7	5	15.69
111	5438	4	28.15
122	13993	3	31.67
109	669	3	4.71
1217	216	3	21.58
1398	149	3	16.37
1256	107	3	8.25
931	5557	5	81.26
102	3612	5	19.72
1434	104	3	5.65
188	325	5	22.72
101	1044	15	50.75
124	424	7	23.25
149	2368	4	29
277	102	16	10.07
1292	104	7	22.93
782	14	14	18.92
4055	222	5	56.94
12	3670	3	5.48
728	109	7	22.81
339	200	4	17.86
1717	103	4	9.22
5012	101	3	10.58
654	148	3	11.26
241	129	5	6.9
243	1103	5	42.44
244	448	3	16.15
891	16	5	19.45
191	108	13	13.46
146	173	8	14.06
4289	216	3	30.1
143	1248	3	14.63
114	802	9	38.33
119	1720	4	18.62
918	130	3	11.14
14414	14	3	17.41
1275	158	4	25.37
106	982	5	15.95
12	8789	3	12.05
266	155	4	9.96
711	108	3	5.01
118	459	8	24.83
120	707	3	7.08
120	4668	3	19.21
5689	14	4	12.58
306	12	23	13.38
151	356	4	12
3880	14	6	18.87
274	330	9	64.23
13	154	7	6.64
105	2021	5	21.52
793	12	8	6.36
104	4128	3	12.33
2832	104	3	9.57
102	1736	10	37.7
5707	14	3	7.39
8	2139	7	49.92
181	118	313	2501.45
164	121	13	12.4
119	807	5	17.37
4733	14	4	10.43
115	3744	3	16.53
117	774	3	7.15
197	497	3	14.6
197	4690	9	119.59
108	3807	4	23.38
4214	14	5	14.54
12	11342	3	14.19
327	103	13	13.84
2685	132	6	45.68
171	309	13	76.28
413	520	3	22.07
376	108	11	28.38
470	294	3	18.32
1342	12	7	10.27
2252	59	3	16.31
957	101	12	32.86
184	3742	3	27.65
155	167	25	103.57
102	1650	5	10.89
101	726	18	52.79
102	3295	4	13.07
207	6488	3	32.84
1602	119	3	11.59
244	104	20	26.98
3502	11602	3	64.12
4606	12	3	7.03
4673	1356	4	63.34
215	185	3	6.78
4239	12	3	6.45
101	1218	8	19.23
396	2153	4	44.45
7335	14	4	15.8
272	107	9	12.46
2343	523	5	62.48
1786	419	4	43.13
106	1968	3	10.76
6626	14	5	20.87
114	305	7	10.55
204	325	3	11.49
147	267	12	47.96
1280	101	6	12.02
1669	114	9	53.19
124	13661	3	33.07
5818	12	3	8.47
321	339	3	16.3
137	116	28	26.32
108	4792	3	17.53
142	728	4	16.61
13245	1581	3	58.45
119	2184	3	13.67
943	14	11	14.46
1992	110	3	11.51
1900	13	5	35.44
778	102	7	9.53
268	421	3	16.59
108	733	5	13.19
101	1424	12	43.11
102	2168	4	9.38
12	5236	4	12.89
542	101	10	12.1
102	754	7	9.37
12	2051	24	148.81
59	190	6	5.92
518	142	4	13.52
395	352	3	18.74
968	123	5	22.42
244	394	5	30.55
623	693	3	26.97
1058	101	7	13.28
426	199	6	35.38
3095	12	3	4.69
700	13	3	11.69
102	3565	3	8.45
636	101	9	12.19
6349	4187	7	156.1
3719	1662	3	45.16
213	1167	3	21.25
106	248	42	162.3
133	1208	3	13.13
161	1073	11	91.37
343	159	3	8.57
296	162	5	17.28
120	649	12	57.92
101	9250	4	28.95
111	6213	5	40.63
109	421	5	7.48
290	137	10	35.19
194	527	6	38.19
108	1663	3	9.83
2869	155	3	22.57
6813	8115	4	89.28
3171	12	3	4.69
116	837	3	7.46
9958	12	3	14.19
940	124	3	10.42
734	116	3	6.72
111	2160	11	77.42
10957	14	3	13.03
14030	103	3	23.63
1009	118	5	19.53
330	106	6	7.18
1396	103	3	4.41
277	9106	3	38.82
2963	3062	3	47.71
111	7131	3	21.11
775	175	3	15.97
116	2231	5	27.77
114	787	4	10.47
111	782	4	9.93
108	4123	4	24.22
858	111	4	10.62
600	1823	11	155.22
956	141	3	12.49
1976	170	6	53.07
102	545	15	29.77
12	1331	5	4.64
1845	12	4	4.27
5152	14	4	11.42
934	707	3	29.98
124	354	101	883.89
1405	111	4	14.76
574	311	3	20
129	348	3	4.52
12	446	20	23.25
102	1168	6	11.38
822	249	3	20.51
374	16	5	9.94
2595	9350	4	82.85
112	370	6	9.88
402	125	10	39.51
430	135	3	6.88
1008	12	8	9.5
118	1547	4	17.42
5028	101	5	24.04
107	3931	7	51.01
261	135	7	17.56
196	105	10	4.32
107	5114	6	46.21
200	12	48	28.74
945	168	3	16.56
1066	2466	4	55
117	4522	4	27.82
120	2535	8	57.87
476	12	22	31.73
162	106	22	22.98
489	2	5	9.99
353	276	3	15.44
282	266	3	13.05
101	2150	8	29.83
189	197	16	84.2
105	3485	3	13.58
101	771	7	9.06
249	2289	3	27.26
2968	159	4	33.48
8	520	5	15.82
280	120	5	5.91
104	1074	13	54.48
102	5040	3	10.83
2393	122	3	14.94
1402	113	3	9.75
105	362	5	4.05
152	1084	3	15.1
2720	9255	4	83.37
600	245	5	35.78
282	400	4	24.63
1198	103	4	6.75
148	143	29	79.85
1506	197	3	21.94
127	367	3	4.7
101	1569	5	10.21
281	118	8	14.54
246	1237	3	23.16
2323	114	3	12.87
101	3177	4	12.15
2495	4461	4	68.9
211	412	29	273.47
5864	14	4	12.58
153	230	3	4.1
122	6902	5	47.39
686	12	8	4.72
101	5505	5	25.77
10606	12	3	14.19
101	1784	8	25.49
102	3084	6	24.23
262	166	3	7.05
3024	14	4	6.58
110	329	12	29.96
616	1191	6	70.36
2232	14	4	4.39
407	324	4	26.48
161	108	59	159.77
197	187	36	246.77
111	1348	3	9.22
832	1283	3	33.26
226	1101	3	21.38
126	163	86	421.74
157	213	3	4.21
3927	14	4	8.84
1883	103	4	10.05
1368	1856	3	38.92
212	727	5	35.22
16	59	455	2799.16
817	106	45	358.94
1800	152	3	18.36
1064	343	3	25.3
3912	14	3	4.93
105	2923	10	70.34
4269	341	8	114.04
183	200	3	5.97
127	135	12	5.11
128	509	3	6.97
101	3113	4	12.15
2132	217	4	36.28
1105	615	3	30.04
102	3148	3	7.59
102	1564	12	47.52
7882	8	4	39.18
141	219	5	7.52
4222	109	4	24.26
109	324	9	16.47
192	1600	4	31.95
1361	106	11	61.49
257	173	20	125.39
164	299	4	12.49
199	392	4	19.67
2850	385	3	32.8
1184	113	3	8.7
114	161	19	20.22
115	816	3	6.69
1787	170	3	21.22
2	935	3	7.2
1852	4524	4	66.13
120	7317	3	23.07
562	128	3	7.54
268	585	3	18.99
102	9683	3	17.53
131	11231	4	45.58
1214	236	8	76.85
4107	108	3	16.13
107	6613	3	19.31
444	114	10	31.1
133	1773	3	15.45
120	282	17	56.42
116	104	76	15.38
206	142	7	13.07
534	107	4	6.22
194	147	4	4.41
111	2554	3	13.05
325	2689	3	30.83
192	174	11	44.4
7450	14	3	9.43
369	621	3	22.27
104	8362	4	28.32
590	101	58	304.63
1165	101	8	18.85
583	109	3	3.93
271	6333	3	35.87
6495	14	3	8.3
6101	113	3	20.27
105	2199	3	10.28
6444	14	4	14
185	153	10	26.79
103	3567	3	9.98
601	112	3	4.57
1093	112	6	24.21
188	358	3	11.55
101	658	6	4.93
171	357	13	82.67
14128	14	3	17.41
109	3586	3	15.04
7351	14	3	9.43
203	997	3	19.61
1422	140	7	47.16
140	117	37	53.93
118	834	3	7.66
117	947	3	8.54
11559	218	3	43.14
8325	12	3	12.05
407	279	3	16.78
138	199	21	77.63
5093	12	4	12.89
2814	12	6	16.14
2999	103	3	8.7
575	596	3	25.39
103	1652	6	18.18
2593	8	4	25.22
5120	187	7	86.99
182	162	15	59.06
207	513	7	47.45
274	378	15	129.38
180	132	6	5.81
935	109	10	45.4
102	1315	11	36.9
101	1747	3	4.01
317	145	4	9.07
217	14	187	580.29
102	3131	3	7.59
6642	14	3	8.3
421	756	3	24.79
11335	14	3	13.03
1260	104	4	8.6
1415	13	3	16.15
358	145	3	6.4
446	102	8	5.07
1977	419	3	31.23
10834	14	3	13.03
103	298	11	7.21
158	999	4	23.33
128	272	7	15.98
12524	12	3	18.6
226	330	6	33.65
136	2884	3	19.55
226	990	3	20.74
136	2511	3	18.44
107	3015	4	20.62
2230	114	4	19.18
2	2027	3	11.85
1689	392	3	29.64
854	12	10	12.54
3923	102	4	14.44
140	163	21	57.37
5755	14	3	7.39
12	8961	4	19.89
1479	332	3	27.18
114	712	3	5.79
1283	152	3	16.25
286	111	17	47.11
2383	101	3	5.73
322	12	23	15.43
108	1528	3	9.45
134	322	5	11.85
3393	14	8	27.99
2426	102	4	10.12
250	2902	5	54.41
104	628	5	6.1
10337	9348	4	101.92
160	294	6	22.4
178	431	4	18.44
309	184	4	15.34
394	187	26	223.34
461	520	3	22.91
102	725	9	15.17
128	1006	3	11.26
105	5058	4	24.29
382	184	6	31.81
3448	577	10	156.24
182	120	10	10.8
814	187	6	43.41
101	930	20	75.45
188	211	4	11.13
114	148	45	83.67
1579	141	4	23.19
1210	108	11	58.76
508	12	23	38.58
166	105	14	4.6
136	2013	3	16.96
107	1476	4	14.51
111	919	3	6.88
1855	8	3	14.72
2880	123	3	17.51
10110	14	3	13.03
169	12	42	4.92
143	2671	4	28.46
174	682	3	15.12
7255	497	3	42.26
193	1214	6	49.79
2	1572	3	10.33
442	138	3	7.29
2030	103	3	6.37
120	1076	9	49
131	362	3	5.17
218	155	5	11.38
238	160	3	5.56
304	8	12	41.1
784	3072	3	38.75
122	1949	19	173.21
149	243	6	15.34
122	7854	5	52.79
242	1374	5	44.68
9	232	5	5.85
1614	170	6	50.05
131	1263	4	20.02
3914	114	10	88.72
307	392	7	52.48
16	39	66	273.87
3241	110	4	21.8
180	1311	4	29.12
1203	12	5	3.91
101	1248	11	34.75
102	5107	7	41.85
12	270	228	1216.51
129	300	16	65.87
220	110	7	4.25
124	1014	13	86.96
427	101	39	126.55
276	104	11	8.55
699	134	3	9.9
2042	450	7	87.72
1558	116	6	30.8
183	139	5	4.84
723	2417	3	36.41
245	413	7	48.53
126	117	27	15.71
383	326	13	115.31
1949	14	5	6.26
581	9	7	28.56
169	137	30	110.16
107	1449	13	79.98
289	339	3	15.47
111	2602	3	13.39
770	112	3	5.93
108	3525	3	15.01
498	159	5	23.87
1996	101	4	8.41
774	109	3	5.46
4763	103	3	11.69
235	248	4	16.3
115	728	6	19.57
132	1132	4	19.13
137	308	3	4.53
289	1477	4	36.98
1248	101	7	15.7
434	109	5	7.79
2490	113	4	20.35
102	3050	4	12.48
102	678	46	234.92
1619	14	7	10.63
5629	827	3	43.66
121	683	3	6.81
123	279	5	7.75
3336	8	5	37.05
121	386	5	9.83
1675	109	3	10.06
334	514	4	29.14
1090	101	4	4.05
102	383	17	24.51
105	4204	3	14.69
101	976	6	8.93
102	2089	3	5.2
397	1954	3	30.62
2583	106	4	19.48
5080	125	4	31.99
2877	161	3	23.26
202	2251	3	24.94
137	578	4	14.14
108	968	3	6.85
567	109	5	10.49
3115	3141	7	129.07
595	112	3	4.51
437	2408	4	46.12
326	132	9	30.73
110	259	6	4.77
535	284	11	98.62
132	248	10	28.09
403	156	20	138.74
910	218	8	69.59
117	1583	3	11.52
1123	693	3	31.08
143	1108	5	28.14
142	3213	3	20.31
225	250	10	57.35
108	2042	3	11.15
15137	3142	3	63.15
500	158	4	16.97
119	1312	3	10.55
114	203	9	7.64
116	2799	3	15.01
168	135	9	12.22
227	105	52	184.97
165	1181	7	53.48
115	1123	5	19.21
295	914	4	32.98
331	146	5	14.79
4827	134	4	33.75
444	12	13	7.23
321	170	4	14.39
2301	110	5	25.98
2499	109	4	19.25
365	2626	3	31.89
13	263	3	4.7
629	121	5	15.11
102	3208	3	7.59
310	85	3	6.02
9478	8380	3	66.94
4273	14	6	20.23
12	2746	3	4.05
1616	213	3	23.34
160	1963	4	29.6
127	1843	3	14.85
1166	1222	16	253.65
238	108	9	9.48
4810	14	4	11.42
2976	14	5	10.39
764	187	11	91.69
127	120	31	27.87
1947	12	4	4.75
101	7744	3	15.09
5775	107	3	18.31
102	2843	3	6.86
1572	118	5	24.43
149	5905	3	27.17
554	497	9	92.16
493	166	3	11.97
3848	104	5	25.54
122	13840	3	31.67
3201	14	5	11.06
141	838	6	31.62
2415	217	4	37.52
1554	103	5	12.71
645	250	3	18.9
256	301	3	13.28
413	200	3	13.42
1043	12	7	7.3
367	138	6	19.34
115	1059	7	30.76
1606	291	5	49.4
3704	14	6	17.67
132	278	5	9.6
349	163	6	25.85
159	702	3	13.69
635	2049	3	34.2
102	648	18	48.89
382	136	5	14.91
3477	9	4	28.24
102	2259	3	5.69
3398	4173	7	136.69
156	182	5	8.56
105	1405	3	7.6
12	2987	3	4.35
187	2902	5	49.07
1591	12	10	24.95
123	1695	3	13.77
588	103	7	9.08
602	139	5	20.5
128	220	5	5.59
104	3070	7	37.79
2454	170	5	44.8
4665	12	3	7.03
101	1799	3	4.18
102	627	8	9.57
185	391	4	18.37
1109	225	4	30.87
157	437	3	10.05
123	226	36	162.13
576	139	4	14.25
2131	168	3	21.72
10	13	3	12.01
103	3321	3	9.51
417	366	12	111.76
512	117	3	4.76
2857	12	3	4.05
5186	12	3	7.69
1892	112	3	11.23
1818	107	3	10.37
380	378	4	27.5
1312	413	3	28.45
143	2137	4	26.3
3941	12	3	5.93
878	102	11	26.68
1901	104	3	7.1
107	811	8	29.78
3898	12	5	15.34
1394	107	12	70.63
203	295	3	10.65
278	10391	3	41.09
347	102	10	4.98
439	140	3	7.33
276	164	3	7.1
105	1152	5	15.57
282	123	4	4.92
101	463	10	9.52
103	1185	15	64.47
105	1943	5	21.09
4660	125	4	30.9
13	244	7	19.48
869	114	4	11.3
356	437	5	37.49
2525	12	4	6.62
448	616	4	34.2
103	2146	4	11.35
14345	14	3	17.41
105	790	6	16.04
394	675	3	23.65
932	134	7	39.3
8479	2483	3	54.86
1509	14	7	9.46
121	171	28	71.22
16	925	3	9.03
845	117	3	7.75
110	552	10	34.13
370	1757	3	29.2
6594	14	3	8.3
115	2893	3	14.63
115	524	4	7.27
116	149	17	11.32
1422	404	3	28.67
133	169	11	18.47
1208	107	3	7.97
506	14	14	8.41
107	5846	3	18.31
226	817	10	90.04
162	253	6	20.01
443	781	3	25.39
1038	14	7	5.18
5341	1034	3	45.01
109	981	8	33.53
11007	12	3	14.19
1534	141	7	48.57
867	138	4	17.75
1079	8559	4	69.73
121	111	75	89.46
101	8008	3	15.09
105	4427	8	63.14
3149	112	3	14.65
105	2974	3	12.24
101	3502	3	8.21
113	12624	3	29.77
3185	14	5	11.06
542	581	4	35.37
3692	102	3	8.45
102	1490	6	14.06
312	135	4	7.73
387	59	3	5.04
453	854	3	26.16
117	14420	3	30.91
284	129	6	12.84
363	135	3	5.61
1462	113	4	15.49
568	1039	4	41.23
2651	14	6	13.27
257	121	28	113.24
120	4238	3	18.55
102	11375	3	17.53
230	4782	4	46
331	160	6	24.48
120	252	5	4.71
136	407	4	11.04
162	335	5	19.11
124	8430	3	26.36
259	273	4	19.05
1940	16	3	13.56
472	141	3	7.85
117	3418	8	63.38
117	1296	9	51.48
1960	125	3	15.06
591	579	3	25.38
119	3515	3	17.05
135	197	5	5.51
149	489	15	95.64
124	595	32	237.39
16	1317	3	11.21
8	2572	4	25.22
749	12	15	25.72
156	138	9	9.57
600	296	5	38.76
6449	125	4	34.78
6823	3777	6	131.38
1026	135	8	49.26
214	316	7	38.74
14483	114	3	29.84
251	111	13	24.91
131	3954	5	40.73
183	356	3	11.19
121	405	7	18.95
109	1131	3	7.69
110	276	7	7.95
2447	102	3	5.95
120	3613	3	17.41
1346	523	4	42.83
433	103	12	18.97
104	8570	4	28.32
225	573	3	16.91
112	309	7	9.95
140	205	5	6.37
9539	5483	4	90.83
205	1460	4	31.79
1963	12	4	4.75
916	103	7	15.09
111	698	6	18.14
9202	8111	3	66.94
717	104	5	7.4
117	1579	5	24.43
119	1811	4	18.92
617	142	3	9.7
367	199	4	18.66
1694	109	4	15.7
147	2310	3	19
114	2340	4	19.58
3026	12	3	4.35
2419	125	3	16.46
260	164	8	32.33
1907	124	5	29.83
1612	140	9	68.25
162	570	3	12.45
241	225	5	21.22
792	116	4	11.59
101	2625	3	6.31
103	3368	3	9.51
102	1262	5	8.52
12	4725	7	31.46
101	2778	5	16.25
1168	101	11	33.01
102	2101	6	18.44
105	1474	9	44.08
12	803	11	14.35
85	140	24	56.55
182	102	24	6.52
211	378	3	13.31
123	981	4	16.15
688	14	9	4.51
12	3647	3	5.48
104	3087	3	10.33
102	2345	8	32.31
103	239	14	7.02
6864	14	3	9.43
105	334	6	5.48
127	4585	3	21.34
1022	14	8	7.45
1026	102	8	17.12
2416	12	4	6.26
197	394	4	19.64
109	226	8	5.94
1348	109	4	13.97
230	765	5	37.47
2719	113	5	29.19
706	9	3	8.7
108	719	15	71.74
138	357	20	110.85
168	204	4	8.3
2951	12	10	41.38
169	114	33	75.61
113	819	4	10.85
572	134	3	8.56
1550	806	3	34.14
166	117	9	4.22
756	140	5	23.22
157	124	26	60.27
101	3712	6	25.87
102	2781	3	6.86
102	2614	4	10.96
1231	117	3	10.03
121	127	22	10.49
1889	101	6	16.43
304	112	6	7.07
11212	14	3	13.03
102	804	28	120.42
101	1730	4	7.29
4773	170	3	28.55
149	3720	3	23.25
520	9	5	15.87
160	214	3	4.54
126	819	3	9.72
253	1627	3	25.25
208	300	5	23.23
362	104	10	12.29
390	107	5	6.62
1356	14	6	5.77
313	104	11	11.07
118	629	8	30.29
256	145	3	3.9
136	6677	3	25.38
119	1360	9	52.78
811	14	15	23.33
7385	114	4	32.18
137	1335	5	29.16
108	1365	10	54.21
110	137	41	47.25
1877	110	3	11.02
882	14	10	10.14
1815	839	5	64.88
110	934	3	6.88
190	11493	3	41.73
101	522	53	241.08
131	790	11	66.65
1879	122	5	27.55
101	7216	6	43.43
102	5847	3	11.65
125	519	9	38.89
9	151	11	7.66
2214	12	9	27.23
117	11085	3	26.42
104	1472	13	64.59
5358	2	7	63.15
419	911	3	26.05
101	1167	6	10.94
669	104	4	4.06
397	117	7	17.64
8858	118	3	24.2
783	217	5	36.58
8582	12	3	12.05
306	114	10	21.05
127	989	4	17.14
1731	104	3	6.69
5702	125	4	33.26
368	116	17	66.07
108	1948	7	38.07
2	328	8	15.1
704	14	14	16.25
1876	2506	7	115.23
141	4361	3	22.98
494	102	7	4.37
142	524	4	13.59
474	14	12	4.03
6393	14	4	14
12246	5478	3	67.58
173	198	3	5.27
205	2059	3	24.22
6562	14	3	8.3
301	175	5	19.83
203	343	13	89.92
114	271	5	3.86
432	105	12	31.92
194	993	4	28.11
111	274	58	297.36
2	307	9	16.86
132	2367	3	17.46
368	150	5	17.2
6628	12	3	9.41
558	113	10	35.9
972	111	3	7.28
141	203	12	32.91
108	489	25	122.9
109	951	3	6.78
196	163	13	51.19
107	2558	6	34.14
3986	14	5	13.51
142	4688	4	33.59
102	9629	3	17.53
945	12	7	6.27
102	1684	7	20.37
587	120	4	9.92
551	121	4	9.34
3008	14	8	25.16
105	431	20	72.86
334	141	3	5.43
121	263	15	43.55
211	219	5	18.67
128	428	3	5.89
101	1121	12	37.04
1435	106	7	32.93
203	1807	3	23.43
1047	111	5	17.54
381	163	8	40.92
106	278	38	153.8
228	118	98	595.56
109	387	13	38.83
643	106	3	4.26
111	6115	3	19.88
2145	650	3	34.91
264	1445	3	24.94
294	163	19	115.75
1316	628	3	31.4
593	12	29	72.3
122	13377	3	31.67
225	433	3	14.94
111	843	20	120.19
136	1675	5	31.68
1586	103	4	8.72
3630	14	8	29.68
110	12	294	75.75
1999	4190	5	85.45
137	1304	4	21.24
113	105	356	1034.21
103	5089	3	12.41
3611	104	3	11.24
790	128	3	9.76
103	108	159	64.12
131	1698	4	22.48
396	219	4	21.15
124	7723	3	26.36
966	121	6	26.04
3615	101	4	13.39
153	184	9	22.28
1799	113	5	24.06
178	757	17	153.5
177	144	6	7.34
102	851	13	34.96
131	1405	4	20.91
101	2485	7	26.31
1653	12	8	16.83
827	5401	4	61.3
690	141	3	10.3
241	121	7	9.2
149	3044	3	21.75
5984	101	7	50.67
124	407	3	5.18
3396	164	3	24.45
102	1986	13	62.71
170	101	104	214.11
146	147	8	5.89
201	1428	4	31.56
108	1627	12	75.51
2892	16	3	16.37
108	5596	3	18.39
144	174	12	27.81
119	1622	4	18.05
528	743	4	37.49
2877	271	5	55.89
140	234	9	24.42
531	282	5	36.26
111	1195	4	13.52
1360	122	3	11.36
112	1540	3	10
139	466	4	12.32
330	123	4	6.49
2718	12	3	4.05
115	1537	3	10.38
131	334	3	4.65
392	122	3	3.88
149	455	21	145.68
720	14	31	86.17
7739	9	3	26.45
3759	12	4	10.26
101	1619	12	47.46
667	378	3	23.09
102	4488	3	10.12
178	850	4	24.73
214	102	52	89.58
124	7952	5	55.12
184	183	3	5.18
101	3326	3	7.76
741	174	3	15.77
806	110	3	6.06
1819	109	5	22.69
802	107	7	23.98
226	366	17	136.93
164	209	3	4.65
110	1333	3	8.96
119	1928	4	19.57
206	264	3	9.86
3025	113	6	38.52
133	323	3	4.39
1304	112	4	14.24
119	1171	4	15.33
280	102	12	4.04
221	1354	8	77.22
102	320	20	24.76
1600	223	3	23.58
3452	12	3	5.06
630	516	3	24.94
101	1925	3	4.56
5145	108	4	26.24
898	14	21	50.94
121	1459	3	11.4
851	109	3	6.03
253	1948	5	49.58
101	784	7	9.23
5899	14	3	7.39
103	646	5	4.75
631	111	5	12.14
2107	103	4	11
151	409	3	8.62
123	387	9	31.42
3136	104	4	16.24
459	113	8	22.07
3688	14	7	23.36
308	138	4	7.99
102	6881	3	13.81
102	2393	4	10.12
104	1070	10	36.2
312	1008	5	45.11
207	146	19	75.38
6242	222	6	80.78
1957	121	3	13.26
155	2870	4	32.67
279	1922	3	27.32
102	3276	4	13.07
131	753	11	65.59
2932	2885	5	85.42
577	12	15	18.01
106	846	4	9.86
887	128	3	10.5
106	473	4	5.28
111	1677	11	69.53
164	173	29	146.04
2145	112	8	50
591	374	4	31.88
120	1582	4	18.25
114	286	5	4.4
1280	113	7	33.6
2683	14	7	17.82
1430	113	3	9.91
171	1084	9	75.31
678	144	3	10.7
1669	12	7	12.92
402	128	7	23.65
124	3027	9	77.36
303	143	3	5.01
8	1046	20	156.07
102	1875	5	12.26
990	138	4	19.07
128	118	51	79.81
102	4790	3	10.83
153	113	34	52.52
4002	14	4	8.84
125	1661	5	28.56
1118	113	3	8.44
133	734	17	117.54
920	108	3	6.45
471	128	10	44.38
715	219	3	18.32
115	959	5	17.56
146	121	19	15.79
3297	104	3	10.77
145	1230	4	21.82
138	309	55	397.87
409	2	4	5.19
12724	6155	3	68.6
12462	8	3	33.13
1908	361	5	54.67
8778	14	4	18.33
531	321	3	19.73
1065	121	4	14.92
4257	14	3	5.43
120	2277	4	21.54
140	273	5	10.72
141	397	5	15.9
114	152	14	5.13
1853	213	3	24.24
323	273	17	141.92
770	130	4	15.55
2	178	13	11.83
2201	102	3	5.44
133	144	11	7.32
1080	335	3	25.24
2213	14	9	23.94
592	85	4	16.65
332	487	3	19.6
1701	12	5	6.55
2145	978	4	53.02
6084	104	3	15.53
434	128	7	24.73
108	2344	3	12.26
2030	12	4	5.02
101	699	9	13.9
8	462	35	242.89
124	330	104	887.49
122	1942	4	20.46
3728	109	3	15.58
312	113	5	5.01
220	129	5	5.65
415	138	4	11.25
103	794	5	6.49
102	924	18	65
131	3490	3	20.21
8	1347	3	12.74
3249	14	4	7.59
101	1255	10	29.56
174	121	10	8.96
647	224	3	17.63
2411	14	15	65.14
7042	130	3	25.77
116	451	6	14.83
262	85	3	4.92
324	187	10	58.93
193	294	16	108.2
192	403	4	19.55
108	1531	8	41.46
104	3107	6	30.03
155	1977	3	19.96
102	343	20	28.9
1401	103	6	16.33
211	390	3	13.62
16	626	4	10.81
16	443	10	36.8
157	400	3	9.56
451	704	3	24.88
792	105	3	4.39
59	1726	3	14.52
12	504	10	4.2
588	168	6	35
3274	122	4	25.58
125	135	16	11.31
148	158	9	13.55
2491	7863	3	54.86
156	118	14	10.35
101	1857	3	4.37
2072	110	3	11.76
424	122	11	41.35
1090	102	6	10.41
384	132	3	5.72
101	1497	7	17.98
632	109	4	7.7
127	406	3	5.54
117	9161	3	24.2
102	2090	4	9.04
2623	103	16	113.56
182	153	5	7.38
6441	14	3	8.3
162	8983	3	32.07
102	3511	4	13.72
12	483	15	12.97
21	45	7	14.98
102	6019	4	19.9
107	754	3	5.29
539	101	7	4.82
138	104	45	17.01
174	147	6	7.81
1035	174	3	17.83
326	139	3	5.06
1255	122	10	61.49
322	134	7	20.87
108	1489	6	26.94
110	256	15	32.98
112	289	5	4.08
142	1495	5	30.86
101	393	55	209.81
302	895	4	32.94
122	5446	7	67.89
455	109	15	55.45
6623	14	4	14
599	122	9	37.75
3315	12	3	5.06
117	8855	3	24.2
101	1288	7	16.05
245	655	3	19.01
124	5632	7	71.16
10971	122	4	42.23
16	207	10	14.92
185	162	98	774.73
105	583	14	51.11
253	649	3	19.08
2634	498	3	34.37
7175	101	3	13.56
1763	14	10	23.58
264	660	4	28.7
299	244	4	19.23
2959	106	5	28.2
111	4412	4	25.81
110	494	6	13.37
8272	12	3	12.05
564	123	3	6.93
1579	122	3	12.25
118	297	5	6.02
2654	730	6	83.97
1002	157	3	15.67
559	675	5	48.79
3529	103	3	9.98
606	114	9	32.55
107	300	15	37.44
108	6234	3	19.4
503	347	4	29.35
136	427	3	7.01
1244	14	13	28.06
1883	12	4	4.5
185	120	11	13.64
2864	14	6	13.99
1173	16	3	10.47
159	121	14	13.53
5139	14	3	6.63
12	1001	7	6.87
1469	170	8	70.22
102	8165	3	15.35
102	3155	3	7.59
119	4935	3	19.59
1038	118	5	19.73
120	322	5	7.4
344	111	5	5.86
163	436	5	22.64
112	7880	5	49.14
6401	125	3	23.71
652	316	5	40.34
135	129	16	12.76
274	354	3	15.39
2884	122	3	16.36
2401	644	8	113.4
2558	14	5	8.7
238	345	4	20.58
182	184	3	5.17
122	1625	12	86.53
1226	111	5	19.36
9036	109	3	22.23
102	3736	3	8.95
252	1958	4	37.64
2046	12	4	5.02
358	8	5	11.38
309	120	5	6.88
177	280	4	13.53
2731	14	5	9.78
105	243	20	39.86
186	255	4	13.46
59	329	4	7.05
1332	125	6	33.92
103	2712	3	8.33
5201	114	3	18.47
418	128	4	9.65
111	599	41	281.08
135	709	3	10.13
111	3099	4	21.94
4975	5606	3	56.12
106	1810	3	10.3
2	694	6	18.45
2241	419	4	45.33
463	313	3	18.59
120	2997	6	41.65
779	138	6	29.98
118	533	6	17.08
3265	14	4	7.59
113	1617	3	10.65
852	118	5	17.74
831	113	4	10.97
172	106	29	54.25
1281	104	3	5.08
115	1047	13	74
116	672	9	37.11
143	1882	5	33.98
101	12144	3	21.71
405	172	4	17.66
134	267	4	6.19
110	305	11	23.18
509	315	3	19.33
111	4886	4	26.89
535	262	7	54.41
112	272	6	5.69
205	225	6	23.94
7522	114	3	21.57
4005	12	4	10.26
4286	681	3	39.92
117	950	13	75.95
122	9880	4	42.23
670	614	5	49.77
195	137	30	130.2
253	1865	9	100.85
104	7985	4	28.32
149	4789	3	25.28
588	114	5	12.2
124	2939	10	89.14
125	204	5	4.12
182	905	4	26.09
102	6034	4	19.9
57	9	20	15.25
102	1316	8	21.48
105	1678	6	25.74
418	110	12	37.65
4601	12	5	17.6
158	318	11	54.84
102	636	7	7.22
103	1019	5	8.82
186	220	3	7.03
245	101	39	63.16
105	1052	8	30.69
3513	103	3	9.98
102	4878	3	10.83
3143	103	3	9.09
108	649	8	25.83
196	233	3	8.26
109	1040	3	7.21
133	1583	5	30.04
111	3180	3	14.55
2301	121	3	14.33
108	416	4	4.49
1635	104	7	26.39
333	156	3	7.83
115	2193	3	12.63
11250	2299	4	81.47
506	149	9	48.48
110	575	3	4.09
192	169	26	145.91
167	521	4	18.91
1958	123	3	14.68
147	112	18	7.16
542	839	3	27.36
105	845	11	44.38
159	147	19	52.68
123	475	4	9.82
7548	109	4	30.96
105	470	15	49.36
103	1210	5	10.39
102	8190	3	15.35
1670	14	11	26.57
338	134	4	8.64
7950	5613	3	60.85
218	123	6	7.15
2625	869	3	38.23
3271	800	5	71.83
153	102	59	30.43
478	153	3	9.68
128	14	170	40.81
114	14583	3	29.84
183	557	3	14.48
866	137	4	17.69
1975	493	3	32.45
1561	104	3	6.14
3609	12	3	5.48
2888	161	5	44.61
121	2973	6	41.67
150	575	14	93.21
1573	101	16	73.7
968	124	3	10.64
341	162	3	8.71
1468	9	5	27.43
131	6706	3	25.89
416	116	10	32.09
101	6705	3	13.56
285	156	33	227.71
311	137	5	11.89
409	123	3	5.04
2063	1704	5	73.94
138	289	14	58.41
136	1060	4	19.45
2125	14	9	23.03
1513	468	3	30.26
230	117	6	5.29
119	279	19	64.36
197	326	6	30.53
6093	8	3	23.6
773	9	5	20.2
1588	14	9	17.37
111	2163	7	41.27
260	275	4	19.17
108	3277	5	30.06
1985	101	3	4.77
554	1288	3	30.36
1169	164	3	17.46
483	156	3	10.56
513	137	8	36.95
922	109	20	122.28
12	201	37	11.57
589	116	8	28.66
179	137	59	315.11
752	102	7	9.2
101	5339	3	11.4
101	3854	3	8.71
253	850	5	40.22
103	634	7	9.98
126	308	4	6.11
129	1852	3	15.23
102	295	64	206.32
212	450	8	54.97
12377	7132	3	69.85
1063	122	3	9.81
109	1599	3	9.67
110	427	6	11.57
165	621	4	20
171	220	18	97.79
105	8609	3	20.72
1450	14	12	27.99
1423	145	6	39.55
101	9319	3	17.27
199	1149	4	29.54
108	1874	5	23.04
165	452	4	17.19
915	101	22	87.03
2872	148	4	30.72
2713	1100	3	40.28
141	114	25	16.28
684	217	14	128.73
117	488	4	7.89
778	101	5	3.99
139	204	8	16.04
9839	8090	4	96.91
203	648	4	24.49
115	372	5	7.36
169	286	3	8.22
237	130	6	10.35
468	155	4	16.03
366	120	4	5.84
116	1084	4	14.24
853	120	3	8.14
165	3408	3	24.56
106	526	32	179.55
107	144	81	190.71
118	141	60	136.69
175	194	4	8.86
115	3495	5	32.62
173	108	16	15.7
140	520	3	8.48
1512	12	14	43.56
4342	14	3	5.43
198	184	5	14.45
105	3707	3	13.58
154	105	108	331.17
3217	14	4	7.06
11114	12	4	24.8
4536	101	5	22.6
513	12	14	12.34
102	5595	3	11.65
575	176	3	14.04
8149	128	3	26.9
187	106	9	4.03
103	1998	3	6.37
815	113	3	6.58
1211	12811	3	56.7
2071	141	4	25.73
102	5037	3	10.83
101	3552	4	13.39
105	3056	3	12.65
184	412	6	33.2
101	1905	6	16.43
105	361	23	78.83
105	4826	3	16.08
228	182	3	7.18
172	266	3	7.98
2368	109	3	12.29
199	273	5	21.27
2443	14	11	37.34
107	348	5	5.33
1396	12	7	10.95
107	2114	6	31.5
300	249	3	12.89
2239	829	4	51.53
8258	3777	5	108.87
714	673	6	64.42
2844	102	4	11.43
2913	101	3	6.98
5768	14	3	7.39
12	5196	3	7.69
186	118	12	15.38
158	210	7	19.91
3885	14	6	18.87
105	2787	5	25.34
102	2128	3	5.2
2890	104	5	22.09
121	543	3	5.41
1358	103	3	4.27
240	764	3	19.59
107	8798	4	33.42
102	5357	5	26.2
14451	114	3	29.84
7276	103	3	15.43
247	148	3	4.14
148	222	4	6.09
1672	535	5	58.51
144	124	16	14
115	862	4	11.37
771	109	5	13.65
107	2040	5	23.77
3157	113	3	14.93
5270	12	3	7.69
3323	106	4	21.73
14197	101	3	21.71
256	112	6	4.88
111	3826	7	52.34
107	430	8	18.52
165	5765	3	28.51
10829	14	3	13.03
145	1132	11	81.76
117	1017	4	14.03
119	2508	4	21.92
11324	14	4	23.22
232	102	25	21.01
107	4616	3	16.71
379	153	3	8.06
365	550	3	21.28
2014	137	3	17
13	432	3	8.47
14182	14	3	17.41
484	323	3	19.13
8825	12	4	19.89
414	101	96	528.18
10256	103	4	31.5
156	220	3	4.34
1056	114	20	134.24
350	13	13	66.45
277	101	13	4.54
121	2215	5	28.88
1541	1375	3	37.6
1779	14	6	8.21
102	488	14	23.05
101	1414	10	31.87
160	157	9	18.62
104	2187	16	107.6
12	2065	4	5.3
102	831	5	4.95
104	585	35	171.94
755	107	5	13.33
137	188	5	5.1
133	4070	3	21.51
230	644	5	35.4
594	109	27	152.25
120	4406	3	19.21
2920	1340	4	58.58
566	112	3	4.2
1585	110	4	15.6
139	102	84	44.2
108	850	11	49.59
107	2546	3	12.5
108	6106	3	19.4
473	706	3	25.22
134	416	3	6.51
111	2484	4	19.84
323	132	4	7.62
114	259	6	5.54
652	102	15	35.7
115	2268	3	12.92
117	1208	6	28.09
145	248	6	13.96
4923	103	9	70.89
612	112	3	4.62
259	116	5	4.32
225	212	3	8.52
10258	113	3	25.29
4111	12	3	6.45
1061	107	3	7.22
1376	127	10	69.36
542	413	4	32.09
105	3142	3	12.65
215	117	6	4.26
1089	104	4	7.43
424	493	4	31.49
1161	109	5	18.15
187	174	3	4.7
12	2817	3	4.05
2259	1222	12	201.84
12	101	764	40.96
102	1403	8	22.38
101	2191	11	49.73
2824	125	6	44.49
9	104	55	15.24
898	164	6	39.74
997	8	3	10.81
59	715	4	14.15
383	187	4	18.29
105	440	5	5.91
158	398	3	9.56
1832	12	21	102.15
2860	102	3	6.86
2250	122	4	21.95
122	1245	7	37.15
5171	14	4	11.42
1528	113	3	10.27
3852	101	4	14.11
102	3350	5	18.85
12	935	7	6.08
102	1739	4	7.58
3219	114	3	15
13884	9305	3	73.67
104	8065	4	28.32
101	4496	3	9.88
900	103	5	7.69
107	158	78	241.37
139	135	14	12.97
8506	10161	4	96.91
107	2521	3	12.5
101	8956	3	15.09
5915	218	4	47.97
120	59	34	34.11
111	1372	3	9.22
321	250	13	96.69
674	210	3	17.4
838	250	6	50.2
103	12758	3	23.63
652	135	6	27.14
115	620	9	33.12
192	265	7	33.17
223	143	5	8.22
111	6943	3	21.11
4837	109	3	17.57
149	2344	4	29
305	121	13	39.42
9496	107	4	38.41
156	255	6	18.74
129	454	3	6.33
104	1916	3	7.1
105	1776	3	8.87
3246	246	3	29.89
13	459	4	14.03
274	535	4	26.95
124	1345	6	33.95
214	184	4	10.84
492	103	6	4.63
2526	14	7	16.98
105	2540	3	11.17
101	1710	8	24.89
1533	195	7	64.31
102	4515	3	10.12
105	5143	3	16.08
1496	12	7	11.69
101	7292	3	13.56
160	194	4	6.97
128	182	14	31.17
102	531	10	12.3
12693	13266	3	78.16
1522	103	4	8.49
1589	2155	3	40.93
2067	5541	6	112.61
111	523	20	94.99
191	111	13	14.99
113	2623	3	13.76
144	143	12	12.68
102	8736	3	15.35
134	896	4	17.45
228	138	4	4.84
1688	103	4	9.22
106	979	10	46.01
119	245	12	26
232	135	6	11.2
117	340	8	18.66
645	170	8	54.47
103	433	8	7.62
126	1010	3	10.95
252	111	6	4.5
1465	103	3	4.55
102	5014	5	24.47
121	296	5	6.59
302	5692	5	66.77
336	143	3	5.82
124	1513	8	52.41
104	268	16	19.98
387	340	4	26.49
1746	103	5	14.01
489	59	3	6.55
179	135	13	30.28
8	825	30	246.09
1985	103	3	6.37
102	1651	3	3.88
2158	214	3	25.31
513	135	4	12.79
143	205	5	6.93
118	121	84	149.3
108	734	3	5.21
139	202	5	6.07
162	945	18	165.31
2	8113	3	22.94
111	5628	6	49.8
708	229	4	27.41
167	3480	3	25.44
372	243	5	29.35
776	187	6	42.45
141	120	52	111.97
4288	14	3	5.43
1252	111	3	8.77
203	625	3	16.42
111	1015	4	12.14
3705	114	5	32.53
223	194	3	7.69
111	2399	5	26.7
113	428	5	8.8
119	1230	3	10.09
16	1115	3	10.2
1707	141	3	16.01
275	118	17	52.94
190	340	10	61.89
102	753	13	31.74
186	150	20	78.39
866	135	4	17.39
2155	107	3	11.6
780	113	7	25.66
2591	101	9	40.68
868	168	4	23.55
582	106	4	6.88
1601	108	5	21.19
2163	101	7	23.96
188	1723	5	42.81
1608	12	5	6
170	152	14	41.08
146	108	34	36.46
108	3283	4	21.94
108	1432	16	107.42
4371	14	3	5.99
1118	12	6	5.65
193	144	110	809.28
117	5884	6	52.85
5280	114	4	27.5
1065	108	3	7.3
254	121	5	4.78
4977	14	3	6.63
380	507	5	40.43
161	1074	3	16.62
107	389	5	6.56
106	249	7	5.35
120	648	3	6.47
1828	14	8	15.77
122	8306	4	37.24
106	3349	3	14.37
797	104	5	8.38
2234	125	4	23.59
136	1368	4	21.63
377	282	21	198.03
1903	14	7	12.49
171	499	3	12.88
115	933	6	22.79
116	819	3	7.37
120	1343	3	10.89
120	6077	3	21.83
145	1171	7	45.72
1416	14	6	6.03
106	226	13	18.12
112	1522	7	35.55
1009	117	3	8.76
290	101	12	4.21
254	147	5	11.04
108	323	8	12.74
14524	11897	3	78.16
153	1837	3	18.37
1358	101	7	16.78
102	1926	8	28.15
155	424	3	9.71
156	308	3	7.07
4796	13227	3	66.71
548	228	5	33.06
451	558	5	43.89
824	14	9	6.86
2085	3106	8	142.3
1510	114	3	10.15
490	116	3	4.32
2072	318	4	41.07
102	775	9	16.08
943	139	3	12.28
162	107	24	28.56
111	1482	5	21.32
504	110	4	6.28
107	142	92	226.77
1246	218	3	22.04
532	107	10	31.75
268	439	4	24.78
118	147	35	57.17
301	123	6	12.25
2751	12	5	11.51
134	360	5	13.53
8537	12	3	12.05
110	466	5	8.97
702	101	37	167.32
167	693	5	29.23
4857	12	3	7.69
107	5744	6	48.66
116	234	9	13.09
10605	14	3	13.03
185	259	4	13.57
103	611	11	23.59
16	242	15	40.49
687	14	10	6.31
659	145	4	16.37
999	109	3	6.99
395	119	4	6.31
2043	101	3	4.77
3060	103	4	14.54
101	3550	3	8.21
101	770	9	15.43
695	1863	3	34.38
249	450	4	24.1
3826	59	3	19.97
338	277	3	15.05
238	225	9	48.29
1227	107	9	44.3
13	140	13	16.43
179	102	26	7.74
101	2151	5	13.53
142	1105	5	27.6
132	387	5	14.09
110	689	3	5.11
5966	14	3	8.3
111	2478	11	82.01
323	138	4	8.47
135	278	12	43.86
1655	103	4	8.97
495	5414	3	39.94
115	661	3	5.43
4190	57	5	41.08
594	111	3	4.43
4457	101	3	9.88
175	143	19	59.67
1152	103	9	28.11
111	5643	4	28.15
737	125	12	69.31
139	12	118	35.48
107	2856	3	13.2
163	791	6	37.83
558	12	34	90.19
104	4166	3	12.33
758	121	3	7.47
101	2197	3	5.22
1955	948	4	51.74
3478	9	4	28.24
105	3144	4	19.38
101	1107	7	13.83
102	252	18	10.78
6278	3309	5	98.54
625	103	5	4.5
336	155	4	12.61
102	1072	6	10.41
101	7539	3	13.56
102	6615	5	28.36
435	106	5	7.54
232	12	39	27.47
8	15151	3	33.13
2262	101	4	9.43
343	146	3	6.42
4562	110	3	17.16
268	111	7	7.67
3528	14	4	8.19
114	495	6	14.37
205	907	3	18.97
110	113	57	26.24
191	129	11	22.19
7146	12	3	10.56
411	293	3	17.31
133	489	7	28.36
736	12	17	32.68
1034	343	3	25.04
118	3434	4	24.58
119	4053	3	18.18
145	492	6	25.23
169	504	3	12.61
101	5664	4	18.08
2979	14	8	25.16
1799	12	9	23.08
103	121	79	11.88
101	1408	4	5.76
246	3572	3	30.39
2797	14	4	6.13
102	2216	9	36.84
101	5879	3	11.4
156	215	6	15.36
155	354	5	18.59
129	630	5	18.66
104	3580	5	24.55
7637	12	4	17.34
85	263	8	27.01
241	108	18	39.75
125	276	4	5.11
211	1150	4	30.46
103	1506	3	4.7
102	3613	3	8.45
4272	14	4	9.59
101	2499	3	6.01
221	1529	7	67.3
556	13	3	10.08
397	394	3	19.83
16	565	3	5.93
180	1671	3	21.56
1508	14	11	24.32
159	749	3	14.1
102	2904	3	7.21
102	6362	3	12.62
2522	12	15	73.81
102	1152	9	23.58
101	2472	3	6.01
992	101	8	16.22
8	986	4	16.67
2014	102	3	4.98
1292	132	3	13.49
85	244	7	20.07
1371	116	3	10.43
188	279	8	40.12
1100	10294	4	74.92
3076	103	3	9.09
117	334	4	4.63
106	981	8	33.04
983	109	3	6.88
232	137	12	38.07
5218	118	5	39.2
202	2365	3	25.26
142	1088	4	20.07
3464	118	3	16.49
114	803	3	6.47
119	1721	3	12.2
102	10343	3	17.53
132	140	38	92.75
3894	125	4	29.1
110	153	22	17.18
529	102	21	53.54
115	884	4	11.5
821	110	3	6.15
101	2909	8	36.16
4686	12	4	11.89
104	5961	3	15.53
9	936	3	10.4
849	107	3	5.93
1225	122	8	44.77
8684	12	4	19.89
758	147	4	18.07
3181	155	3	23
2324	12	5	9.42
105	627	17	71.73
159	297	4	11.88
105	4556	3	15.34
1006	116	11	60.31
261	45	3	8.22
136	7594	3	26.62
1365	104	3	5.35
225	172	31	205.93
287	112	9	15.1
193	430	4	20.28
109	1822	4	16.29
133	228	18	65.75
114	4268	3	17.06
881	102	8	14.67
3942	12	3	5.93
120	2614	3	15.29
804	112	3	6.25
569	544	3	24.62
228	368	3	13.7
136	534	8	37.45
111	1729	12	79.55
133	1365	3	13.91
139	137	20	30.34
118	159	20	27.67
326	104	9	7.56
15175	180	3	40.79
236	171	6	21.15
651	167	4	20.96
10416	282	4	61
441	142	8	34.87
705	114	4	9.64
4213	12	3	6.45
108	2619	4	19.68
801	107	3	5.6
3103	9743	3	58.65
107	3014	5	28.32
597	21	3	12.03
172	214	5	14.3
10746	848	3	49.84
162	740	5	28.85
109	2919	3	13.69
1848	102	5	11.9
5135	12	3	7.69
719	393	6	56.69
1100	12008	3	56.12
156	116	27	44.67
7161	149	3	28.4
190	2591	3	25.54
792	14	9	6.28
1813	101	11	44
178	6041	3	30.94
124	781	6	26.42
150	355	3	7.28
176	399	123	1562.89
177	267	9	43.33
12	7502	5	25.68
105	320	64	332.47
6255	112	3	19.98
10186	106	4	38.32
102	4838	5	24.47
273	172	7	30.38
1363	122	12	81.14
293	114	18	55.65
4282	158	4	36.65
133	1543	3	14.63
120	1075	4	15.08
297	117	5	6.02
1348	122	7	38.74
109	244	20	48.93
197	380	4	19.02
107	983	8	33.23
1720	655	7	91.75
4523	12	3	7.03
115	555	8	25.56
838	9	3	9.8
367	422	3	19.41
1543	102	4	6.64
171	185	13	53.73
116	882	3	7.73
205	749	3	17.7
235	226	4	14.93
946	134	7	39.85
135	171	8	10.89
583	172	7	44.72
4504	103	3	11.69
1051	334	4	35.7
183	14	101	117.68
101	1249	7	15.7
101	2102	3	4.99
481	102	7	4.07
101	5311	4	18.08
6406	14	3	8.3
10556	14	3	13.03
59	1938	3	15.22
635	153	31	273.93
102	1813	3	4.39
105	1187	4	10.93
454	516	4	32.63
4001	14	6	18.87
1953	103	5	15.15
610	13163	3	52.07
104	6771	5	36.24
126	118	141	465.94
102	948	15	49.34
783	12	10	11.02
8	7739	3	26.42
284	146	3	4.99
2290	104	4	13.38
130	268	5	8.89
1433	103	7	21.62
3480	14	5	12.6
160	1175	3	17.14
3132	123	3	17.93
1673	497	3	31.3
6638	103	3	14.22
255	194	3	9.11
198	219	9	41.83
2122	118	5	27.64
118	299	5	6.15
1637	113	5	22.94
231	184	4	12.07
115	3595	5	32.62
462	103	8	8.63
257	108	20	52.56
139	276	5	10.64
107	294	23	74.84
111	1838	3	10.9
196	314	5	22.9
606	120	3	6.1
846	10101	3	49.84
110	500	5	9.63
1119	113	9	45.24
107	7354	3	20.54
2995	14	5	10.39
114	120	31	6.86
1186	138	3	13.62
143	3402	5	41.12
1751	12	4	4.04
125	12	243	194.35
2151	104	3	8.04
2619	104	3	9.22
7981	5456	5	114.58
102	2088	6	18.44
105	1437	6	23.72
156	150	7	7.95
131	2579	7	55.8
5472	109	3	18.42
1735	4193	3	46.21
3645	14	3	4.5
4126	2166	9	174.52
178	461	6	33.63
131	1864	6	40.42
102	679	11	20.86
724	143	3	11.09
1639	103	3	5.19
1630	111	3	10.28
114	690	3	5.58
199	1570	6	53.73
563	280	3	19.08
469	121	3	4.61
102	8589	3	15.35
1483	16	4	18.17
1666	12	13	41.11
163	144	23	70.34
226	304	4	18.16
1513	523	5	57.24
268	263	5	25.89
115	4159	6	44.71
333	348	3	17.04
203	8078	3	35.5
372	440	4	28.76
109	473	8	20.42
4014	9	4	29.86
8139	113	3	23.07
1705	14	9	18.57
317	123	4	5.89
101	5506	4	18.08
178	383	5	23.68
846	3304	6	89.88
271	3149	3	30.43
16	1257	3	10.9
849	588	3	27.99
102	5219	5	24.47
794	114	3	6.39
156	185	6	12.24
105	1719	3	8.87
1170	14	6	4.44
1053	366	4	36.7
117	8360	3	24.2
1323	402	5	52.59
8	4387	6	52.84
140	149	9	7.19
172	112	12	8.69
118	788	4	11.75
199	969	8	68
401	277	5	32.8
6565	14	3	8.3
143	2151	4	26.69
5517	12	3	8.47
195	102	52	76.72
1015	109	3	7.1
111	2302	20	187.94
111	468	23	109.97
132	981	3	11.75
367	116	19	78.09
10589	14	3	13.03
117	1813	3	12.35
116	368	14	49.04
101	13934	3	21.71
119	5509	3	20.45
1429	139	5	30.18
353	101	11	6.52
102	1565	7	19.41
101	2291	3	5.47
105	3809	3	14.1
220	171	11	48.95
101	6282	3	12.37
750	326	8	76.19
122	3901	3	18.27
85	439	3	8.76
4772	170	4	40.98
5049	5564	7	154.96
105	804	7	21.18
479	117	4	7.66
248	8143	3	37.72
8	3478	4	28.2
178	947	4	25.9
859	112	3	6.5
192	853	3	18.08
230	1160	3	22.19
234	2317	3	26.68
14366	9	3	33.16
135	127	20	21.39
163	430	3	10.58
196	272	3	9.71
118	225	6	4.75
6082	113	5	41.28
7075	122	3	23.38
2060	114	3	12.05
11257	14	3	13.03
117	3068	4	23.94
1361	107	6	25.68
4079	113	3	16.99
291	14	90	226.19
109	8035	4	33.58
193	791	12	105.79
109	1434	3	9.13
135	111	27	15.29
498	146	3	9.07
171	150	6	8.73
114	189	14	18.71
772	16	7	29.68
104	12493	3	24.97
205	533	6	38.87
2	12	638	877.23
161	2098	3	20.91
1623	103	3	5.19
109	278	11	19.5
400	138	3	6.71
101	8569	3	15.09
1074	12	7	7.76
106	387	33	159.25
706	170	17	147.9
13809	103	3	23.63
138	409	4	11.2
304	155	5	16.33
1227	240	3	22.84
12	1026	31	129.44
2670	102	3	6.54
218	8	5	4.98
4908	14	3	6.63
453	121	3	4.45
1295	118	3	10.32
659	252	3	19.26
16	2	253	897.78
555	103	6	5.73
108	9461	3	24.41
185	152	32	157.32
105	2198	7	36.76
1559	581	4	45.18
1051	252	3	22.29
158	762	4	20.84
767	12	9	8.28
195	135	46	236.12
505	2620	3	34.48
101	8295	4	24
120	6438	3	21.83
1037	1	3	20.5
140	118	51	101.5
113	3305	4	23.09
411	12	19	17.96
113	1010	5	17.75
117	3243	8	61.79
115	1041	7	30.45
1384	888	26	446.65
4247	107	3	16.05
107	1967	8	45.77
1043	113	7	30.17
309	152	11	49.73
1862	4584	5	85.85
2287	109	3	11.99
102	2277	3	5.69
101	1611	14	59.58
4565	109	3	16.82
2492	14	4	5.35
354	141	4	9.8
105	2504	4	17.31
667	507	4	36.18
124	1126	12	81.02
107	8770	3	22.11
122	8019	5	52.79
8	4418	5	41.4
1767	12	4	4.04
1018	229	3	21.23
102	1314	5	8.98
1226	129	4	19.14
552	121	17	87.9
150	237	22	109.95
245	535	3	17.42
102	1077	7	14.07
7545	6307	3	60.29
102	243	26	25.88
104	982	4	6.73
1197	12	5	3.91
101	2897	5	16.91
102	4076	3	9.5
105	3457	5	27.63
128	3462	3	19.14
101	2250	6	19.12
103	1258	19	96.42
104	1628	20	128.63
148	559	6	28.4
9	85	27	53.78
107	2861	3	13.2
753	10311	3	49.08
122	11916	3	31.67
102	13793	3	21.98
120	4385	4	28.41
114	1712	3	10.91
200	189	6	20.28
230	448	5	31.13
978	12	7	6.66
261	168	8	33.82
110	367	8	16.34
3669	172	4	37.69
107	1779	15	105.63
145	245	4	6.54
115	467	12	43.28
2410	114	4	20
4637	14	6	21.82
303	194	6	29.22
102	6146	7	51.28
4153	57	3	20.88
1328	12	5	4.64
388	194	3	12.74
350	103	8	4.64
4228	102	3	9.5
819	3851	5	74.11
490	205	5	29.71
101	3345	3	7.76
9366	110	3	24.79
127	780	4	14.96
102	810	14	38.37
2861	14	6	13.99
870	187	7	53.91
1863	12	5	7.48
110	6474	3	19.77
133	510	3	7.62
2	540	4	7.17
120	3721	4	26.61
120	1242	10	59.87
114	504	8	23.67
874	111	3	6.59
109	1247	4	13.34
110	135	22	7.24
856	106	3	5.87
571	168	5	26.89
226	180	91	842.55
136	2718	3	19.15
3048	9	4	26.91
399	105	5	5.16
332	111	5	5.43
120	343	17	66.55
3703	775	3	39.62
165	1840	3	20.31
1120	104	3	4.35
110	102	221	118.58
771	122	5	17.85
1578	107	4	15.02
115	875	4	11.5
119	1694	3	11.99
405	2697	3	32.92
4500	13504	3	65.95
108	4070	4	24.22
228	116	9	12.2
119	2490	3	14.59
142	6608	3	25.72
619	102	16	38.22
1047	109	5	16.83
1060	104	3	4.04
149	383	9	42.11
102	1116	8	18.75
634	104	7	12.49
271	264	3	12.74
2185	12	6	12.89
902	511	3	27.43
103	966	4	5.19
186	177	17	81.04
101	4062	3	9.26
102	4528	3	10.12
514	171	4	19.72
14284	14	3	17.41
102	470	29	85.51
160	174	5	8.33
121	475	3	4.65
1040	218	11	106.79
531	516	4	33.99
940	7901	5	92.05
141	201	10	23.74
1274	279	4	35.11
12429	122	3	31.67
6	1860	7	95.37
2297	103	4	11.72
287	145	3	4.7
5209	175	3	28.88
171	315	3	9.21
289	172	5	19.23
223	112	9	9
1078	122	11	65.91
2694	16	3	15.62
7678	14	3	9.43
1235	102	4	5.17
103	7094	3	15.43
4600	12	4	11.89
104	6859	3	16.75
3514	103	4	15.81
102	1052	4	4.05
245	580	3	18.09
1540	132	10	74.61
125	494	3	6.45
120	9048	3	24.64
2996	12	3	4.35
4750	12	3	7.03
13012	1167	3	56.55
1161	122	4	16.2
487	57	3	6.77
8	4784	3	21.72
168	276	4	12.16
107	3942	7	51.01
111	2424	3	12.73
4224	14	6	20.23
117	3807	4	26.03
119	1173	7	34.85
147	229	5	9.64
405	573	3	22.61
120	1790	3	12.77
1122	356	4	37.09
2723	122	4	23.81
145	324	5	13.8
110	615	3	4.45
107	945	7	26.61
12	9127	4	19.89
117	2916	3	15.62
203	1314	3	21.46
173	121	12	13.87
113	2029	3	11.98
6367	8	6	60.54
101	10415	3	17.27
1900	12	5	7.48
109	912	3	6.48
504	121	6	17.28
104	1366	5	13.58
129	59	14	5.38
103	1339	5	11.33
158	3763	4	35.8
589	138	3	9.15
108	8995	3	22.2
2946	101	4	11.61
207	1507	6	53.58
178	1051	3	18.15
2128	994	3	37.66
102	2728	4	11.43
249	2008	3	26.4
280	12	29	20.89
105	3074	3	12.65
3367	14	5	11.79
9	1551	3	13.48
1674	155	8	67.2
318	121	4	4.43
142	5050	3	23.84
330	8	7	18.7
4307	14	4	9.59
111	4478	3	17.27
2545	14	6	12.6
563	144	4	14.78
1544	12	9	19.89
114	553	3	4.29
115	921	8	35.07
9075	14	3	10.91
844	113	15	82.06
102	564	12	19.94
102	2997	6	23.3
11083	12	3	14.19
214	12	29	5.84
101	327	128	676.21
102	6163	4	19.9
103	1774	4	9.48
5870	14	3	7.39
131	340	19	95.54
10786	14	3	13.03
217	254	7	35.06
101	3303	3	7.76
103	2561	5	18.03
102	2189	8	30.49
127	501	5	15.95
102	583	43	190.52
478	137	4	12.41
420	281	3	16.98
424	284	7	52.29
1950	101	4	8.11
10880	14	3	13.03
101	2742	10	49.73
12	641	23	50.16
104	1132	5	11.69
3312	12	3	5.06
247	102	39	65.94
154	350	7	29.62
104	1968	8	35.78
6624	14	4	14
1030	127	18	136.95
275	14	45	47.01
111	1218	3	8.49
120	636	3	6.4
1251	102	4	5.33
163	323	3	8.17
2574	271	3	29.22
409	107	4	4.37
111	2181	3	12.14
258	2758	3	29.13
204	542	7	47.98
115	953	3	7.63
119	1447	6	30.6
105	8385	3	20.72
3012	12	3	4.35
975	104	4	6.73
120	5244	3	19.96
535	9	4	11.18
1967	14	8	17.01
108	1650	5	21.53
112	117	52	31.83
9	188	8	10.19
1602	101	7	18.86
3247	170	8	87.6
104	1401	3	5.5
1465	114	3	9.98
104	6611	6	44.23
1559	413	8	96.26
101	1207	5	7.74
3660	12	4	9.58
10669	14	3	13.03
160	363	3	9.03
280	137	3	3.93
104	248	31	66.03
865	216	7	57.47
3558	12868	3	64.12
104	6970	3	16.75
1087	14	14	28.34
623	969	4	41.54
3933	1528	8	141.48
7987	188	3	34.69
4593	16	3	19.54
410	117	4	6.51
237	123	11	26.63
530	5512	3	40.39
1669	102	4	7.09
430	114	14	51.66
4613	125	3	21.07
614	107	11	40.86
261	114	6	5.72
1012	326	3	24.38
644	246	3	18.78
133	3277	3	19.87
230	394	4	21.93
118	110	55	35.04
1154	14	9	11.96
137	104	51	25.67
3708	12	5	14.41
298	156	8	33.06
108	1583	6	27.74
5607	113	3	19.26
878	137	3	11.67
118	472	3	4.29
119	872	9	43.46
779	116	3	6.96
197	2869	3	26.57
6454	14	4	14
8	10732	3	28.64
569	112	3	4.2
172	145	9	16.55
6501	14	3	8.3
1142	112	8	37.83
721	366	21	252.47
107	15366	3	28.81
208	142	24	99.97
150	1308	7	49.77
389	347	3	18.41
102	3773	4	14.44
1330	216	4	32.02
665	360	3	22.54
156	177	9	22.86
130	567	5	18.22
103	1665	3	5.19
105	1403	7	29.52
446	114	55	375.18
13186	6003	3	68.6
622	101	6	4.25
1641	14	9	17.96
111	12820	3	29.38
337	57	3	4.33
4268	16	3	18.87
253	947	5	41.71
59	292	4	5.83
101	1758	3	4.01
12	1898	6	10.95
105	4999	4	24.29
1066	124	4	17.08
464	14	46	115.65
137	272	5	10.43
321	172	4	14.75
111	1747	7	37.39
1973	386	5	56.11
116	1511	4	16.89
2124	114	11	77.78
147	124	10	4.06
107	5869	4	27.39
126	199	5	3.93
121	855	3	8.16
754	107	9	34.26
2182	113	3	12.51
103	585	5	4.03
105	831	5	12.26
102	6775	4	21.77
4442	118	6	48.41
102	1755	7	20.88
12	4228	3	6.45
124	2500	6	42.55
8	394	8	27.56
553	264	3	18.41
3333	103	3	9.51
13	269	3	4.82
59	5341	3	22.85
2642	125	3	17.13
12	306	21	9.95
103	1224	6	14.78
129	264	10	28.59
105	6368	5	37.36
101	7920	4	24
103	4747	3	11.69
159	108	28	38.93
4335	102	3	9.5
211	184	7	26.15
4355	14	5	14.54
5382	101	3	11.4
1536	106	28	244.32
105	531	31	158.23
129	243	6	10.15
5232	114	3	18.47
302	121	4	4.11
9	332	4	6.83
428	507	4	31.84
238	128	5	6.7
108	13001	3	28.89
122	3889	3	18.27
102	1776	3	4.21
119	609	7	24.51
684	12	8	4.59
344	125	3	4.09
4969	6367	7	160.99
546	11250	4	68.33
141	230	6	11.79
5854	14	3	7.39
143	3328	3	21.1
116	150	77	245.35
796	113	5	15.36
8697	114	5	49.74
1525	103	3	4.86
921	59	4	16.39
168	12	91	79.9
113	551	9	30.28
115	797	3	6.52
101	902	10	22.33
149	4770	3	25.28
149	774	3	12.49
6821	799	3	45.63
217	85	5	9.64
103	2726	3	8.33
102	625	16	38.59
101	1805	8	26.13
213	392	3	13.78
153	219	7	18.4
1268	146	4	22.56
102	2298	6	19.61
102	4937	6	32.65
12	6176	3	9.41
114	453	4	6.17
5250	14	3	6.63
110	316	9	16.44
1721	497	4	44.52
347	12	24	22.21
3383	14	5	11.79
8233	103	3	16.98
610	7870	4	64.46
1873	103	8	31.62
3921	14	3	4.93
117	59	29	20.06
632	122	4	10.88
2070	214	3	25.02
122	2505	13	113.65
1262	101	6	11.74
13	1231	3	15.33
9	1122	3	11.59
1026	137	4	19.17
213	450	19	165.79
956	284	3	22.97
101	1839	13	57.47
105	295	29	95.27
102	7983	3	15.35
510	137	3	8.16
105	1649	5	19.18
102	1287	8	21.05
964	14	12	17.99
1982	101	5	12.66
156	132	8	5.87
155	506	29	241.84
131	2591	4	26.61
101	2801	3	6.63
2980	12	4	7.91
107	588	26	142
108	947	5	16
139	494	3	8.04
138	117	41	65.03
7860	14	3	10.91
1935	14	6	9.42
111	5997	4	29.66
107	740	6	17.73
118	735	14	74.88
877	457	6	61.61
117	3206	5	32.54
1630	122	4	18.93
106	1599	3	9.49
2682	118	3	14.86
222	110	10	10.97
443	1702	6	70.11
413	104	8	9.58
7357	14	3	9.43
326	151	3	6.7
234	107	24	62.79
1255	109	3	8.36
146	297	3	5.28
170	317	3	9.05
114	391	4	4.97
1055	14	24	75.49
451	124	3	5.83
156	368	5	19.05
130	248	6	11.13
102	1866	3	4.58
455	122	3	4.73
8447	103	5	39.38
276	116	7	10.45
102	1492	8	23.35
102	968	7	12.77
16	193	11	16.68
150	102	45	9.16
756	122	6	23.4
585	112	3	4.41
557	14	19	22.82
124	1673	6	36.76
6470	14	4	14
892	156	3	14.69
10422	132	4	45.67
1579	109	4	15.16
114	101	142	23.01
116	877	4	12.45
110	480	19	83.14
3670	681	7	105.67
2868	129	3	18.31
2	190	12	13.06
1587	14	9	17.37
116	185	12	14.46
141	1674	3	16.01
146	749	3	11.77
683	3801	4	55.2
108	2357	3	12.26
1426	122	3	11.69
3057	148	9	89.37
133	1489	6	37.6
138	380	3	6.22
111	1858	5	23.83
331	21	3	7.73
169	120	14	17.88
118	1460	7	37.87
883	103	6	10.72
8695	14	5	29.02
171	205	11	45.76
810	103	5	6.73
234	362	3	13.97
1579	129	4	21.24
109	1092	6	23.15
107	321	7	9.4
644	155	5	25.9
4653	14	4	10.43
8845	14	3	10.91
111	8250	3	22.68
2444	14	7	16.2
117	3105	3	16.04
8115	8	4	39.18
12233	103	3	23.63
104	4039	3	12.33
221	2242	3	26
57	438	4	10.09
13	319	3	6
274	180	57	509.19
3399	14	5	11.79
304	106	8	11.44
129	2728	4	26.43
104	3153	3	10.33
2397	101	8	31.64
105	777	3	4.25
121	129	56	104.08
3937	14	3	4.93
481	113	5	9.96
3451	686	4	53.83
3886	14	5	13.51
105	2128	5	21.98
105	546	4	4.96
142	921	4	18.78
2230	102	7	24.54
3923	114	3	16.47
109	6365	3	19.43
198	841	4	26.79
107	559	4	6.61
119	922	4	13.37
174	108	23	35.23
5065	109	3	17.57
300	211	3	11.27
4620	116	5	37.34
1690	106	3	9.88
110	237	7	5.41
222	128	6	8.45
3353	9	3	18.7
348	500	3	20.24
126	370	3	4.61
105	340	13	28.41
279	113	6	6.33
251	129	12	36.33
1373	121	3	11.07
1050	143	3	13.38
15299	114	3	29.84
121	364	4	5.74
3836	12230	3	64.67
101	3269	3	7.76
156	105	23	14.64
104	1353	8	29.33
105	1476	6	24.1
101	919	16	51.62
794	203	4	26.37
124	554	21	130.45
107	14562	3	28.81
456	319	9	76.35
155	838	4	21.43
510	12	28	57.37
12051	103	3	23.63
101	450	19	37.04
104	3946	8	51.44
353	102	13	11.26
105	6147	5	37.36
993	116	3	8.55
124	4963	4	31.77
276	181	4	13.86
149	320	5	14.97
4003	148	4	33.42
104	941	5	10
127	137	24	33.66
12	3313	5	13.58
101	2028	4	8.41
105	516	4	4.61
102	2880	9	44.37
3927	105	3	14.1
16	131	78	210.3
1091	218	10	96.36
166	199	5	11.73
115	505	4	7.02
120	5582	4	30.76
877	110	6	20.76
146	514	3	9.28
171	117	13	14.83
168	114	35	79.91
6964	2717	5	99.16
132	6185	5	48.73
162	2642	4	32.71
319	107	7	9.24
9109	3080	5	106.07
119	6292	3	21.47
331	110	8	14.36
120	997	3	9.16
140	357	11	48.07
831	377	3	24.55
102	6308	3	12.62
382	119	19	82.54
317	124	5	9.48
59	328	4	7.05
666	14	31	79.55
12	1902	5	7.48
446	137	3	7.29
123	1073	8	45.42
8	1814	4	21.71
1132	460	5	52.46
273	127	13	44.15
1028	14	15	30.54
101	889	8	14.33
102	6064	4	19.9
484	112	4	6.16
125	45	7	6.37
9	557	3	7.1
4341	12	5	16.39
435	323	3	18.4
1511	14	9	16.28
1191	109	3	8.08
172	107	16	15.35
296	1014	4	33.98
1215	14	9	12.7
260	139	5	9.97
322	204	5	23.81
115	231	57	265.69
7259	4146	6	132.85
118	1157	5	21.05
328	114	19	67.35
138	205	7	12.4
172	130	18	46.22
119	211	18	43.12
765	187	9	71.39
4275	14	4	9.59
112	273	9	14.1
165	311	18	111.17
144	294	5	12.45
115	2494	3	13.54
328	152	3	6.95
1449	12	7	11.31
8840	14	4	18.33
101	9690	3	17.27
116	673	3	6.16
2306	14	4	4.69
111	4885	4	26.89
439	108	17	64.78
271	4308	4	46.17
153	271	3	5.43
1643	1418	3	38.19
124	1977	6	39.3
5285	14	5	17.11
102	2270	3	5.69
105	1051	4	9.93
1232	103	4	6.91
104	2367	11	64.32
12	1885	4	4.5
101	1745	4	7.29
102	637	14	30.82
2552	223	6	62.87
8030	8	3	26.42
16	2070	4	21.19
219	250	9	49.13
102	2042	10	41.39
104	1284	14	67.28
103	1646	3	5.19
753	5653	3	42.99
135	108	21	4.88
132	755	5	21.79
2919	1732	10	178.8
1515	170	5	39
2135	14	5	6.97
1623	12	5	6.27
267	121	8	14.55
2653	14	6	13.27
115	1996	3	12.1
141	258	5	9.97
2124	12	4	5.3
1452	125	6	35.01
139	286	3	4.17
6932	103	6	47.26
319	130	4	7.25
1074	103	4	5.98
338	135	4	8.83
208	361	38	360.99
429	118	14	56.37
155	330	6	23.21
10639	12	3	14.19
218	16	32	122.23
1081	111	3	7.85
353	135	7	23.44
453	125	4	9.97
4908	104	3	13.7
131	651	6	26.11
662	564	3	25.98
101	2267	5	14.01
249	727	3	19.69
105	3849	7	47.77
2081	103	3	6.6
457	16	3	4.74
555	12	9	3.88
108	9460	3	24.41
148	3680	3	22.5
157	175	10	27.51
105	844	4	8.33
103	2172	5	16.47
101	6046	4	19.56
102	5179	3	10.83
4825	103	8	56.77
109	1073	7	28.9
618	149	19	142.22
297	116	24	94.64
137	333	4	8.91
106	611	3	4.04
108	363	6	8.6
6576	14	3	8.3
768	159	3	14.28
166	14	88	47.52
169	102	50	44.47
1186	104	5	12.12
3232	12	4	8.41
114	153	17	9.84
113	521	8	24.2
1827	117	8	49.84
119	5969	3	21.47
101	3492	5	19.3
185	5190	3	29.73
102	4386	3	10.12
101	2109	5	13.08
1229	183	20	219.25
691	107	4	8.35
1562	978	3	35.64
155	4250	6	60.81
2425	125	5	33.02
218	157	4	7.84
101	698	15	37.18
363	114	19	72.35
260	181	7	30.71
1126	1529	5	66.28
115	310	29	120.86
1364	101	4	5.58
6783	14	3	9.43
4734	103	3	11.69
202	496	10	73.57
10054	113	3	25.29
3407	1105	5	75.52
2574	161	3	22.49
195	201	4	10.95
829	14	11	11.92
901	104	4	6.11
757	142	5	23.4
101	2606	5	15.63
105	7319	3	19.16
510	114	4	7.02
271	142	14	56.98
518	300	3	19.11
102	719	27	104.91
102	3075	4	12.48
102	6261	3	12.62
1402	575	3	31.13
384	104	11	16.92
102	4839	3	10.83
335	107	7	10.41
9253	170	3	35.5
213	639	4	25.14
3174	101	8	37.56
178	1355	5	38.56
148	194	9	22.77
357	1958	5	54.93
104	6051	6	44.23
85	108	41	62.21
2973	122	5	33.03
176	3058	11	130.86
1090	103	4	5.98
154	1197	3	16.24
105	1036	3	5.8
102	2351	5	14.91
128	1029	4	17.44
251	121	8	13.19
101	3976	5	20.27
248	1292	5	44.55
1092	187	3	19.39
149	1118	6	38.55
3090	101	3	7.35
108	5553	3	18.39
1626	2	3	10.52
286	129	4	5.92
322	932	4	34.03
3110	104	3	10.33
201	1817	3	23.3
326	138	3	5.03
2846	217	3	27.3
653	105	12	43.45
4322	366	7	98.08
347	168	4	14.85
475	1817	3	31.38
132	1407	4	21
163	143	12	22.51
107	571	15	62.53
297	356	3	16.1
115	1427	7	35.57
595	106	4	7.1
107	2974	4	20.62
16	208	13	25.22
11784	175	3	40.32
2626	122	5	31.65
103	4696	3	11.69
8884	334	3	40.66
8714	14	3	10.91
4782	183	3	29.66
2798	102	3	6.86
105	2963	3	12.24
184	507	7	44.38
2826	14	4	6.13
124	304	124	1073.71
1937	10541	3	55.32
284	141	5	11.26
155	219	5	11.41
246	187	3	8.22
104	1756	4	11.08
3692	114	5	32.53
481	1836	3	31.49
104	7462	3	16.75
691	130	5	20.52
13	299	9	34.96
8	645	7	30.08
4291	14	3	5.43
274	184	3	8.99
106	632	4	7.49
1424	755	4	46.62
682	138	3	10.09
646	16	5	15.93
59	11769	3	33.39
104	10030	3	20.5
462	12	16	14.54
1068	125	18	137.21
200	316	3	10.95
269	106	7	6.68
3501	14	3	4.5
443	481	9	86.48
5269	14	4	11.42
107	2407	4	18.66
112	1219	3	8.58
139	271	5	10.48
115	4451	7	57.59
11016	125	3	28.74
1515	940	3	35.2
114	113	51	22.61
169	135	18	47.5
747	12	12	15.89
562	210	3	16.1
3803	14	3	4.93
3954	889	7	111.76
496	7049	3	42.26
370	789	3	23.98
161	324	3	8.13
107	630	3	4.2
106	2735	5	27.5
197	2460	3	25.44
3500	101	4	13.39
3014	14	5	10.39
234	252	11	67.66
145	828	19	151.06
135	587	4	14.02
111	497	24	120.59
110	120	114	209.24
769	869	3	29.96
5105	14	5	17.11
4047	713	3	40.25
116	597	6	18.42
39	133	15	32.55
130	1284	3	13.31
101	1692	8	24.89
102	830	18	60.1
186	163	4	6.45
104	2186	7	31.22
3988	14	3	4.93
11715	5009	3	66.71
3851	14	7	24.89
9304	8189	4	96.91
6622	12	3	9.41
277	12	19	4.33
85	268	4	8.61
4292	101	7	36.47
189	346	3	11.49
101	274	44	94.85
102	3618	4	13.72
203	707	4	25.43
120	1867	7	43.08
1631	106	3	9.68
2309	116	3	13.68
110	690	5	12.99
112	410	4	5.03
7132	9235	3	65.35
110	379	7	13.36
2681	102	4	10.96
1393	59	3	13.16
115	654	3	5.37
404	130	5	14.5
118	197	8	6.99
13663	113	3	29.77
2566	172	4	34.19
196	182	3	5.84
138	479	4	12.47
107	5186	6	46.21
107	869	9	36.86
141	184	5	4.99
145	1695	6	42.02
5792	9	3	22.62
823	158	3	14.46
102	3376	5	18.85
219	433	3	14.76
12	4402	3	7.03
3640	14	5	12.6
117	9018	4	36.22
215	118	10	14.4
105	651	10	32.32
315	4732	3	34.45
355	158	23	158.92
306	135	6	15.72
101	1994	6	17.42
104	278	18	27.38
4365	246	4	45.79
483	124	3	6.13
1481	12762	3	58.06
102	1738	4	7.58
274	988	5	43.41
124	2890	13	127.95
102	3351	3	8
159	1454	3	18.38
130	941	9	54.23
546	4738	3	39
101	503	29	87.45
1	45	8	31.31
102	1096	10	27.4
105	7035	3	19.16
178	1017	7	54.43
847	259	3	21.24
306	102	23	31.37
121	225	10	16.63
102	4957	3	10.83
385	102	12	11.11
160	430	5	22.26
404	107	6	10.22
143	1835	3	16.88
147	323	3	5.84
1691	122	5	26.37
134	442	3	6.9
674	209	3	17.3
206	300	8	44.41
717	499	3	25.67
7809	14	3	10.91
138	819	3	11.33
8365	7995	5	125.17
855	104	4	5.66
109	4363	3	16.82
1115	159	3	16.8
110	2118	4	18.06
119	809	3	7.55
268	365	4	22.78
395	424	4	29.41
177	112	15	15.99
988	284	4	33.33
480	14	16	10.91
104	2145	8	38.19
5868	12	3	8.47
131	1078	4	18.68
313	116	12	32.53
2014	101	7	22.62
456	159	4	16.6
8	2701	4	25.73
8	991	3	10.81
4873	103	3	12.41
277	137	4	6.92
718	102	8	11.7
2735	103	6	25.62
101	1083	6	9.98
330	214	4	18.49
1686	188	5	42.43
138	234	13	43.62
2031	14	6	9.87
2452	515	3	34.29
108	4946	3	17.53
6903	110	5	43.39
106	980	8	33.04
495	1396	4	42.54
295	1884	3	27.62
147	763	3	11.86
2212	12	5	8.98
7598	14	3	9.43
3407	2375	4	65.15
109	2099	4	17.62
1183	14	19	55.04
2543	12	5	10.39
537	142	3	8.69
2578	146	3	19.99
509	104	5	4.36
146	171	16	47.22
206	754	3	17.89
1542	14	8	13.16
183	3894	3	27.63
8	1057	3	11.17
247	120	5	4.42
283	128	4	5.72
600	108	3	4.11
1129	106	3	7.52
123	108	30	8.09
151	879	5	27.83
178	531	5	27.63
4392	109	3	16.82
101	3284	4	12.74
102	2170	3	5.44
160	144	25	78.89
544	187	12	92.38
3418	1144	3	41.86
146	111	18	6.84
811	163	6	38.21
1481	1743	3	38.99
1814	166	3	20.53
110	189	14	16.69
571	12	17	23.33
112	105	326	861.45
3159	14	4	7.06
12	9450	3	14.19
501	170	11	75.51
2146	104	3	8.04
117	1402	13	88.06
116	484	8	24.91
4766	114	6	46.29
8806	114	4	34.8
3678	14	3	4.5
232	203	3	8.48
445	118	7	19.34
108	283	53	257.83
111	1201	7	31.6
133	1893	3	15.9
292	163	3	7.46
1309	161	5	34.96
2451	9	6	42.74
200	367	7	40.51
1465	12	7	11.31
160	348	3	8.77
104	1049	12	47.04
212	2289	3	25.56
122	431	6	15.82
623	956	3	29.21
1445	1670	4	53.73
102	2740	4	11.43
119	9307	3	26.49
104	1681	12	61.09
103	1319	3	4.14
131	2963	3	18.83
303	362	3	16.45
124	959	3	10.53
13	121	16	10.92
750	187	3	16.8
2998	14	9	31.1
102	4151	3	9.5
120	4326	3	18.55
1547	128	3	13.91
200	135	7	11.5
117	489	6	16.16
115	1291	8	41.04
474	163	3	11.22
106	492	7	16.44
137	118	20	11.14
106	835	6	19.18
1274	249	3	23.35
101	11802	3	21.71
110	643	3	4.68
1430	103	3	4.55
3469	14	8	27.99
108	7800	3	22.2
168	1	3	5.38
675	805	7	79.67
110	426	4	5.04
261	12	46	58.55
115	671	4	9.33
147	265	3	4.48
5574	111	3	18.87
6395	14	5	20.87
109	172	14	11.26
162	112	30	51.59
778	137	4	16.68
120	2867	4	23.39
200	102	23	8.94
119	4483	3	18.84
879	116	7	29.5
117	5405	3	20.38
192	281	3	9.8
135	239	7	15.37
108	3561	3	15.01
799	424	3	25.25
113	605	3	4.8
102	4197	3	9.5
2019	112	4	17.98
124	8235	5	55.12
623	2775	4	51.02
121	336	4	5.12
2047	14	5	6.6
101	3553	6	25.87
2043	102	3	4.98
3216	841	3	39.33
513	101	7	4.39
181	185	3	5.02
4325	12	3	6.45
525	104	5	4.62
553	142	3	8.91
8	4723	10	110.47
241	439	3	15.79
179	101	88	175.34
13	147	13	19.76
12	179	437	2132.85
101	550	12	18.46
102	1475	6	14.06
701	261	3	20.1
129	142	63	203.8
101	2156	17	99.76
107	1244	4	13
858	109	3	6.03
1815	580	3	32.9
802	3678	3	39.9
944	333	3	24.3
1351	110	3	9.12
300	1694	3	27.06
381	14	28	30.16
7257	101	4	21.42
1273	171	4	27.9
138	315	8	26.44
164	435	3	10.76
1311	104	3	5.21
4939	160	3	27.19
3299	180	3	26.27
294	14	42	46.39
104	7510	3	16.75
122	3149	11	98.81
1381	14	25	102.05
149	7040	3	28.4
4635	12	5	17.6
392	110	11	31.37
208	264	7	34.61
8	2454	3	16.69
103	5498	4	20.57
1405	109	4	14.19
351	577	11	108.43
102	1933	3	4.77
478	114	8	22.74
6176	103	3	14.22
1809	109	10	61.12
158	209	4	7.34
101	1630	7	19.32
383	380	3	18.96
7189	1438	4	69.65
1882	14	5	5.94
127	4007	3	20.07
101	693	11	20.57
3092	12	3	4.69
1095	110	5	18
547	246	4	25.77
312	134	5	11.35
282	157	4	10.86
585	107	6	14.8
150	101	46	8.6
211	915	5	37.85
1062	4628	3	43.64
3006	125	5	35.61
176	4381	3	28.19
102	2580	3	6.54
103	475	6	4.23
448	675	7	69.69
114	102	283	280.63
1787	9	7	46.65
798	132	6	29.08
135	198	5	5.59
194	172	4	8.82
592	14	12	7.78
113	837	3	6.66
117	1297	12	76.57
115	3873	3	16.53
1076	14	10	13.94
378	132	3	5.59
320	516	3	19.58
109	248	13	22.54
107	1035	16	92.33
606	102	11	18.28
1625	104	3	6.31
106	421	4	4.43
111	1857	4	17.18
442	116	4	6.81
1637	101	4	6.81
119	680	5	15.45
354	171	3	10.34
2673	16	3	15.62
105	1024	11	49.13
122	4985	3	20.28
111	11320	4	39.18
424	110	4	5.04
3400	144	3	21.17
7336	14	3	9.43
1476	14	6	6.58
1333	558	3	30.53
964	104	8	23.32
454	246	4	24.11
901	151	3	13.82
122	7260	5	47.39
277	256	4	18.95
102	2071	4	9.04
2767	12	4	7.45
944	14	15	28.21
105	13852	3	27.41
329	1196	4	36.8
567	122	6	19.5
138	116	161	654.59
108	950	4	11.1
1784	101	8	25.49
122	9844	4	42.23
3167	125	4	27
236	198	4	13.35
1283	101	10	30.11
102	8602	3	15.35
3506	106	3	14.86
1427	101	17	76.86
111	2379	8	51.62
301	558	3	19.59
113	272	30	115.65
204	344	5	25.03
854	113	3	6.75
136	180	55	285.07
162	571	3	12.45
138	150	10	9.35
11194	4087	3	60.78
202	843	3	18.41
114	367	5	7.1
1968	351	3	29.52
8113	2	3	22.94
349	118	16	59.53
501	250	6	42.7
328	203	3	11.62
2072	146	3	18.42
2044	12	8	20.52
103	1074	6	13.21
101	1815	11	44
102	707	7	8.58
425	810	3	25.35
360	121	4	5.71
150	372	7	28.94
8	4014	4	29.81
45	285	6	25.72
8	1787	7	46.58
668	103	12	30.14
130	1944	3	15.87
101	3274	4	12.74
102	2100	8	29.67
352	1015	3	25.31
107	11083	3	24.33
103	1379	3	4.27
248	3079	3	29.45
206	213	9	41.71
3972	14	9	39.08
1932	103	4	10.35
500	16	6	17.76
834	106	3	5.78
166	118	17	22.4
883	12	7	5.38
3867	14	4	8.84
134	546	4	13.1
107	1644	13	84.09
104	8310	4	28.32
101	11943	3	21.71
115	3005	4	22.04
810	12	7	4.61
118	319	5	6.68
108	6260	4	29.01
887	1034	8	102.9
342	106	6	7.62
293	12	20	7.37
606	135	5	20
161	433	4	16.17
111	1523	16	112.64
3437	14	8	27.99
199	638	5	32.47
1004	125	8	45.01
208	630	3	16.63
4227	14	4	9.59
2346	109	6	33.65
388	568	9	87.02
104	1562	4	10.3
101	3480	8	40.86
105	774	15	66.92
1195	16	5	22.77
150	136	8	5.01
1291	240	3	23.15
902	2	6	21.86
422	454	3	21.2
729	144	3	11.17
481	120	4	8.21
105	7139	4	28.95
4258	12	3	6.45
119	2274	3	13.96
2060	137	3	17
1460	14	6	6.3
1046	9	20	156.29
107	4258	4	24.11
2414	150	12	120.51
2677	125	3	17.13
12	8442	3	12.05
190	8530	3	35.01
192	157	13	48.07
1753	14	6	8.21
132	585	10	51.73
4346	158	3	25.42
110	731	3	5.45
768	110	4	9.69
2993	12	3	4.35
120	1650	4	18.52
113	4455	3	17.65
667	218	9	73.87
554	496	18	212.64
101	7896	3	15.09
115	10374	3	25.41
2190	130	3	16.67
926	6549	3	45.43
12	3306	3	5.06
727	109	9	33.81
389	140	11	51.06
549	262	3	18.37
129	1053	4	17.67
188	344	3	11.22
218	112	13	19.89
185	1837	3	22.38
12	305	20	8.4
1614	9	6	36.51
101	2279	3	5.47
282	145	5	11.91
117	1489	3	11.15
5883	2626	3	51.36
136	1495	3	14.99
2063	14	4	3.85
113	289	15	40.19
3627	1993	5	83.28
174	171	4	6.91
115	1393	5	21.54
1116	112	7	30.79
138	185	29	117.23
2990	125	3	17.89
345	223	3	12.96
831	134	3	11
801	157	3	14.2
198	2153	8	83.42
137	485	3	7.82
102	6055	3	12.62
103	1436	9	32.57
180	149	4	3.88
124	2950	9	77.36
4475	103	3	11.69
6528	14	4	14
105	1071	10	43.97
153	259	6	17.42
622	102	8	9.43
1442	9	3	13.12
123	248	5	6.21
956	262	10	99.91
253	950	10	98.47
105	2487	4	17.31
102	649	18	48.89
315	4001	3	33.17
12	787	9	8.48
1206	8	3	11.97
101	901	11	26.58
1735	1048	24	436
148	938	7	44.02
5290	458	4	55.69
1831	103	5	14.37
125	168	37	126.28
5710	14	3	7.39
3956	14	4	8.84
154	1980	4	28.54
249	3328	3	29.93
101	5487	6	34.54
150	453	6	26.22
101	8157	3	15.09
160	265	5	15.48
117	7376	3	22.63
615	128	3	8.13
1666	168	4	29.16
288	2	8	12.33
2	715	3	5.69
286	197	11	65.25
111	618	46	332.84
11224	6817	3	65.35
1394	106	4	13.96
115	219	7	5.13
298	194	5	22.34
876	252	3	21.14
906	108	4	10.55
161	2595	3	22.49
122	12292	3	31.67
3570	123	3	18.88
1584	158	6	46.21
743	13784	3	53.48
104	929	8	22.73
152	150	11	17.61
1989	160	8	72.56
554	523	7	68.69
543	150	3	10.24
6035	14	3	8.3
105	1942	3	9.53
101	462	18	34.39
103	3562	3	9.98
303	830	4	32.45
393	16	3	3.89
102	5508	3	11.65
1699	105	4	13.8
684	103	6	7.91
115	1164	6	25.85
119	610	3	5.85
109	982	3	6.88
107	243	7	5.14
196	255	5	20.02
1657	1390	3	38.19
107	2679	5	26.96
141	237	6	12.16
201	407	5	27.28
115	525	4	7.33
114	885	3	6.99
2544	102	4	10.52
197	1311	3	21.23
108	1355	3	8.78
2199	14	5	7.36
2516	109	4	19.25
2882	122	5	33.03
256	158	8	30.12
111	1905	6	30.98
110	7495	3	21
118	364	4	5.27
118	709	3	6.7
713	106	3	4.88
2328	117	3	13.89
408	1142	3	27.43
2892	123	3	17.51
736	168	4	22.16
39	186	4	7.46
6739	113	3	21.5
153	152	7	6.92
102	2149	3	5.44
103	173	20	4.7
105	927	8	28.76
8342	122	3	24.96
154	2080	6	48.81
630	243	4	26.85
101	1618	9	29.64
313	205	3	11.02
700	103	5	5.5
102	1186	5	7.89
104	1944	6	22.98
219	2618	3	26.96
185	1112	5	37.32
101	992	37	211.3
104	6137	4	23.83
3043	14	6	14.79
11703	128	3	33.61
832	250	4	29.94
3354	109	3	14.56
202	8178	3	35.41
173	1507	4	29.42
616	907	3	28.76
114	316	9	17.88
3394	14	4	7.59
325	12	16	4.73
197	590	15	129.37
2	1726	4	16.9
161	492	11	70.25
3224	124	3	18.15
137	138	12	9.19
3899	14	6	18.87
119	2133	4	20.27
7456	128	3	25.32
118	129	40	47.91
196	118	12	17.5
111	1631	4	16.01
164	210	4	8.21
104	1361	18	100.51
105	1245	3	6.87
156	597	3	12.07
1810	12	6	10.53
104	4097	4	19.09
9	166	20	44.02
270	173	10	50.09
149	1559	8	62.62
2433	14	4	5.01
105	725	3	3.97
127	219	12	30.33
215	182	5	15.79
3347	101	3	7.76
103	2295	4	11.72
723	8	9	45.93
107	10740	3	24.33
12	880	13	23.02
102	1668	3	3.88
1562	112	10	59.62
105	6024	3	17.94
2314	125	3	16.15
152	261	4	8.85
603	101	14	28.25
105	3050	3	12.65
316	942	3	23.64
2671	7913	3	55.21
578	386	8	75.46
1437	122	3	11.69
105	383	64	377.28
244	117	10	18.01
119	1890	6	34.11
650	14	20	31.99
144	416	4	12.05
145	2750	10	96.15
114	287	7	9.59
170	373	3	10.55
108	1208	5	18.34
138	578	3	9.03
2647	1867	3	43.35
1115	110	3	7.99
227	272	8	45.09
853	137	3	11.47
610	5552	3	41.48
11769	57	3	33.71
119	756	16	91.7
2207	173	9	91.22
117	850	3	7.75
141	102	228	479.61
112	2081	10	67
830	132	16	112.9
1801	14	7	11.99
244	380	5	29.76
6	11703	3	53.66
101	1657	11	41.23
158	21	10	20.83
104	4541	3	12.97
8306	12	3	12.05
102	2182	4	9.38
128	117	27	17.49
11386	14	4	23.22
124	2065	8	58.61
10660	114	3	25.36
120	8573	3	24.64
4783	250	3	33.09
247	101	17	7.39
103	1599	3	5.02
131	1024	3	11.92
125	306	13	46.94
303	142	3	4.75
456	110	6	12.47
111	10160	3	24.9
1275	107	5	18.71
107	667	3	4.61
1045	124	3	10.99
445	14	16	9.22
437	109	7	14.88
1451	107	3	9.03
2	4549	3	17.52
5103	103	3	12.41
377	334	19	185.78
260	254	3	11.94
191	159	4	6.74
134	124	21	20.95
135	486	4	12.26
1223	21	3	16.79
120	1315	3	10.89
39	165	21	89.3
1544	134	3	14.83
769	112	18	99.72
111	732	8	29.54
109	5246	3	17.57
125	1	6	7.52
189	405	5	26.4
1328	103	3	4.14
683	8390	3	46.08
219	170	5	14.4
102	3808	3	8.95
122	5530	5	42.23
1383	103	4	7.85
3421	14	3	4.11
5253	14	3	6.63
182	271	6	25.66
868	12	7	5.21
122	2620	3	15.6
102	2228	5	13.93
101	1731	5	11.17
131	1363	5	28.18
158	125	10	8.64
12	7669	6	37.2
6174	14	3	8.3
111	2915	4	21.36
39	115	33	74.97
14564	14	3	17.41
5169	14	5	17.11
111	502	6	13.76
443	7400	3	41.45
134	155	9	8.54
2842	14	5	9.78
1362	106	3	8.64
106	324	7	9.59
1088	13868	3	55.98
2338	14	10	30.22
711	121	5	16.55
1418	12	5	5.06
2417	14	7	16.2
569	321	4	29.37
4096	14	3	5.43
104	5042	4	21.08
5619	1735	4	67.86
310	1442	3	26.22
102	1076	6	10.41
215	138	4	4.33
6862	2159	3	52.32
3726	14	3	4.93
101	1166	7	14.72
4056	109	3	16.16
272	158	3	6.45
424	515	4	31.94
8	551	6	21.75
102	4081	4	15.25
131	528	5	17.54
483	106	4	5.39
189	111	37	106.99
523	12	12	8.34
258	9358	3	40.46
150	1712	3	17.65
6376	12	4	15.51
2548	109	5	26.54
137	182	10	20.29
119	526	3	4.95
332	398	3	18.16
119	789	3	7.38
3897	114	3	16.47
164	108	30	48.14
136	1192	7	44.21
978	103	4	5.31
146	459	7	31.4
230	7703	3	37.03
101	9374	4	28.95
716	103	6	8.55
299	121	5	6.72
6333	161	5	56.08
149	12205	3	36.71
106	1191	6	23.92
111	1693	3	10.48
259	3215	3	30
196	164	4	7.35
139	114	29	23.7
164	57	7	4.57
120	2809	4	23.39
1761	109	3	10.26
2815	12	3	4.05
137	199	7	11.9
107	4325	7	52.87
106	3586	5	30.71
205	439	4	20.86
616	9	3	7.8
102	8488	3	15.35
204	226	3	8.1
107	3983	3	15.46
2684	730	3	37.09
640	117	3	6.03
178	320	6	27.17
8	3854	6	49.68
308	181	3	9.63
334	140	3	5.42
385	153	3	8.2
215	14	32	4.79
314	145	3	5.28
2260	103	6	22.72
103	2373	4	12.12
633	124	7	29.61
102	2639	3	6.54
12	1842	6	10.53
126	272	5	8.11
581	262	9	76.82
306	153	3	6.28
1475	101	4	6.15
189	127	6	5.88
101	496	13	19.25
2196	161	3	21.2
12	5077	5	19
155	5116	9	113.96
8	4781	3	21.72
110	101	196	70.28
1721	468	4	43.96
2994	113	5	29.9
1347	218	5	42.96
120	1266	4	16.39
4413	106	3	16.64
1606	14	5	4.57
441	264	3	16.88
136	5021	3	23.49
643	107	3	4.32
107	650	17	80.67
1103	104	3	4.24
2123	102	3	5.2
373	21	3	8.69
232	114	12	20.18
647	110	3	4.74
619	101	19	50.35
343	57	3	4.43
1047	110	3	7.51
8	2384	9	71.98
6978	14	3	9.43
392	159	3	9.78
102	1987	3	4.98
190	1078	5	38.03
4914	3774	3	53.21
219	212	3	8.35
388	156	4	14.26
426	116	74	575.01
9	375	3	4.64
8	5925	4	34.64
6496	14	4	14
123	198	11	20.57
2185	103	4	11.35
580	112	3	4.36
3184	12	4	8.41
160	169	7	14.77
121	472	4	8.11
424	262	3	16.57
5151	121	3	19.97
124	1721	4	21.32
159	102	39	13.01
190	1310	8	72.31
103	552	8	11
101	3737	5	20.27
59	563	3	7.41
157	188	7	17.05
102	889	10	22.76
103	767	12	33.7
519	102	17	35.83
8	706	3	8.67
523	284	6	45.89
111	12106	3	29.38
1029	14	14	26.59
220	162	5	12.64
101	455	10	9.29
105	3650	3	13.58
101	3090	9	45.28
102	4013	6	29.06
156	416	3	9.58
319	117	5	6.68
672	107	5	12.08
107	234	19	41.67
108	598	3	4.11
59	10125	3	28.9
2442	125	5	33.02
331	114	5	5.99
779	342	5	43.78
199	678	3	16.84
115	3790	3	16.53
229	21	5	12.26
197	419	4	20.08
768	134	3	10.46
195	1271	3	20.84
534	151	3	10.29
506	107	16	64.3
443	1171	3	28.17
119	3724	6	45.4
498	101	10	10.66
114	171	19	27.6
470	104	6	6.02
10379	9	3	28.67
207	2207	3	24.9
182	212	3	6.53
586	156	6	32.11
1892	104	3	7.1
102	2028	7	23.19
12	778	40	160.18
1811	107	3	10.37
484	116	6	15.47
131	903	3	11.14
12	2127	5	8.57
274	358	6	39.24
121	1330	5	23.32
101	1791	18	96.42
186	267	5	19.63
317	14	20	5.37
102	450	14	20.85
178	2379	3	23.62
150	629	4	17.19
1119	444	3	27.88
134	220	4	4.09
1305	102	4	5.5
115	1094	6	25
12962	3070	3	63.15
142	3152	3	20.31
503	204	4	22.19
4341	125	4	29.95
174	204	4	9.23
107	508	17	70.77
163	199	4	7.32
8690	12	5	31
258	211	8	41.83
111	3144	4	21.94
122	8427	4	37.24
328	128	4	7.29
115	249	11	18.99
205	237	34	262.88
6025	101	3	12.37
1485	113	5	21.94
948	666	5	54.98
167	243	3	6.41
132	2764	5	36.58
163	182	5	9.68
1128	12	7	8.25
116	1268	3	9.96
114	1301	3	9.34
5404	101	3	11.4
141	473	3	7.85
3049	468	4	49.52
122	13848	3	31.67
111	6054	5	40.63
148	105	111	308.4
180	143	5	5.11
57	12	415	751.96
105	1706	7	32.37
3607	14	3	4.5
143	11143	3	31.09
1088	1493	3	35.88
3152	109	8	56.53
17	135	4	17.52
396	1792	3	30.14
6467	12	3	9.41
105	4246	3	14.69
102	2267	9	37.87
105	2478	8	47.47
8018	103	4	26.54
658	12	9	6.22
7627	12	3	10.56
108	2278	4	18.35
198	324	5	23.7
642	202	3	16.47
119	425	7	18.8
115	3833	3	16.53
2305	14	15	62.62
118	276	9	17.72
1452	12	12	32.28
7749	170	4	48.33
8835	14	3	10.91
1102	8	4	17.51
139	299	4	7.87
106	7087	5	42.51
192	166	10	35.39
108	1325	3	8.62
135	120	16	5.69
1184	129	3	12.33
146	500	3	9.07
140	5278	3	23.72
9280	7848	3	66.94
5068	14	6	23.71
2807	14	7	18.72
967	12	8	9
102	2835	6	22.45
278	340	6	38.55
105	2208	4	16.06
12	1646	7	12.92
126	213	6	7.29
159	135	8	7.7
104	4416	4	20.02
121	203	7	5.95
491	129	5	15.94
304	176	3	9.18
338	146	6	20.2
101	637	24	77.12
102	7451	3	13.81
102	5809	3	11.65
2487	104	3	8.9
154	222	18	82.67
2499	101	3	6.01
1471	103	5	12.41
178	1523	5	39.83
112	544	3	3.96
166	124	19	39.6
500	116	5	11.65
1122	547	9	109.64
114	127	28	13.01
204	119	33	111.48
59	10322	3	28.9
9832	3559	3	59.62
2369	5461	3	50.67
1363	101	15	60.82
3715	168	3	25.46
115	1172	3	8.82
1104	127	3	11.77
1348	101	6	12.62
742	700	3	28.39
333	14	33	33.85
1410	14	7	8.76
9252	170	3	35.5
154	300	7	26.21
312	110	20	64.75
1301	14	14	33.96
101	3075	3	7.35
351	107	5	5.45
304	104	11	10.78
6049	8	7	77.32
183	123	12	21.02
102	2606	6	21.66
2834	12	4	7.45
383	282	3	16.27
102	4373	5	23.02
157	117	24	37.84
1842	109	13	88.21
2527	125	3	16.79
847	110	8	31.73
1723	413	10	128.23
107	6470	3	19.31
6217	113	3	20.27
118	552	3	5.14
174	102	29	9.38
226	325	4	18.94
138	145	20	34.29
325	738	4	32.13
401	1652	3	29.6
113	2464	5	27.92
114	703	5	14.1
142	3265	11	114.81
152	613	3	11.35
103	6660	3	14.22
1401	122	3	11.52
12	3655	5	14.41
13833	14	3	17.41
128	341	10	35.66
104	603	38	197.66
211	4859	4	44.66
16	598	5	15.27
7334	159	3	30.26
901	123	3	9.89
4713	125	5	41.57
1502	14	5	4.11
2933	16	3	16.37
820	117	3	7.57
12	795	8	6.36
105	1482	7	30.4
102	2109	3	5.2
335	85	5	15.93
1888	240	6	60.19
315	152	17	92.87
104	3120	7	37.79
7344	12	3	10.56
102	392	53	201.97
105	1015	3	5.8
317	182	4	15.59
124	6188	4	34.56
177	215	5	14.81
178	618	11	83.02
5084	14	5	17.11
2823	14	7	18.72
960	108	4	11.1
102	1289	5	8.75
101	4419	3	9.88
107	590	25	134.92
163	138	8	8.71
567	113	4	7.8
1153	8	5	24.62
11836	103	3	23.63
2515	217	4	37.97
6691	170	3	31.68
102	8611	3	15.35
369	146	4	11.39
116	436	6	14.16
262	106	7	6.42
114	405	4	5.31
119	1513	4	17.52
1255	103	3	3.89
433	111	7	15.79
116	4614	4	27.52
110	268	6	5.12
6937	118	5	46.12
3458	164	3	24.45
1644	12	12	35.68
657	197	5	32.86
148	659	3	11.33
2158	254	3	27.22
2644	14	17	91.07
282	166	5	17.3
5297	493	3	39.94
312	128	4	6.52
101	7111	3	13.56
2103	12	9	26.3
340	130	10	37.08
427	121	5	11.04
246	1753	8	85.12
127	4310	4	30.3
103	2192	3	6.85
946	125	3	10.68
536	12	21	33.58
133	975	3	11.85
135	189	6	7.65
107	1670	4	15.28
1786	497	3	31.75
114	111	55	25.02
115	566	13	54.87
4451	104	6	36.61
2	192	19	34.76
572	111	3	4.17
108	2359	3	12.26
233	16	20	62.91
3713	14	5	12.6
141	278	6	14.97
1068	12	6	5.08
618	106	3	4.09
342	138	12	52.52
107	288	22	68.24
111	1864	5	23.83
1100	3138	4	57.53
910	940	3	31.83
162	3462	3	24.28
110	108	168	303.84
112	194	18	31.18
1941	113	8	48.3
1762	125	8	55.3
2692	14	4	5.73
321	507	4	28.33
107	410	8	17.78
2509	122	5	31.03
142	249	16	64.33
619	108	3	4.22
102	3838	3	8.95
1617	103	4	8.97
3665	14	4	8.19
1409	166	3	18.91
178	1905	3	21.95
304	509	3	19.11
341	129	3	4.34
1481	8382	4	72.54
104	1899	3	7.1
2077	568	3	33.72
317	313	3	15.25
102	2949	4	11.93
104	2159	12	69.89
1914	1364	4	54.48
122	975	9	47.93
584	12	29	70.95
818	138	3	11.33
160	176	8	19.97
139	121	27	28.82
2961	109	4	20.77
1557	125	5	27.87
1487	2119	7	108.15
7478	125	4	36.69
107	2830	6	35.73
4769	14	3	5.99
117	2964	5	31.77
4254	102	3	9.5
115	434	17	69.93
170	628	8	53.87
472	219	6	39.09
165	345	3	9.06
134	428	4	10.98
192	215	4	11.84
111	2504	7	43.74
119	1126	3	9.55
127	296	4	6.08
159	316	3	7.74
1646	120	4	18.52
128	436	3	5.97
101	3618	6	25.87
104	2743	3	9.57
121	271	9	18.58
8027	1681	3	52.14
336	176	4	15.62
151	400	5	18.89
185	2421	3	24.3
635	268	3	19.47
9	16	22	10.42
149	957	7	44.79
108	15339	3	28.89
4367	9	3	21
219	412	3	14.45
102	1083	16	59.34
250	132	9	23.82
270	137	23	113.9
10599	14	3	13.03
149	1814	3	17.98
2009	104	3	7.54
314	116	6	9.2
253	539	3	17.77
102	7293	3	13.81
483	14	12	4.24
2932	6804	5	99.89
1840	117	3	12.35
489	878	4	38.25
182	472	3	13.38
11108	102	3	17.53
9	145	15	12.36
1225	101	16	63.29
6555	14	5	20.87
1205	104	4	8.24
12	140	568	1685.52
7390	14	3	9.43
1154	169	3	18.21
1549	14	7	9.83
1494	109	7	33.82
108	4508	3	16.79
7597	14	3	9.43
139	147	8	4.15
162	877	3	15.35
13927	14	3	17.41
909	114	4	11.7
3202	144	3	20.72
142	3790	3	21.81
376	114	13	41.37
473	380	4	29.79
2036	14	4	3.85
141	1775	3	16.23
114	1080	3	8.26
117	6161	4	31.69
101	4957	6	32.14
992	122	11	63.87
247	172	3	7.28
103	1524	8	27.97
102	1146	8	19.11
7266	101	4	21.42
3370	12	3	5.06
362	112	5	6.5
10732	14	3	13.03
127	2127	4	23.56
128	156	20	39.19
102	503	19	42.69
1888	107	4	16.45
416	3168	3	34.25
103	6480	3	14.22
105	2512	3	11.17
102	2914	3	7.21
826	109	4	9.96
221	1814	4	35
103	934	5	7.99
114	809	3	6.55
1159	137	3	13.43
839	104	6	12.63
443	3262	3	35.22
107	5200	3	17.45
856	104	4	5.66
119	1368	5	22.98
711	114	6	19.15
296	110	6	6.44
2409	12	6	14.05
120	357	7	16.41
647	134	5	20.43
266	177	7	30.15
1561	16	3	12.26
101	4151	3	9.26
2591	122	4	23.3
2791	14	4	6.13
2436	1566	3	41.55
122	6766	5	47.39
3637	114	3	15.94
101	1018	11	29.5
101	2740	4	11.11
4595	14	6	21.82
277	197	6	27.62
4607	102	4	16.15
454	187	4	20.1
1444	106	5	19.98
1919	461	9	118.12
5172	339	3	36.03
101	6860	5	30.84
700	128	4	14.21
247	108	9	10.27
312	562	4	28.78
464	471	14	149.27
399	175	3	11.5
113	3207	3	14.93
983	168	3	16.79
1686	130	3	14.95
3474	14	3	4.5
120	638	13	64.61
11910	103	3	23.63
120	6340	3	21.83
130	8843	3	27.35
146	113	22	14.96
499	138	5	18.2
134	118	35	42.74
101	11591	3	21.71
910	170	5	33.29
2766	122	4	23.81
12	2542	17	92.8
101	2170	11	49.73
547	187	7	45.98
10192	4936	3	62.21
13	103	98	143.62
122	3405	4	25.58
1411	620	3	31.67
338	224	4	19.36
130	184	8	11.43
2071	12	4	5.3
159	237	3	5.44
152	252	10	37.62
13	1501	3	16.51
121	286	5	6.2
308	130	6	14.6
1676	12	6	9.75
426	2041	3	31.36
316	136	6	16.46
2350	132	4	25.76
104	258	14	13.65
59	420	5	13.75
11543	170	3	39.99
325	129	6	14.91
192	985	4	27.78
107	1499	7	33.55
638	111	4	8.3
108	3579	3	15.01
496	3266	12	191.86
366	129	3	4.83
2022	4190	5	85.45
107	105	149	164.34
112	3680	3	15.59
107	2813	9	63.06
162	150	5	4.24
137	106	48	60.36
117	843	4	12.47
5403	14	3	7.39
596	105	13	46.38
404	188	3	12.66
8	14366	3	33.13
133	2719	3	18.6
702	122	10	47.64
111	320	21	72.65
534	216	3	16.01
638	127	6	24.51
115	4841	4	27.57
141	1822	3	16.45
558	159	4	18.31
6875	6103	3	60.29
119	534	14	63.77
117	812	12	62.91
143	908	3	12.47
230	706	3	18.83
108	539	11	37.68
111	4129	4	24.86
802	14	11	11.1
226	358	6	35.03
108	784	5	13.74
1115	134	3	12.91
122	9428	3	27.18
119	781	5	16.92
117	14634	3	30.91
187	117	7	3.99
12	4335	3	6.45
587	21	3	11.91
8225	14	3	10.91
1921	109	3	10.94
142	10419	3	30.77
189	204	5	15.5
155	1599	3	18.35
123	352	3	3.97
336	104	8	6.13
2668	129	3	17.55
308	107	8	11.65
1378	14	12	26.54
1096	1328	3	35.3
11944	12993	3	78.16
447	142	5	17.38
10562	14	3	13.03
7594	1063	3	47.53
107	368	5	5.8
3253	250	3	30.01
133	1196	4	19.83
12506	11312	3	73.67
106	1088	3	7.27
228	156	5	11.96
266	132	6	12.76
713	14	24	52.39
39	193	34	209.67
1122	142	3	13.59
501	183	3	13.8
135	803	4	16.75
920	137	5	25.06
3536	12	4	9.58
119	3331	3	16.56
437	7383	3	41.26
102	550	33	119.21
102	2156	4	9.38
905	117	3	8.13
149	3729	5	44.92
1886	122	4	20.13
104	2253	4	13.38
12	457	65	239.77
12	2315	4	5.92
118	8638	3	24.2
2349	113	3	13.1
2052	14	6	9.87
456	134	3	7.15
124	2343	5	32.75
1358	122	3	11.36
339	123	4	6.73
1707	102	3	4.04
105	1540	4	13.02
601	801	10	118.7
158	3182	5	44.75
105	2181	10	61.32
9776	103	4	31.5
394	460	4	30.3
756	101	9	15.2
123	594	3	7.33
16	7	4	13.55
3006	12	3	4.35
1052	427	3	27.06
105	1218	3	6.74
4235	12	3	6.45
7331	14	3	9.43
1473	14	6	6.58
415	107	4	4.41
102	1517	4	6.64
12	269	251	1450.39
3279	103	4	15.15
312	147	5	13.68
143	4251	4	33.07
1426	101	5	9.37
162	315	3	7.94
4280	103	3	11.05
3322	12	4	8.97
380	172	3	10.97
505	2288	19	310.84
342	149	3	6.89
297	145	5	12.62
118	305	8	16.16
135	201	20	70.53
676	216	6	43.98
798	145	14	99.87
7768	5972	4	87.35
167	775	4	22.48
111	950	15	85.03
2056	217	8	84.57
145	119	164	729.07
12	2201	6	12.89
101	2580	6	21.17
104	3783	3	11.76
5421	103	5	28.91
2999	854	3	38.9
153	1433	3	16.95
8	871	5	21.58
486	151	8	41.07
182	147	6	9.05
12	4523	3	7.03
574	110	5	11.08
101	2827	3	6.63
3035	5538	3	52.14
105	1424	6	23.36
2159	12	6	12.89
544	246	5	34.49
105	2761	5	25.34
1647	14	6	7.51
632	101	9	12.02
4958	12	3	7.69
1262	122	4	16.79
3300	8	10	93.75
1062	101	6	9.76
217	214	13	72.99
102	693	14	33.53
2703	170	4	34.81
154	1915	4	27.85
145	378	3	6.84
717	145	4	17.1
133	375	21	117.46
412	486	4	31.04
108	8226	3	22.2
107	1900	4	16.45
146	287	3	5.03
4379	103	4	18.28
3632	12	8	32.73
554	12252	3	51.34
3253	170	3	25.47
107	578	5	10.51
1149	110	3	8.12
539	109	9	27.41
172	181	4	7.62
1217	142	5	28.57
199	2867	3	26.24
117	2847	4	22.81
113	222	7	5.06
146	316	7	23.81
134	313	7	20.19
258	2766	3	29.13
1319	103	6	15.68
262	143	4	7.18
1419	389	3	28.3
202	489	5	29.48
118	787	3	7.23
172	200	5	13.22
1848	108	3	10.45
164	495	3	11.65
163	118	17	20.37
102	2121	3	5.2
1502	118	19	151.03
574	128	5	17.61
1082	314	3	24.49
119	8330	3	24.27
182	121	22	52.22
112	9918	3	25
588	160	4	18.97
2859	112	9	65.08
484	205	4	21.76
8	5792	3	22.59
1739	113	10	63.01
244	559	6	43.77
281	194	4	15.4
727	464	3	25.28
6954	161	3	30.35
103	219	14	4.8
4627	14	4	10.43
227	158	3	4.8
257	135	8	21.53
109	230	34	111.36
255	163	3	6.37
108	2336	5	25.37
5071	347	3	36.26
333	118	11	31.4
13851	103	3	23.63
1004	12	11	19.1
116	175	10	7.53
115	561	7	20.72
368	265	3	15.37
5134	114	7	60.14
3980	137	3	21.52
883	125	5	21.75
259	6948	3	36.69
110	533	4	6.65
326	400	3	18.03
234	356	3	13.83
204	12	41	18.44
127	173	7	6.25
3586	104	3	11.24
7397	12	3	10.56
244	321	3	13.23
101	2100	4	8.73
248	1526	3	24.57
101	5317	3	11.4
102	3274	8	39.8
5047	14	4	11.42
1708	12	17	67.17
391	120	4	6.53
363	121	6	12.65
2397	122	5	30.45
101	6281	3	12.37
12	6653	7	43.4
9495	101	3	17.27
102	1815	12	51.6
101	3055	6	23.73
146	480	3	8.78
201	1352	4	31.08
3318	4984	4	72.8
109	1674	4	15.7
110	749	8	29.48
116	107	78	73.92
877	134	4	17.31
1581	14	5	4.57
120	289	28	122.95
234	1323	5	43.9
3355	1234	10	174.73
608	107	3	4.1
198	336	3	11.64
1338	137	8	54.79
319	139	3	4.82
107	261	51	231.02
2677	12	4	7.02
2470	113	3	13.42
5990	103	3	14.22
7560	658	3	44.34
200	244	4	13.84
118	256	7	9.63
331	134	3	4.85
105	1108	5	15.13
692	521	4	36.73
391	162	11	64.29
1267	9	25	225.84
282	132	7	17.84
635	198	4	24.06
127	1487	3	13.62
131	4587	3	22.01
353	127	3	4.51
103	7802	3	16.98
105	2196	3	10.28
104	102	422	195
543	112	4	7.07
152	112	15	5.63
2616	103	4	12.99
102	6785	3	13.81
118	494	3	4.54
1001	217	3	20.5
197	911	7	56.19
1973	102	3	4.77
569	117	6	18.1
644	675	10	116.21
320	326	11	87.12
115	1683	5	23.5
647	306	4	30.04
1760	8198	3	52.37
165	318	4	13.11
112	264	8	10.43
110	297	17	48.17
1457	14	12	27.99
116	664	4	10.16
4813	130	7	69.98
104	677	4	4.14
2287	103	3	7.11
3338	12	5	13.58
3689	125	5	38.14
152	402	3	8.59
179	1136	5	37.16
13114	14	3	17.41
396	172	4	17.44
104	396	23	68.47
102	3116	4	12.48
104	2374	3	8.6
12	586	13	13.15
103	3306	3	9.51
786	14	16	25.41
753	5646	5	78.86
249	2395	3	27.58
12	1911	6	10.95
4849	104	7	48.79
131	1569	5	29.76
131	3177	5	37.95
150	4578	3	24.64
213	3051	4	39.7
12	1184	14	35.91
102	462	16	28.38
512	106	5	9.2
102	2008	3	4.98
102	3728	5	20.69
208	105	22	36.27
488	12	11	5.46
57	148	9	4.23
264	1526	3	25.32
531	187	10	72.3
1511	106	5	20.29
111	1355	11	63.82
672	684	9	103.41
2204	14	11	34.59
106	152	22	14.66
195	108	16	22.17
4317	14	3	5.43
113	335	5	6.06
167	252	3	6.79
411	128	5	13.94
262	155	5	14.37
170	2657	3	23.81
679	103	9	18.02
563	232	3	17.25
5685	14	4	12.58
141	9185	3	30.66
1303	103	3	4.01
104	3939	3	11.76
12	319	16	4.02
180	400	6	32.13
4962	4500	3	54.49
302	12	24	14.96
124	2449	5	33.33
10907	12	3	14.19
3458	14	3	4.11
5196	102	4	17.2
665	118	31	214.41
155	296	29	194.8
103	1922	3	6.15
188	390	3	12.34
1081	135	3	12.81
101	6296	3	12.37
127	129	15	7.12
150	4336	4	34.71
126	158	11	11.07
102	901	8	15.17
431	362	7	57.58
116	130	23	11.6
1158	163	3	17.18
4737	14	4	10.43
472	202	3	14.38
109	1633	3	9.86
117	351	5	8.13
115	1137	7	32.06
101	8536	4	24
197	630	5	32.12
291	2	6	6.71
671	582	6	61.37
173	276	5	18.55
110	4336	3	16.5
3564	122	3	17.73
167	948	3	16.65
107	3479	4	22.51
2572	9	5	34.11
144	163	73	390.7
146	135	14	16.61
114	543	3	4.19
119	1468	3	11.22
3223	124	3	18.15
135	504	3	7.85
3892	14	4	8.84
373	12	19	14.02
332	189	3	11.06
14444	114	3	29.84
180	266	3	8.44
4659	14	4	10.43
101	4185	5	21.36
457	799	4	36.81
178	497	6	34.57
101	8060	4	24
101	5958	4	19.56
544	155	3	11.36
123	136	51	126.79
214	121	6	4.63
137	143	11	8.55
111	1476	3	9.73
116	1718	3	11.71
119	554	10	39.71
117	2894	3	15.62
3591	14	3	4.5
116	1377	3	10.43
119	769	3	7.22
101	12919	3	21.71
859	1415	9	124.1
4077	14	3	5.43
112	4673	4	25.94
2384	9	10	82.94
223	163	3	5.05
107	1820	5	22.5
2	1079	10	51.16
108	1194	11	58.76
120	1784	7	41.9
119	1908	6	34.11
2723	101	4	11.11
674	12	16	25.75
193	381	3	12.54
374	118	10	30.09
122	604	57	489.07
213	252	11	63.73
2732	109	3	13.31
153	702	3	12.3
3036	14	6	14.79
101	3889	4	14.11
102	6894	3	13.81
382	828	3	24.67
117	14354	3	30.91
121	329	5	7.9
85	553	7	35.6
239	351	12	89.46
16	3363	3	17.25
102	5603	3	11.65
12	2863	13	62.42
127	4079	4	30.3
129	916	5	22.96
102	1618	11	42.14
104	1388	5	13.85
101	2149	6	18.52
4333	14	3	5.43
105	2103	4	15.69
2519	14	5	8.7
1133	170	5	35.85
2314	12	4	5.92
280	147	3	4.85
1269	14	22	76.2
6643	110	3	19.77
2912	240	3	28.67
7363	14	4	15.8
2974	12	3	4.35
1503	137	4	22.41
1774	102	3	4.21
2802	12	7	21.28
4159	11812	3	65.27
173	934	5	33.97
200	127	6	6.56
116	1422	4	16.41
1127	117	3	9.48
10504	3832	4	86.64
3200	125	3	18.32
115	2073	4	18.87
267	259	3	12.39
137	124	15	9.62
162	132	9	9.65
3290	12	4	8.97
11315	14	3	13.03
111	1017	9	42.02
104	14913	3	24.97
115	2373	6	35.56
206	2461	4	36.97
237	14	28	4.87
4925	8	5	42.89
119	3594	3	17.05
466	102	8	5.64
110	435	9	24.11
2697	111	3	13.39
101	4204	3	9.26
104	1990	6	23.51
101	282	23	25.68
102	3578	4	13.72
484	234	4	23.87
123	101	381	868.25
2127	12	4	5.3
382	226	6	36.21
1974	116	3	12.6
421	427	6	49.99
101	8039	4	24
15337	12	3	18.6
4302	180	3	27.92
101	1438	5	9.37
10970	101	3	17.27
1950	122	3	13.55
121	580	3	5.88
150	749	7	40.91
45	13	8	15.58
134	14	164	58.35
5475	12	3	8.47
101	9894	3	17.27
146	102	56	16.38
6464	14	3	8.3
136	1694	4	23.44
197	1624	7	65.48
4916	103	3	12.41
609	109	3	4.19
117	4248	3	18.11
807	216	4	27.62
113	1766	4	17.07
223	5252	7	91.46
540	385	3	21.62
1658	104	3	6.31
194	1165	3	20.38
196	363	4	18.37
195	239	6	24.64
108	2760	3	13.28
3385	135	3	20.24
3575	14	3	4.5
790	113	3	6.33
101	3371	3	7.76
59	929	6	29.49
158	12	148	196.21
3212	102	3	7.59
186	195	16	82.05
514	189	3	14.44
122	919	5	19.79
151	143	8	6.43
150	533	3	10.07
241	135	4	5.23
275	158	3	6.49
156	2659	3	21.84
2707	101	5	16.25
102	1166	12	39.22
285	118	22	82.26
2319	114	3	12.87
101	1076	7	13.55
105	1569	7	31.35
102	1941	12	53.97
5860	14	5	18.78
273	1634	4	37.14
3408	114	3	15.45
163	255	6	20.24
205	5825	3	31.69
495	252	5	33.77
143	362	5	15.14
202	3044	4	38.81
296	121	4	3.96
140	335	27	162.95
228	130	14	43.19
109	372	10	23.82
379	121	12	42.28
132	152	8	4.41
7413	12	3	10.56
143	1263	5	29.63
529	108	8	22.21
4496	14	3	5.99
1814	16	3	13.09
134	182	8	12.4
111	531	17	75.22
101	805	5	4.41
102	4102	4	15.25
896	106	3	6.13
101	6349	5	27.92
3931	14	5	13.51
12	129	121	16.24
154	213	13	49.59
2832	107	4	20.08
813	106	3	5.62
3426	14	5	11.79
1376	103	4	7.65
2403	101	3	5.73
5256	14	4	11.42
725	113	5	14.38
102	1103	6	10.64
101	1139	5	7.34
2352	101	3	5.73
2418	14	9	25.96
1421	12	7	10.95
2337	14	8	19.99
120	1833	6	34.33
348	108	13	34.99
108	7228	4	30.92
109	136	100	254.92
2773	45	3	24.82
268	701	12	115.94
1176	118	4	15.24
2382	59	3	16.62
115	414	42	250.75
6022	103	5	31.08
101	9392	4	28.95
1318	931	3	34.18
1078	101	20	83.22
223	117	6	4.62
4376	12	3	7.03
3653	103	3	9.98
1613	14	13	35.33
7454	14	3	9.43
120	976	3	9.05
113	1266	5	20.23
558	110	9	29.05
139	966	4	18.8
1113	14	11	17.63
109	101	394	472.9
629	287	3	20.03
793	127	10	56.31
551	974	5	52.87
6491	14	4	14
1161	101	4	4.6
121	259	6	7.73
102	1058	9	22
101	1987	6	17.42
122	686	63	597.16
625	109	7	20.4
1599	380	4	40.84
361	132	5	13.13
122	6228	6	57.62
1075	9	4	17.38
345	177	3	10.32
435	104	6	5.14
370	796	5	45.42
113	3955	4	24.53
1481	109	3	9.31
163	220	9	32.6
134	199	7	11.14
5097	12	3	7.69
1961	14	6	9.42
116	588	3	5.37
397	706	3	23.97
177	132	6	5.33
123	201	10	17.22
245	284	3	12.41
155	3475	4	34.61
604	262	8	67.03
102	2210	5	13.93
103	119	106	36.43
449	680	3	24.59
954	14	9	9.18
1292	107	6	25
305	153	10	43.28
362	145	3	6.46
5261	12	3	7.69
130	396	4	9.78
12	4647	7	31.46
102	7556	4	21.77
6646	14	4	14
414	109	5	7.37
102	3627	3	8.45
105	1747	9	47.48
241	102	26	25.41
102	3291	4	13.07
129	105	198	593.23
111	9892	4	39.18
8189	8	3	26.42
6493	12	3	9.41
787	113	3	6.25
961	16	4	14.53
760	118	62	599.51
101	753	9	15.2
189	886	3	18.09
102	5615	4	18.42
252	113	13	26.48
253	498	7	52.34
2640	107	3	12.84
4122	14	3	5.43
5570	6303	7	164.49
359	135	8	29.01
3100	104	3	10.33
16	260	21	75.96
103	3133	3	9.09
631	12	19	33.56
1034	182	4	27.18
122	8562	4	37.24
107	3217	3	13.99
324	517	5	38.18
132	407	12	56.02
143	4003	3	22.14
466	120	6	16.29
1421	168	3	19.09
119	742	7	27.71
1127	105	3	6.36
139	197	7	11.93
504	152	3	10.01
109	184	34	83.4
141	108	71	141.61
104	495	6	6.48
158	168	8	17.05
480	158	6	29.63
214	129	7	10.86
556	210	3	16.04
243	283	3	12.15
124	2075	15	135.78
101	8024	3	15.09
102	7156	4	21.77
105	957	8	29.38
103	203	38	56.15
102	2180	3	5.44
450	189	3	13.57
104	6104	3	15.53
456	12	14	9.81
2486	101	3	6.01
134	1512	3	14.64
137	403	3	6.7
8814	14	4	18.33
3702	114	5	32.53
289	2106	3	28.19
2620	12829	3	61.94
146	1843	3	17.41
118	397	5	9.64
1959	12	4	4.75
146	120	31	48.16
571	121	3	5.72
111	2188	6	33.23
3840	101	3	8.71
2203	409	4	44.8
1724	183	4	31.89
318	114	12	30.15
2415	125	3	16.46
108	4192	3	16.13
108	6892	4	30.92
345	117	8	18.9
114	1185	4	13.9
112	142	37	41.67
110	171	12	7.96
288	275	3	13.55
8397	6893	4	89.28
499	104	5	4.17
105	917	6	17.94
8382	8	3	26.42
177	188	3	4.89
102	770	19	61.79
788	116	11	53.72
1018	14	11	15.95
102	6154	5	28.36
102	3550	3	8.45
3567	10183	3	59.62
124	358	110	996.08
123	1538	3	13.18
9	606	4	12.35
994	109	4	11.44
104	1165	14	63.96
12	611	29	74.4
253	1729	4	36.71
118	1830	3	12.35
301	104	12	12.96
1340	112	4	14.45
2420	12	5	9.89
374	104	10	13.23
169	297	3	8.5
113	627	3	4.97
120	4034	3	18.55
330	3037	3	31.83
140	511	4	13.31
147	1373	3	15.65
647	452	3	24.26
162	117	20	28.85
5102	148	3	25.07
108	7130	5	42.77
2233	125	6	40.82
1100	1519	3	36.21
120	2888	4	23.94
263	1574	4	36.41
806	101	6	6.9
106	8955	3	22.04
241	465	4	23.98
3910	12	4	10.26
111	9917	3	24.9
112	11639	3	29.48
823	14	13	17.31
129	2611	3	17.55
102	3308	6	25.25
189	201	3	6.4
12	159	63	16.58
102	5948	3	12.62
485	119	28	162.73
142	10138	4	47.02
659	132	9	47.22
8	1141	16	120.26
336	14	20	7.75
359	102	19	27.8
1596	217	10	104.98
355	14	47	84.7
252	153	3	4.83
494	129	5	16.02
232	682	3	18.57
917	106	5	15.22
164	135	10	13.88
108	498	12	41.16
10368	8373	3	66.94
671	343	10	99.31
5780	14	5	18.78
231	1034	12	121.13
3328	109	3	14.56
146	643	3	10.71
107	1608	6	27.57
111	1051	4	12.3
225	189	3	7.49
287	150	11	46.77
1306	152	5	32.39
223	105	9	5.01
265	195	6	26.87
155	1823	9	79.65
669	130	6	26.33
102	2499	6	20.93
213	995	15	153.42
121	276	18	60.7
2316	14	4	4.69
102	1043	14	46.38
1271	12	5	4.26
101	2216	4	9.07
101	7184	3	13.56
121	1413	3	11.23
149	2601	4	29.94
124	211	12	27.4
1943	12	7	15.41
102	5664	3	11.65
248	249	5	23.44
146	189	9	20.95
113	5087	5	37.31
110	111	41	4.86
108	1397	7	32.85
537	105	11	32.45
509	143	4	13.79
1183	144	3	14.25
165	146	54	268.35
2176	101	5	13.53
3197	14	5	11.06
748	16	10	49.13
5639	122	3	21.14
906	316	3	23.31
120	4870	3	19.96
332	135	4	8.57
1311	155	4	25.39
139	682	4	15.7
3700	14	6	17.67
175	370	3	10.79
1250	582	3	30.58
119	6602	3	21.47
4138	14	4	9.59
101	2654	7	27.21
154	607	3	11.72
102	1993	4	8.71
104	1203	11	44.82
101	1072	31	167.17
2114	12	6	12.36
4777	262	4	47.86
129	410	25	150.64
101	252	31	40.63
102	1107	6	10.64
130	1278	10	69.98
101	1698	12	48.45
105	187	18	18.91
8	1662	7	44.91
211	526	5	31.34
102	2197	5	13.93
128	194	6	6.49
4402	109	4	25.21
101	1405	5	9.11
9394	57	3	29.22
102	1149	19	81.42
600	167	4	20.3
9	2332	3	16.08
393	577	4	32.31
239	177	3	7.11
864	107	4	10.07
101	1362	27	155.48
2404	293	3	29.25
242	365	6	36.91
104	541	40	198.43
3547	8	9	83.41
1912	102	4	8.12
166	491	4	18.12
7182	102	3	13.81
3945	12	4	10.26
329	1297	3	26.26
108	1097	10	49.22
163	272	7	27.08
11232	14	3	13.03
3391	12	3	5.06
332	102	14	11.55
102	10120	4	29.3
1560	339	4	39.51
59	365	4	8.02
105	463	64	420.89
103	3067	3	9.09
213	282	19	138.22
152	5038	3	25.67
669	107	4	8.08
101	6134	3	12.37
187	185	4	9.18
101	790	17	50.97
101	2904	3	6.98
1840	116	4	18.54
273	1923	3	27.17
524	567	6	57.29
102	5838	3	11.65
12	147	320	667.52
218	1004	3	20.51
119	524	7	21.99
140	558	6	25.68
502	14	15	10.17
200	198	3	6.78
2245	194	4	35.49
10620	14	3	13.03
404	116	4	6.18
132	700	5	20.95
107	7496	3	20.54
410	156	3	9.54
165	385	8	41.9
735	228	5	36.59
120	7396	3	23.07
914	157	3	15.1
110	1381	7	33.28
4734	125	3	21.07
174	101	39	23.41
163	104	25	10.63
222	134	4	4.15
260	157	3	6.04
1690	14	5	5.07
469	134	4	11.8
144	234	4	5.9
115	336	9	19.98
1022	112	11	56.5
1711	104	4	10.81
668	109	4	8.21
486	14	23	28.8
820	116	9	41.34
548	181	4	21.19
278	6092	3	36.04
105	8056	3	20.72
576	169	4	20.39
546	153	4	16.29
131	2778	3	18.43
102	3499	4	13.72
103	1389	6	16.33
133	139	16	16.43
810	110	4	10.13
596	8069	4	64.28
119	1233	4	15.72
168	209	5	12.82
106	2026	3	11
122	12664	3	31.67
540	318	3	19.73
4216	12	4	11.02
1040	9	5	23.54
200	297	3	10.54
101	12754	3	21.71
14087	14	3	17.41
1336	14	8	11.08
629	162	6	34.48
9	228	5	5.45
995	122	4	14.82
523	262	10	84.83
154	295	4	10.64
105	1925	11	66.53
101	2327	4	9.43
220	153	5	10.21
124	325	119	1051.09
2826	144	3	19.89
3574	113	6	41.7
1175	114	26	203.22
16	165	39	113.43
3241	113	3	14.93
176	119	54	201.73
304	138	3	4.55
125	682	4	13.44
455	113	5	9.53
155	245	26	152.58
101	3051	8	37.56
9	247	18	64.37
4902	104	3	13.7
2626	101	3	6.31
176	2628	3	24.21
581	12	9	4.52
101	2088	3	4.99
185	4354	4	40.5
783	125	4	14.62
212	528	4	23.27
2156	104	3	8.04
2914	57	8	67.8
114	108	76	56.53
101	10234	3	17.27
143	1405	5	30.77
147	879	5	26.43
344	161	3	8.68
109	258	10	14.46
2679	14	6	13.27
1244	16	4	16.61
12	9215	3	14.19
268	500	5	34.82
3230	234	4	41.14
118	286	5	5.64
2601	284	3	29.65
107	291	39	166.83
606	108	3	4.11
122	274	5	6.06
281	175	4	13.4
315	148	3	5.94
632	113	3	5.02
127	632	3	8.23
158	1	3	4.42
102	6248	3	12.62
724	138	3	10.55
122	1046	3	9.69
546	113	4	7.46
730	106	6	17.43
101	948	5	5.82
2973	101	6	22.8
3998	14	6	18.87
149	498	4	14.98
182	129	6	5.4
107	597	13	52.1
195	160	7	18.99
117	205	14	25.19
14719	14	3	17.41
15224	14	3	17.41
167	995	4	24.86
3090	122	3	16.78
7696	170	3	33.27
1455	12	15	48.09
6974	737	3	45.08
201	1526	3	22.23
288	182	3	9.38
11488	218	3	43.14
149	4777	5	48.84
454	326	7	56.28
3579	8	9	83.41
548	139	7	31.73
130	541	5	17.54
2225	118	4	20.56
102	3747	11	73.75
101	6752	3	13.56
3419	252	7	84.96
850	104	4	5.66
8	939	6	29.21
125	21	13	15.09
245	147	5	10.61
724	199	5	34.06
150	439	3	8.83
104	352	26	74.36
12	3904	11	61.41
102	4569	4	16.15
102	7043	3	13.81
101	8167	5	36.19
446	147	4	13.25
101	5790	3	11.4
128	223	5	5.69
101	1565	5	10.21
102	2291	4	9.74
358	104	11	14.95
722	114	14	69.18
288	14	52	72.99
230	1724	7	70.72
119	3160	5	32.66
204	424	4	20.62
114	629	3	5.02
403	14	22	18.8
11320	1629	4	78.36
1309	1433	3	36.89
3484	12868	3	64.12
173	2207	4	32.91
172	116	11	9.57
102	11662	3	21.98
116	1244	3	9.82
645	218	21	209.77
108	903	5	15.29
133	8319	3	27.63
825	9	31	257.43
479	107	6	12.12
104	2627	6	27.4
101	2002	12	54.25
190	408	3	13
1715	477	3	30.98
12	6683	3	9.41
101	6311	3	12.37
319	116	5	6.39
672	112	5	13.07
143	334	9	35.48
118	236	13	27.88
116	1548	3	11.12
743	1102	5	57.91
1002	14	14	26.03
141	239	6	12.31
110	761	5	14.02
115	527	10	35.13
120	1483	3	11.57
1958	139	3	16.82
135	153	8	5.17
3505	5898	3	53.53
137	265	8	22.78
108	4888	3	17.53
107	6625	3	19.31
2478	107	3	12.5
101	12832	3	21.71
370	180	16	113.61
139	296	5	11.62
2516	134	4	26.62
112	830	9	38.18
102	10995	3	17.53
147	118	22	20.43
234	409	3	15.11
117	3669	3	16.98
120	1656	4	18.52
1553	120	3	11.75
1130	113	11	60.17
16	115	137	334.46
3004	14	4	6.58
493	155	3	10.72
7820	12	3	12.05
101	7882	3	15.09
127	121	69	150.1
121	202	11	16.41
989	128	3	11.26
1431	106	3	8.96
101	6332	3	12.37
155	324	8	34.79
105	1121	3	6.36
188	354	4	17.52
102	1746	5	11.55
312	173	3	9.16
102	1611	13	54.01
101	431	30	81.24
701	130	3	9.44
12	299	71	174.63
4361	218	10	143.98
8798	14	3	10.91
411	125	4	9.11
1033	180	19	193.54
328	129	5	11.08
114	415	6	12.16
113	283	5	4.15
102	8864	3	15.35
10677	12	3	14.19
122	12428	3	31.67
288	138	5	11.19
3165	14	9	32.73
969	113	3	7.63
597	12	36	108
744	118	9	40
979	1810	3	36.51
671	340	6	52.88
510	173	10	68.02
9100	102	4	24.35
57	103	48	4.04
104	1278	13	60.18
105	1394	5	17.61
102	5237	5	24.47
2547	9076	3	54.86
9269	12056	3	73.67
962	121	3	8.95
622	108	3	4.22
1028	144	5	27.38
9752	9797	3	69.17
160	232	6	18.04
105	4992	3	16.08
3125	112	4	22.08
59	285	9	25.22
361	538	18	194.45
123	258	7	13.43
101	6350	5	27.92
130	136	22	30.81
101	810	11	24.1
12	128	109	7.46
184	1283	7	59.77
4742	14	7	28.75
9	130	20	16.79
125	512	9	38.72
306	108	7	8.84
122	6252	6	57.62
385	108	6	9.56
5653	104	3	14.54
664	2031	3	34.58
127	2414	5	33.46
1335	12	7	10.27
440	914	4	37.55
1586	720	3	33.52
978	125	7	37.11
110	2328	4	18.84
3047	9	4	26.91
115	623	4	8.64
199	1875	4	33.8
116	322	6	9.57
119	1950	3	12.89
5682	14	4	12.58
1363	1399	3	37.04
137	158	11	15.63
800	12	11	14.35
855	106	3	5.87
872	12500	3	54.55
1825	103	4	9.76
1123	1364	8	112.89
117	782	5	16.81
143	59	11	5.13
7273	14010	3	69.85
226	456	14	116
5351	101	3	11.4
2562	14	4	5.35
102	2250	6	19.61
1531	12	8	15.82
420	215	15	120.84
186	194	3	5.96
3240	104	3	10.33
176	1996	3	22.36
8	977	45	461.02
1328	125	7	41.9
101	243	26	24.3
102	1161	12	39.22
129	469	4	10.72
101	1077	4	4.05
155	384	4	14.11
12	4671	4	11.89
305	120	8	17.17
2050	12	6	11.86
994	197	4	28.2
200	415	3	13.42
399	16	3	3.96
5887	14	3	7.39
266	163	3	6.7
983	12	9	12.14
204	838	3	18.55
113	143	95	277.18
114	533	3	4.06
1223	103	5	10.62
102	11191	3	17.53
324	1624	4	39.16
109	396	12	35.1
106	1011	4	11.21
230	870	3	20.22
619	122	3	6.49
1285	104	3	5.08
5785	106	4	27.29
191	137	6	8.27
107	2035	7	38.53
7554	9	6	66.34
565	119	3	5.35
775	14	10	8.01
115	212	17	33.73
39	131	11	17.63
145	501	4	13.82
132	119	205	904.64
177	139	9	15.28
584	114	5	12.1
728	101	6	5.83
3573	161	3	24.65
103	4415	6	33.95
12	5275	3	7.69
448	246	9	68.9
763	110	5	14.02
623	2271	3	34.92
85	270	3	5.1
12	4646	3	7.03
102	3821	5	20.69
630	1441	3	31.92
104	1223	5	12.57
101	1052	14	45.24
4597	12	3	7.03
238	748	3	19.47
3306	103	4	15.15
341	147	4	10.52
241	101	15	4.06
111	1071	3	7.85
108	3840	4	23.38
449	12505	3	49.91
1282	123	3	12.15
838	218	12	112.87
169	239	3	6.6
3683	12	5	14.41
235	119	21	63.6
2412	155	3	21.12
192	233	6	24.05
112	649	3	4.91
132	691	19	132.59
135	287	3	3.92
133	2668	4	26.83
223	116	7	6.48
376	137	4	10.17
164	153	8	13.29
139	109	24	9.86
917	124	3	10.2
119	840	4	12.56
120	969	9	46.99
909	137	3	11.88
2603	2	3	13.63
6534	14	3	8.3
201	527	4	22.4
1557	110	6	28.06
111	1404	3	9.39
13	190	9	22.21
101	7196	4	21.42
101	470	30	88.18
12	110	282	62.5
59	2092	3	15.74
101	845	7	10.32
130	101	200	295.74
5011	240	3	32.65
238	306	4	19.05
1646	102	6	15.18
2674	12	4	7.02
1049	101	5	6.45
3375	161	5	46.23
1061	104	4	7.28
461	123	3	5.77
270	114	8	11.54
2666	106	3	12.77
1638	112	3	10.38
568	152	3	10.84
445	348	3	19.43
3948	114	4	24.63
255	215	3	10.07
1178	12	6	6.07
2209	14	7	14.8
1547	12	8	15.82
108	771	8	29.01
111	5602	3	18.87
119	1192	8	42.54
366	121	4	5.86
3461	114	11	94.95
14437	14	3	17.41
1697	12	5	6.55
205	379	4	19.38
2414	1422	3	40.78
112	362	27	119.13
2	238	11	17.03
112	8784	3	22.78
999	12	7	6.87
687	106	10	37.72
16	235	14	34.87
212	3143	4	39.64
245	515	11	92.64
116	10890	3	26.2
102	2707	3	6.86
101	1914	9	32.53
102	327	32	68.23
272	138	4	6.9
1263	155	8	61.82
1207	103	4	6.75
250	3163	10	129.63
12	893	26	85.49
102	1617	6	15.18
102	7323	3	13.81
15102	7786	3	71.43
108	1636	5	21.53
39	208	3	5.15
1895	12	8	19.16
5159	14	4	11.42
467	232	3	15.98
3904	101	3	8.71
191	202	7	26.21
799	5451	4	60.9
4624	14	3	5.99
138	321	3	4.86
106	219	9	7.28
371	187	7	39.16
938	5784	3	44.52
143	440	19	118.05
4221	14	5	14.54
232	173	7	26.68
120	451	3	4.44
1726	113	3	11.06
530	2283	7	92.5
2407	14	5	8.22
1785	461	3	31.28
320	187	10	58.23
5677	110	3	18.76
3368	14	3	4.11
303	105	16	35.8
2975	234	3	28.46
283	12	19	4.92
156	301	3	6.95
1952	1577	4	56.1
392	12	38	78.16
339	106	15	42.44
305	189	3	10.29
85	316	3	6.16
396	278	3	16.53
5732	14	3	7.39
4356	9	3	21
153	129	23	45.06
893	12	7	5.54
447	361	3	19.76
186	16	12	17.76
12	5209	4	12.89
4745	110	3	17.16
239	116	6	5.4
552	259	3	18.22
1615	104	3	6.31
3667	12	5	14.41
102	1207	12	39.85
102	3573	3	8.45
1058	109	4	11.9
1798	740	3	34.57
245	262	3	11.74
123	102	203	252.21
514	153	3	10.18
604	284	5	38.16
158	45	6	11.8
893	137	8	47.3
101	5918	4	19.56
243	295	3	12.56
134	104	47	16.31
165	892	5	31.42
111	2168	4	18.58
920	114	11	55.02
110	5183	3	17.9
1157	14	12	22.24
146	101	83	56.53
117	1396	3	10.8
111	4428	3	17.27
609	110	3	4.45
2089	14	6	10.34
531	326	5	38.43
201	336	10	62.76
296	21	4	11.15
1978	8455	3	53.35
107	380	7	12.47
106	256	8	8.32
1658	14	5	4.81
122	13922	3	31.67
2097	109	4	17.62
1477	107	5	20.41
102	2742	4	11.43
105	2379	4	16.87
102	1016	17	62.95
103	641	7	10.11
212	624	4	24.89
123	396	6	16.9
2111	123	4	22.7
628	393	6	54.63
207	934	4	28.1
102	3303	3	8
101	2189	6	18.52
131	732	6	27.86
189	162	5	10.36
102	5627	3	11.65
957	109	6	21.41
104	3398	7	39.08
103	3770	3	10.49
219	378	4	20.52
10791	14	3	13.03
1972	14	7	13.02
111	4149	3	16.61
112	1280	13	79.34
118	114	107	188.74
115	1285	3	9.39
4767	12	3	7.03
113	1316	9	48.67
119	594	3	5.73
9120	125	3	26.52
2629	113	4	20.82
137	123	19	17.08
197	547	3	15.22
2414	1377	3	40.61
2687	125	3	17.13
113	3124	3	14.93
105	8610	3	20.72
115	669	4	9.33
614	117	6	19.1
114	297	13	32.62
265	107	7	6.65
1993	104	3	7.54
119	862	3	7.91
949	14	7	4.63
106	119	495	2196.58
111	6041	3	19.88
172	132	6	5.11
295	2348	3	29.3
651	122	4	11.15
224	14	73	88.87
2266	103	3	7.11
439	102	10	8.99
2236	5059	3	49.18
570	402	4	32.36
2	662	4	8.93
1281	107	5	18.97
102	4887	4	17.2
160	220	3	4.83
2667	16	5	31.67
122	2747	3	15.97
4933	954	3	43.77
102	639	29	107.88
186	223	4	11.53
7342	14	4	15.8
253	4398	3	32.52
101	5468	3	11.4
105	1693	5	19.53
21	57	16	25.68
158	4134	3	25.42
105	4044	7	49.63
85	2831	3	20.97
148	117	31	47.5
125	209	12	27.46
1603	124	3	13.58
488	134	4	12.18
16	1295	4	17.02
482	167	10	63.78
105	1414	3	7.6
155	542	12	78.66
114	198	8	5.28
171	145	19	59.8
2175	103	5	16.47
119	3409	3	16.56
113	4810	4	27.4
116	112	38	9.43
236	396	3	14.92
119	406	10	32.73
115	1982	5	25.53
6271	132	4	36.13
255	116	7	9.16
137	253	5	9.38
198	339	3	11.7
140	685	3	10.29
142	421	3	7.19
218	117	7	6.67
104	1495	8	30.82
102	1758	6	16
6925	101	3	13.56
302	2794	6	70.78
238	114	6	4.3
8	7109	5	49.83
2117	102	4	9.04
8642	12	3	12.05
148	380	7	28.63
340	157	5	18.38
282	139	5	10.92
601	104	5	5.83
9131	12	3	12.05
104	101	1620	4242.57
1165	109	9	43.68
152	107	19	9.64
101	2298	13	66.63
3341	104	4	16.86
353	108	8	14.93
115	9366	3	25.41
241	553	5	34.17
338	108	5	5.11
389	103	7	4.19
10835	1473	4	77.54
1331	111	3	9.07
101	3105	3	7.35
101	625	17	41.69
1107	343	3	25.57
102	1805	7	21.42
105	4496	4	23.22
102	6761	3	13.81
1911	12	5	7.48
159	120	16	18.49
491	121	6	16.98
85	1331	4	23.8
16	133	64	152.58
365	1867	4	41.85
126	2522	4	24.94
104	136	232	686.74
3251	9	4	27.55
102	902	10	23.1
105	502	7	14.01
5175	14	4	11.42
496	4058	6	86.17
877	12	13	23.02
5748	14	3	7.39
508	210	3	15.46
147	138	38	112.84
115	808	5	15.7
2882	101	8	36.16
115	1142	4	13.79
231	146	6	13.59
331	12	37	55.5
227	143	4	5.41
10226	109	3	24.44
255	150	3	4.72
344	12	19	11.15
4222	101	3	9.26
1389	103	8	26.45
12	7622	5	25.68
59	338	6	15.22
159	690	3	13.53
104	372	20	49.86
101	1776	5	11.17
12	1916	6	10.95
1415	125	5	26.92
1799	319	3	27.93
152	362	5	17.46
1297	489	3	29.5
417	2111	3	31.46
1375	118	7	37
156	194	5	9.71
103	1615	4	8.97
17	120	3	8.33
2530	14	13	52.44
1867	113	4	17.68
1031	6324	3	46.03
149	771	7	41.08
105	1710	9	46.74
130	2992	5	36.98
143	6463	3	26.05
119	180	11	11.64
3229	14	5	11.06
1191	103	4	6.75
228	322	8	48.8
174	189	3	4.9
102	12858	3	21.98
5855	14	4	12.58
5843	102	3	11.65
135	367	4	9.59
111	461	30	160.41
1692	103	4	9.22
403	118	6	13.69
329	489	4	28.49
679	12	11	11.12
117	10768	3	26.42
102	3504	4	13.72
8	870	6	28.11
7817	134	3	27.84
156	145	6	4.08
101	968	6	8.93
281	156	9	37.56
126	685	4	13.6
117	9675	4	41.21
1675	101	14	61.99
178	468	5	26.28
624	112	3	4.73
151	253	4	8.27
3099	103	3	9.09
1283	122	3	11.04
132	4993	3	22.84
2483	113	4	20.35
108	1858	3	10.67
288	164	4	12.04
134	289	5	10.59
107	1895	6	29.86
111	383	10	25.97
1077	104	4	7.43
347	21	3	8.14
114	386	6	11.11
120	1109	4	15.25
116	650	4	9.89
300	2510	3	29.77
595	104	5	5.75
1149	109	7	29.88
138	107	27	13.81
109	839	3	6.03
1215	169	4	27.04
1584	14	8	13.63
111	7994	5	48.97
2988	118	5	31.77
1784	122	3	12.86
2923	1232	11	191.09
1345	1791	5	70.28
103	826	12	35.96
104	201	14	5.43
2770	103	3	8.33
383	334	4	26.16
102	4417	3	10.12
122	2937	6	42.28
16	206	18	44.75
965	14	8	6.75
2885	1484	6	95.55
122	496	13	58.12
105	732	4	7.26
102	5576	3	11.65
12	1050	6	4.9
102	3963	4	14.44
3520	12	4	9.58
13	305	7	24.06
122	7821	5	52.79
6651	14	4	14
105	1882	3	9.3
220	102	17	4.62
4811	3723	3	53.21
104	3994	4	18.27
101	2368	3	5.73
415	112	8	19.46
383	1624	3	29.07
1248	109	8	38.07
3286	108	3	14.52
107	4231	6	42.55
162	1004	12	100.34
1272	14	14	33.17
268	480	7	52.84
120	2647	6	39.92
115	1224	3	9.1
1387	334	3	26.93
3843	103	3	10.49
142	2074	6	44.22
147	199	13	40.77
113	488	5	10.18
946	110	8	34.08
192	139	11	26.65
1119	122	3	10.19
111	947	17	101.36
747	110	3	5.6
118	329	10	26.5
143	243	11	36.68
3429	114	5	31.62
462	128	3	6.42
109	1087	4	12.07
293	121	4	3.88
5004	14	3	6.63
444	160	13	84.04
2715	112	12	97.44
5205	123	4	31.47
102	8353	3	15.35
169	108	15	11.95
798	8	5	20.6
946	128	3	11.03
235	219	3	9.39
204	103	30	33.52
114	141	76	181.73
159	189	7	18.18
5292	218	7	94.71
2586	142	3	19.12
396	4846	3	37.5
121	148	20	19.67
131	1255	3	13.27
101	2095	4	8.73
12	1723	4	4.04
127	1575	5	28.65
663	12	21	44.06
105	1905	3	9.3
102	3269	3	8
3748	14	4	8.84
238	168	3	6.27
5839	14	4	12.58
101	3056	3	7.35
12	6654	5	22.81
107	7598	3	20.54
191	276	9	48.01
136	1562	4	22.88
224	182	3	6.96
4213	109	3	16.16
133	351	3	5.16
4656	14	3	5.99
3103	12522	3	63.15
2852	14	6	13.99
620	2295	3	34.92
1820	12	10	27.97
107	785	26	161.97
111	1245	6	25.46
3567	3527	3	50.07
174	120	14	19.41
268	237	4	17.44
231	459	4	23.46
417	456	6	50.86
13566	103	3	23.63
13	787	4	18.74
124	2133	4	22.99
8	910	5	22.11
122	1372	7	38.74
122	8104	4	37.24
873	105	9	33.21
550	138	4	13.73
101	59	82	15.82
102	1237	7	15.9
2905	104	6	29.09
5227	14	3	6.63
12	3805	3	5.93
155	1133	3	16.35
59	227	8	15.07
5666	14	5	18.78
16	617	3	6.5
3400	14	4	7.59
384	106	5	6.32
154	1228	4	24.22
